{"type":"FeatureCollection","features":[{"type":"Feature","properties":{"type":"mixed","acres":124.62249193350065,"family1_treatment":"hearing","family2_treatment":"allowed","family3_treatment":"allowed","family4_treatment":"allowed","name":"Community Business"},"geometry":{"type":"MultiPolygon","coordinates":[[[[-105.085199,39.998336],[-105.085199,39.998719],[-105.085376,39.99872],[-105.085377,39.998335],[-105.085199,39.998336]]],[[[-105.086671,39.998333],[-105.085597,39.998335],[-105.085595,39.99872],[-105.08667,39.998718],[-105.086671,39.998333]]],[[[-105.085599,39.998167],[-105.086672,39.998165],[-105.086674,39.997785],[-105.0856,39.997787],[-105.085599,39.998167]]],[[[-105.087961,39.998715],[-105.087963,39.998331],[-105.086886,39.998332],[-105.086884,39.998717],[-105.087961,39.998715]]],[[[-105.087965,39.997783],[-105.086889,39.997785],[-105.086887,39.998165],[-105.087963,39.998163],[-105.087965,39.997783]]],[[[-105.089254,39.998716],[-105.089253,39.99833],[-105.088178,39.99833],[-105.088176,39.998714],[-105.089254,39.998716]]],[[[-105.089256,39.997782],[-105.08818,39.997783],[-105.088179,39.998163],[-105.089255,39.998163],[-105.089256,39.997782]]],[[[-105.088477,39.982894],[-105.090376,39.982921],[-105.090376,39.982291],[-105.08964,39.982285],[-105.089653,39.981958],[-105.088475,39.981931],[-105.088477,39.982894]]],[[[-105.089304,39.993665],[-105.089463,39.993666],[-105.089459,39.9942],[-105.090346,39.994197],[-105.090385,39.991438],[-105.088978,39.991447],[-105.088954,39.993354],[-105.089297,39.99335],[-105.089304,39.993665]]],[[[-105.088983,39.991271],[-105.090388,39.991274],[-105.090392,39.99053],[-105.090346,39.99053],[-105.090347,39.990242],[-105.088986,39.990241],[-105.088983,39.991271]]],[[[-105.090372,40.000168],[-105.090367,39.999773],[-105.089458,39.999772],[-105.089455,40.000169],[-105.090372,40.000168]]],[[[-105.090361,39.99933],[-105.089462,39.999326],[-105.089459,39.999715],[-105.090366,39.999716],[-105.090361,39.99933]]],[[[-105.089463,39.999158],[-105.090362,39.999161],[-105.090362,39.998768],[-105.089465,39.998768],[-105.089463,39.999158]]],[[[-105.089467,39.998329],[-105.089465,39.998713],[-105.090362,39.998713],[-105.090362,39.998326],[-105.089467,39.998329]]],[[[-105.090362,39.997773],[-105.089469,39.997781],[-105.089468,39.998161],[-105.090362,39.998157],[-105.090362,39.997773]]],[[[-105.089992,39.994751],[-105.09035,39.99475],[-105.090344,39.994356],[-105.08999,39.99436],[-105.089992,39.994751]]],[[[-105.089991,39.994806],[-105.089994,39.99519],[-105.090356,39.995188],[-105.09035,39.994808],[-105.089991,39.994806]]],[[[-105.089998,39.99574],[-105.09036,39.995738],[-105.090356,39.995353],[-105.089994,39.995354],[-105.089998,39.99574]]],[[[-105.090001,39.996184],[-105.090362,39.996182],[-105.090357,39.995793],[-105.089999,39.995796],[-105.090001,39.996184]]],[[[-105.090008,39.996727],[-105.090369,39.996724],[-105.090364,39.996349],[-105.090003,39.99635],[-105.090008,39.996727]]],[[[-105.090003,39.997719],[-105.090362,39.997717],[-105.090362,39.997328],[-105.090004,39.997332],[-105.090003,39.997719]]],[[[-105.090006,39.997166],[-105.090364,39.997162],[-105.090369,39.996779],[-105.090009,39.996782],[-105.090006,39.997166]]],[[[-105.091622,39.994753],[-105.091615,39.994366],[-105.090547,39.994369],[-105.090553,39.994752],[-105.091622,39.994753]]],[[[-105.091092,39.994811],[-105.090554,39.99481],[-105.090568,39.995741],[-105.091104,39.995742],[-105.091092,39.994811]]],[[[-105.091584,39.993292],[-105.091593,39.992394],[-105.090576,39.992413],[-105.09056,39.994208],[-105.091229,39.994204],[-105.09121,39.993294],[-105.091584,39.993292]]],[[[-105.090911,39.995796],[-105.090569,39.995796],[-105.090575,39.996182],[-105.090914,39.99618],[-105.090911,39.995796]]],[[[-105.090913,39.996787],[-105.090584,39.996786],[-105.090578,39.997175],[-105.090909,39.997174],[-105.090913,39.996787]]],[[[-105.090915,39.996345],[-105.090578,39.996346],[-105.090584,39.996731],[-105.090914,39.996731],[-105.090915,39.996345]]],[[[-105.093638,39.989403],[-105.090673,39.989424],[-105.090671,39.990257],[-105.090598,39.990257],[-105.09058,39.992249],[-105.091035,39.992237],[-105.091042,39.99169],[-105.091102,39.99169],[-105.091102,39.991328],[-105.091031,39.99133],[-105.09103,39.990628],[-105.091098,39.990632],[-105.09112,39.990301],[-105.091111,39.990266],[-105.091071,39.990257],[-105.091171,39.990258],[-105.091171,39.990302],[-105.093627,39.990287],[-105.093638,39.989403]]],[[[-105.091146,39.998169],[-105.091145,39.997347],[-105.090597,39.997347],[-105.090599,39.99817],[-105.091146,39.998169]]],[[[-105.091145,39.999145],[-105.091146,39.998337],[-105.090619,39.998338],[-105.090627,39.999134],[-105.091145,39.999145]]],[[[-105.091916,39.999641],[-105.091146,39.999649],[-105.091145,39.999311],[-105.090629,39.999313],[-105.090634,40.000074],[-105.090676,40.000132],[-105.09076,40.000164],[-105.091473,40.000155],[-105.091468,39.999942],[-105.091523,39.999942],[-105.091526,40.000154],[-105.092228,40.000145],[-105.092226,39.999767],[-105.091918,39.999769],[-105.091916,39.999641]]],[[[-105.090899,39.987088],[-105.090901,39.987043],[-105.090631,39.987043],[-105.090629,39.987226],[-105.090895,39.987229],[-105.090899,39.987088]]],[[[-105.090899,39.987088],[-105.090972,39.98712],[-105.090968,39.987245],[-105.090687,39.98724],[-105.090673,39.98918],[-105.090717,39.989245],[-105.093958,39.98924],[-105.094101,39.989211],[-105.094202,39.989132],[-105.094232,39.98905],[-105.094194,39.987073],[-105.090899,39.987088]]],[[[-105.093498,39.99964],[-105.092431,39.99959],[-105.092445,40.000144],[-105.093522,40.000135],[-105.093498,39.99964]]],[[[-105.093868,39.971067],[-105.093857,39.971481],[-105.093096,39.971872],[-105.093098,39.972266],[-105.094902,39.972254],[-105.094925,39.971085],[-105.093868,39.971067]]],[[[-105.095395,40.000158],[-105.098179,40.000132],[-105.098172,39.999712],[-105.09475,39.999715],[-105.093603,39.999651],[-105.093626,40.000135],[-105.095395,40.000158]]],[[[-105.099851,39.999213],[-105.098706,39.999218],[-105.098717,39.999691],[-105.098384,39.999691],[-105.098391,40.000132],[-105.099871,40.000126],[-105.099868,40.000038],[-105.101437,40.000044],[-105.10144,39.999384],[-105.099866,39.999351],[-105.099851,39.999213]]],[[[-105.101399,39.985894],[-105.101499,39.986302],[-105.101527,39.986824],[-105.107616,39.986841],[-105.10765,39.986816],[-105.107643,39.986284],[-105.107573,39.985915],[-105.107441,39.985575],[-105.107166,39.985076],[-105.10704,39.984711],[-105.10651,39.984746],[-105.106484,39.984788],[-105.106512,39.984932],[-105.106497,39.98506],[-105.106358,39.985291],[-105.106099,39.985446],[-105.105708,39.985514],[-105.105697,39.985893],[-105.105781,39.986047],[-105.105742,39.986122],[-105.105649,39.986164],[-105.105524,39.986137],[-105.105466,39.986056],[-105.105539,39.98589],[-105.10553,39.98552],[-105.105219,39.985434],[-105.10504,39.985324],[-105.104874,39.98506],[-105.104866,39.984927],[-105.10454,39.9859],[-105.101399,39.985894]]],[[[-105.105124,39.984706],[-105.105046,39.984954],[-105.105069,39.985114],[-105.105188,39.985262],[-105.105373,39.98535],[-105.105893,39.985364],[-105.106022,39.985335],[-105.106238,39.985204],[-105.10634,39.985033],[-105.106345,39.98487],[-105.106277,39.984763],[-105.105746,39.984768],[-105.105176,39.984671],[-105.105124,39.984706]]],[[[-105.106309,39.987338],[-105.106494,39.987339],[-105.107831,39.98821],[-105.107725,39.988003],[-105.107658,39.987779],[-105.107623,39.987176],[-105.106342,39.987172],[-105.106309,39.987197],[-105.106309,39.987338]]],[[[-105.10954,40.001833],[-105.109545,40.001495],[-105.108607,40.001496],[-105.108487,40.001529],[-105.108296,40.001698],[-105.108246,40.001783],[-105.108247,40.002523],[-105.109853,40.002081],[-105.109852,40.001836],[-105.10954,40.001833]]],[[[-105.129879,39.996204],[-105.129997,39.996002],[-105.130158,39.995304],[-105.130247,39.995117],[-105.130286,39.994277],[-105.128368,39.994236],[-105.128368,39.99444],[-105.12812,39.994446],[-105.128116,39.995017],[-105.128163,39.995816],[-105.128205,39.996042],[-105.128419,39.996596],[-105.128792,39.997119],[-105.12927,39.996904],[-105.129362,39.996253],[-105.129879,39.996204]]],[[[-105.131767,39.997914],[-105.132018,39.997978],[-105.13226,39.998353],[-105.132219,39.998452],[-105.130792,39.998985],[-105.131038,39.999391],[-105.131189,39.999769],[-105.131561,40.000016],[-105.133606,39.999967],[-105.133632,39.999916],[-105.133641,39.999562],[-105.133762,39.99903],[-105.133735,39.998971],[-105.133623,39.998944],[-105.133382,39.999036],[-105.133308,39.998876],[-105.133271,39.998861],[-105.132916,39.998955],[-105.132508,39.998953],[-105.132476,39.998978],[-105.132496,39.999007],[-105.132326,39.998979],[-105.132471,39.998894],[-105.132924,39.998892],[-105.133151,39.998838],[-105.133244,39.998776],[-105.132572,39.997726],[-105.132484,39.99772],[-105.132411,39.997664],[-105.131767,39.997914]]],[[[-105.132656,39.997716],[-105.133381,39.998845],[-105.13356,39.998769],[-105.133622,39.998621],[-105.132932,39.997536],[-105.132762,39.997602],[-105.132656,39.997716]]],[[[-105.133861,39.998693],[-105.133757,39.998742],[-105.133759,39.998798],[-105.133797,39.998828],[-105.133874,39.998835],[-105.133923,39.9988],[-105.133931,39.998752],[-105.133861,39.998693]]],[[[-105.133879,39.999113],[-105.133762,39.999615],[-105.133778,39.999985],[-105.133821,39.999985],[-105.133823,39.999644],[-105.133879,39.999113]]]]}},{"type":"Feature","properties":{"type":"nonresidential","acres":482.18486799807636,"family1_treatment":"prohibited","family2_treatment":"prohibited","family3_treatment":"prohibited","family4_treatment":"prohibited","name":"Industrial"},"geometry":{"type":"MultiPolygon","coordinates":[[[[-105.062359,39.982986],[-105.066064,39.983045],[-105.066252,39.981609],[-105.066901,39.9815],[-105.066186,39.980667],[-105.067017,39.980199],[-105.069105,39.980262],[-105.070461,39.98034],[-105.070454,39.980263],[-105.070394,39.980223],[-105.069764,39.980207],[-105.069354,39.980116],[-105.068313,39.979548],[-105.068227,39.979546],[-105.067777,39.979927],[-105.06754,39.980058],[-105.067238,39.980132],[-105.066539,39.980166],[-105.06635,39.980231],[-105.066189,39.980338],[-105.066076,39.98048],[-105.066024,39.980637],[-105.066099,39.981259],[-105.066031,39.981583],[-105.065844,39.981841],[-105.065177,39.982421],[-105.064811,39.982576],[-105.064398,39.982625],[-105.064008,39.982569],[-105.063647,39.982407],[-105.063304,39.982117],[-105.063196,39.981953],[-105.063131,39.981782],[-105.063112,39.981536],[-105.063212,39.981079],[-105.063219,39.980659],[-105.063145,39.980622],[-105.062365,39.98062],[-105.062365,39.98048],[-105.063149,39.980484],[-105.063232,39.980432],[-105.063251,39.978302],[-105.06328,39.978153],[-105.063356,39.978006],[-105.063569,39.977804],[-105.063853,39.97768],[-105.063987,39.977652],[-105.064687,39.977656],[-105.065071,39.97778],[-105.065965,39.97832],[-105.066733,39.97852],[-105.066826,39.978432],[-105.066873,39.9783],[-105.066781,39.977856],[-105.066825,39.977597],[-105.067042,39.977277],[-105.067401,39.977003],[-105.067461,39.976908],[-105.067455,39.976849],[-105.067393,39.976825],[-105.065409,39.976819],[-105.065147,39.976891],[-105.065057,39.976861],[-105.065002,39.976798],[-105.064997,39.976724],[-105.065041,39.976659],[-105.065179,39.976616],[-105.065395,39.976684],[-105.071644,39.976688],[-105.071749,39.976586],[-105.071754,39.975885],[-105.062391,39.975847],[-105.062368,39.979449],[-105.057597,39.979415],[-105.057607,39.982979],[-105.062359,39.982986]],[[-105.05977,39.98087],[-105.05983,39.9809],[-105.05981,39.9816],[-105.05972,39.98178],[-105.05975,39.98194],[-105.05922,39.98206],[-105.05919,39.98197],[-105.05939,39.98165],[-105.05949,39.98158],[-105.05958,39.98141],[-105.05962,39.98114],[-105.05971,39.98089],[-105.05977,39.98087]]],[[[-105.064161,39.977777],[-105.063907,39.977809],[-105.063699,39.977898],[-105.063527,39.978051],[-105.063441,39.97823],[-105.063405,39.980906],[-105.063289,39.98164],[-105.063331,39.981832],[-105.063414,39.98199],[-105.063539,39.982133],[-105.063733,39.982281],[-105.064089,39.982439],[-105.064521,39.982479],[-105.064831,39.982417],[-105.065086,39.982297],[-105.065807,39.981633],[-105.065886,39.98148],[-105.06592,39.981298],[-105.065849,39.980747],[-105.065856,39.980594],[-105.065932,39.9804],[-105.066077,39.980234],[-105.066271,39.98011],[-105.066489,39.980036],[-105.06722,39.979993],[-105.06747,39.97993],[-105.067693,39.979799],[-105.068048,39.979486],[-105.068069,39.979437],[-105.068039,39.979386],[-105.066834,39.97873],[-105.065823,39.978416],[-105.064911,39.977866],[-105.064619,39.977789],[-105.064161,39.977777]]],[[[-105.069351,39.982963],[-105.069176,39.98297],[-105.069058,39.981586],[-105.068772,39.981618],[-105.068302,39.981949],[-105.067938,39.982529],[-105.066899,39.983059],[-105.071715,39.983091],[-105.071769,39.980421],[-105.071719,39.980359],[-105.071538,39.980281],[-105.070675,39.980271],[-105.070638,39.980314],[-105.070634,39.980531],[-105.070577,39.980822],[-105.070396,39.980959],[-105.069602,39.981233],[-105.069492,39.981538],[-105.069233,39.981567],[-105.069351,39.982963]]],[[[-105.071484,39.976847],[-105.067677,39.976831],[-105.067569,39.977058],[-105.067192,39.977347],[-105.066999,39.97761],[-105.066963,39.977849],[-105.067056,39.97829],[-105.06694,39.978601],[-105.068161,39.979292],[-105.068236,39.979302],[-105.068451,39.979123],[-105.068597,39.978747],[-105.068801,39.97849],[-105.069237,39.978201],[-105.069335,39.978178],[-105.069436,39.978202],[-105.069512,39.978288],[-105.069486,39.978394],[-105.069363,39.978454],[-105.069138,39.978435],[-105.068917,39.978588],[-105.06876,39.97879],[-105.068626,39.979161],[-105.068409,39.979407],[-105.06844,39.979452],[-105.069216,39.979895],[-105.069462,39.980001],[-105.069434,39.979405],[-105.070018,39.97805],[-105.070021,39.977682],[-105.071484,39.976847]]],[[[-105.068739,39.988601],[-105.071756,39.988685],[-105.071768,39.988508],[-105.071586,39.988316],[-105.071596,39.986876],[-105.071292,39.986772],[-105.070965,39.986768],[-105.070966,39.986689],[-105.070329,39.986683],[-105.068739,39.988601]]],[[[-105.070505,39.990018],[-105.069409,39.990004],[-105.069405,39.990386],[-105.070502,39.9904],[-105.070505,39.990018]]],[[[-105.07051,39.989584],[-105.069416,39.989574],[-105.06941,39.989957],[-105.070506,39.989972],[-105.07051,39.989584]]],[[[-105.070679,39.99002],[-105.070676,39.990402],[-105.071689,39.990415],[-105.07169,39.990034],[-105.070679,39.99002]]],[[[-105.071691,39.989607],[-105.070682,39.989593],[-105.070679,39.989975],[-105.07169,39.989989],[-105.071691,39.989607]]],[[[-105.07184,39.988187],[-105.071907,39.988188],[-105.071904,39.988702],[-105.071839,39.98884],[-105.071837,39.990998],[-105.074759,39.991022],[-105.075727,39.991745],[-105.075863,39.991752],[-105.075881,39.990362],[-105.07476,39.990344],[-105.074787,39.988167],[-105.07184,39.988187]]],[[[-105.076544,39.97905],[-105.076533,39.978792],[-105.076575,39.978738],[-105.07659,39.978474],[-105.079077,39.975221],[-105.079577,39.974416],[-105.080175,39.973351],[-105.080128,39.973414],[-105.07721,39.974449],[-105.076895,39.975093],[-105.076939,39.975919],[-105.076083,39.976867],[-105.074052,39.97683],[-105.074025,39.97744],[-105.072342,39.977442],[-105.071927,39.977611],[-105.071924,39.978554],[-105.072005,39.978644],[-105.072101,39.978669],[-105.07347,39.978659],[-105.073722,39.97857],[-105.073865,39.978618],[-105.073938,39.978734],[-105.073884,39.978846],[-105.073743,39.978898],[-105.073484,39.978815],[-105.072095,39.97883],[-105.071979,39.978867],[-105.071924,39.978936],[-105.071925,39.979474],[-105.07196,39.979475],[-105.07196,39.98004],[-105.071981,39.980081],[-105.07207,39.980119],[-105.074077,39.980122],[-105.074324,39.980051],[-105.074433,39.980088],[-105.074489,39.98018],[-105.07444,39.980284],[-105.074315,39.980329],[-105.074079,39.980253],[-105.072061,39.980254],[-105.071964,39.980313],[-105.071961,39.980875],[-105.071909,39.980875],[-105.071866,39.985239],[-105.071915,39.985179],[-105.071913,39.986017],[-105.071969,39.986018],[-105.071959,39.986462],[-105.072011,39.986528],[-105.072173,39.986561],[-105.077055,39.986635],[-105.077152,39.983553],[-105.077262,39.983345],[-105.077296,39.983356],[-105.079114,39.980536],[-105.079213,39.980438],[-105.079234,39.980318],[-105.079283,39.980261],[-105.079292,39.979979],[-105.077445,39.980975],[-105.076618,39.9807],[-105.075929,39.981309],[-105.075092,39.980954],[-105.076544,39.97905]]],[[[-105.071954,39.972283],[-105.07195,39.972959],[-105.072039,39.973061],[-105.072138,39.97309],[-105.073941,39.973098],[-105.07413,39.973122],[-105.074354,39.973205],[-105.074526,39.973334],[-105.074617,39.973471],[-105.074652,39.973654],[-105.074608,39.974277],[-105.074493,39.974473],[-105.074307,39.974624],[-105.074004,39.974732],[-105.073316,39.974801],[-105.072505,39.975119],[-105.072064,39.975158],[-105.071957,39.975219],[-105.071932,39.975257],[-105.071928,39.976841],[-105.071953,39.976803],[-105.072921,39.976271],[-105.073525,39.975381],[-105.075957,39.975165],[-105.075922,39.974601],[-105.076478,39.973686],[-105.076501,39.972304],[-105.071954,39.972283]]],[[[-105.073917,39.973259],[-105.072142,39.973253],[-105.071996,39.973303],[-105.071946,39.973371],[-105.071935,39.974887],[-105.071963,39.974929],[-105.072095,39.974995],[-105.072388,39.974985],[-105.073257,39.974645],[-105.073976,39.974579],[-105.074132,39.974531],[-105.074265,39.974449],[-105.074355,39.974349],[-105.07441,39.974216],[-105.07443,39.973567],[-105.074375,39.97346],[-105.074244,39.973348],[-105.074086,39.973282],[-105.073917,39.973259]]],[[[-105.075919,39.993142],[-105.07593,39.993613],[-105.076032,39.993734],[-105.076144,39.993777],[-105.07671,39.993841],[-105.077108,39.99385],[-105.077108,39.99388],[-105.077157,39.993881],[-105.077146,39.99347],[-105.077896,39.993487],[-105.077628,39.993187],[-105.075919,39.993142]]],[[[-105.087067,39.965286],[-105.084724,39.965294],[-105.083793,39.966883],[-105.080749,39.972338],[-105.082641,39.972368],[-105.08284,39.972362],[-105.082855,39.970667],[-105.082936,39.970671],[-105.082946,39.970275],[-105.083013,39.969821],[-105.08317,39.969249],[-105.083398,39.968706],[-105.083668,39.968249],[-105.08403,39.967939],[-105.084006,39.967887],[-105.083851,39.967867],[-105.083773,39.967813],[-105.083747,39.967734],[-105.083784,39.967657],[-105.083906,39.967602],[-105.084032,39.967626],[-105.084103,39.967702],[-105.084103,39.967811],[-105.084188,39.967867],[-105.084491,39.967783],[-105.084779,39.967746],[-105.086015,39.967743],[-105.086392,39.967662],[-105.087005,39.967384],[-105.087089,39.967268],[-105.087067,39.965286]],[[-105.082585,39.972359],[-105.082752,39.972361],[-105.08269,39.972361],[-105.082585,39.972359]]],[[[-105.083158,39.969997],[-105.083115,39.970369],[-105.083117,39.970766],[-105.083147,39.970969],[-105.083234,39.971186],[-105.083398,39.97143],[-105.083632,39.971653],[-105.083892,39.971819],[-105.084191,39.971948],[-105.084943,39.972111],[-105.08582,39.97223],[-105.089803,39.972274],[-105.08986,39.972211],[-105.089872,39.967567],[-105.089766,39.967484],[-105.087587,39.967445],[-105.087078,39.967524],[-105.086485,39.967778],[-105.086173,39.967862],[-105.084772,39.967887],[-105.084321,39.967981],[-105.083969,39.968174],[-105.083747,39.968421],[-105.083372,39.969201],[-105.083158,39.969997]]],[[[-105.085835,39.972397],[-105.08469,39.972227],[-105.084613,39.97226],[-105.084555,39.972383],[-105.085835,39.972397]]],[[[-105.089877,39.965269],[-105.087277,39.965293],[-105.087279,39.967109],[-105.087301,39.967222],[-105.08737,39.967255],[-105.089846,39.96723],[-105.089879,39.967186],[-105.089877,39.965269]]],[[[-105.104732,40.003753],[-105.106246,40.003757],[-105.106304,40.003703],[-105.106286,40.002955],[-105.106215,40.002688],[-105.106078,40.002486],[-105.105384,40.001758],[-105.104565,40.002288],[-105.104571,40.002616],[-105.104734,40.002626],[-105.104732,40.003753]]],[[[-105.105466,40.001592],[-105.106288,40.002465],[-105.106395,40.002627],[-105.106459,40.002797],[-105.106506,40.003757],[-105.106479,40.005383],[-105.106546,40.005488],[-105.106477,40.005649],[-105.107527,40.005652],[-105.107567,40.003831],[-105.10752,40.000342],[-105.106147,40.000346],[-105.106099,40.000438],[-105.106107,40.000788],[-105.105893,40.000845],[-105.106007,40.001081],[-105.106179,40.001229],[-105.105466,40.001592]]]]}},{"type":"Feature","properties":{"type":"overlay_not_affecting_use","acres":173.71904325994828,"family1_treatment":"overlay","family2_treatment":"overlay","family3_treatment":"overlay","family4_treatment":"overlay","name":"Old Town Neighborhood Overlay"},"geometry":{"type":"MultiPolygon","coordinates":[[[[-105.078792,39.996272],[-105.078508,39.994461],[-105.078368,39.993991],[-105.078283,39.99399],[-105.078423,39.994464],[-105.078692,39.996319],[-105.078897,39.996953],[-105.07988,39.999247],[-105.080073,39.99925],[-105.080048,39.99916],[-105.082137,39.999164],[-105.082138,39.999277],[-105.082304,39.99932],[-105.082706,39.999321],[-105.082699,39.99878],[-105.079882,39.998777],[-105.079695,39.998348],[-105.079608,39.998368],[-105.078963,39.996827],[-105.078792,39.996272]]],[[[-105.07916,39.994091],[-105.078592,39.994081],[-105.078704,39.994408],[-105.07939,39.994413],[-105.07916,39.994091]]],[[[-105.078726,39.994462],[-105.078833,39.9952],[-105.079183,39.9952],[-105.079189,39.994467],[-105.078726,39.994462]]],[[[-105.082689,39.995364],[-105.081173,39.995372],[-105.078858,39.995364],[-105.078919,39.995749],[-105.080966,39.995753],[-105.082696,39.995748],[-105.082689,39.995364]]],[[[-105.082671,39.99584],[-105.081658,39.995843],[-105.078934,39.995841],[-105.078995,39.99623],[-105.079165,39.996779],[-105.079344,39.997195],[-105.08273,39.997185],[-105.082719,39.995873],[-105.082671,39.99584]]],[[[-105.079262,39.994468],[-105.079256,39.995201],[-105.079939,39.995203],[-105.079429,39.99447],[-105.079262,39.994468]]],[[[-105.079379,39.994096],[-105.079957,39.994922],[-105.080385,39.994927],[-105.079804,39.994103],[-105.079379,39.994096]]],[[[-105.08268,39.997353],[-105.080916,39.997359],[-105.079413,39.997361],[-105.079572,39.997744],[-105.082685,39.997735],[-105.08268,39.997353]]],[[[-105.082685,39.997768],[-105.080819,39.997796],[-105.079596,39.997801],[-105.079753,39.99818],[-105.082691,39.998171],[-105.082685,39.997768]]],[[[-105.079933,39.998728],[-105.082698,39.998723],[-105.082693,39.99834],[-105.079811,39.998345],[-105.079933,39.998728]]],[[[-105.079884,39.994104],[-105.080652,39.995205],[-105.081078,39.995207],[-105.080331,39.994121],[-105.079884,39.994104]]],[[[-105.080386,39.994928],[-105.079959,39.994923],[-105.080147,39.995203],[-105.080574,39.995204],[-105.080386,39.994928]]],[[[-105.080308,40.00014],[-105.082717,40.000146],[-105.082712,39.999765],[-105.08031,39.999733],[-105.080308,40.00014]]],[[[-105.080416,39.999315],[-105.080414,39.999678],[-105.082711,39.999706],[-105.082706,39.999376],[-105.082141,39.999378],[-105.08214,39.999326],[-105.080416,39.999315]]],[[[-105.081711,39.995203],[-105.081009,39.994149],[-105.080519,39.994126],[-105.081278,39.995208],[-105.081711,39.995203]]],[[[-105.082218,39.995203],[-105.081573,39.994204],[-105.081105,39.994169],[-105.081789,39.995203],[-105.082218,39.995203]]],[[[-105.081499,40.000656],[-105.082564,40.000657],[-105.082565,40.000309],[-105.081491,40.000308],[-105.081499,40.000656]]],[[[-105.081501,40.001036],[-105.082564,40.001038],[-105.082564,40.0007],[-105.0815,40.000698],[-105.081501,40.001036]]],[[[-105.082819,39.9952],[-105.082146,39.994248],[-105.081784,39.994225],[-105.082444,39.995202],[-105.082819,39.9952]]],[[[-105.084146,39.99436],[-105.082481,39.994268],[-105.082236,39.994252],[-105.082629,39.994779],[-105.084132,39.994767],[-105.084146,39.99436]]],[[[-105.083398,39.993706],[-105.083134,39.993707],[-105.08313,39.993761],[-105.082556,39.993761],[-105.08256,39.993709],[-105.08233,39.99371],[-105.082318,39.99405],[-105.083384,39.9941],[-105.083398,39.993706]]],[[[-105.084117,39.995193],[-105.08413,39.994824],[-105.082666,39.994833],[-105.082904,39.9952],[-105.084117,39.995193]]],[[[-105.082776,40.001039],[-105.083842,40.00104],[-105.083847,40.0007],[-105.082777,40.0007],[-105.082776,40.001039]]],[[[-105.083852,40.000309],[-105.082777,40.000309],[-105.082777,40.000657],[-105.083848,40.000658],[-105.083852,40.000309]]],[[[-105.083337,39.995959],[-105.083637,39.996398],[-105.0835,39.996735],[-105.083501,39.996808],[-105.082872,39.996815],[-105.082876,39.997184],[-105.084111,39.997181],[-105.084117,39.995357],[-105.082885,39.995363],[-105.082865,39.995965],[-105.083337,39.995959]]],[[[-105.083244,39.996015],[-105.082865,39.99602],[-105.082872,39.99676],[-105.083359,39.996754],[-105.083412,39.996719],[-105.083526,39.996486],[-105.083538,39.996392],[-105.083321,39.99604],[-105.083244,39.996015]]],[[[-105.084113,39.997348],[-105.082891,39.997352],[-105.082897,39.997737],[-105.084112,39.997733],[-105.084113,39.997348]]],[[[-105.082907,39.998169],[-105.08411,39.998164],[-105.084112,39.997787],[-105.082894,39.997789],[-105.082907,39.998169]]],[[[-105.084109,39.998331],[-105.082905,39.998337],[-105.082911,39.998722],[-105.084107,39.998715],[-105.084109,39.998331]]],[[[-105.084107,39.99877],[-105.082912,39.998777],[-105.082917,39.999161],[-105.084105,39.999154],[-105.084107,39.99877]]],[[[-105.084105,39.999316],[-105.082919,39.999323],[-105.082925,39.999705],[-105.084106,39.999702],[-105.084105,39.999316]]],[[[-105.084108,40.000147],[-105.084106,39.999758],[-105.082926,39.999761],[-105.082928,40.000145],[-105.084108,40.000147]]],[[[-105.089237,39.994163],[-105.089233,39.993771],[-105.083411,39.993761],[-105.083405,39.994166],[-105.086623,39.994332],[-105.087373,39.994337],[-105.087372,39.994365],[-105.087417,39.994364],[-105.088099,39.994293],[-105.08822,39.994246],[-105.088219,39.994305],[-105.089162,39.994195],[-105.089237,39.994163]]],[[[-105.085429,40.00227],[-105.084042,40.00227],[-105.08404,40.002655],[-105.085426,40.002654],[-105.085429,40.00227]]],[[[-105.084044,40.002104],[-105.08543,40.002105],[-105.085429,40.001725],[-105.084047,40.001724],[-105.084044,40.002104]]],[[[-105.08405,40.00129],[-105.084047,40.00167],[-105.085428,40.001671],[-105.085423,40.001291],[-105.08405,40.00129]]],[[[-105.084051,40.001125],[-105.08542,40.001128],[-105.085414,40.000749],[-105.084054,40.000745],[-105.084051,40.001125]]],[[[-105.085407,40.000313],[-105.084057,40.000309],[-105.084055,40.000691],[-105.085413,40.000693],[-105.085407,40.000313]]],[[[-105.085378,39.999759],[-105.084298,39.999757],[-105.084298,40.000148],[-105.085382,40.000149],[-105.085378,39.999759]]],[[[-105.085378,39.999703],[-105.085377,39.999322],[-105.084318,39.999317],[-105.08432,39.999702],[-105.085378,39.999703]]],[[[-105.085376,39.998775],[-105.08432,39.99877],[-105.084318,39.999154],[-105.085376,39.999159],[-105.085376,39.998775]]],[[[-105.085377,39.998335],[-105.084321,39.998331],[-105.08432,39.998715],[-105.085376,39.99872],[-105.085377,39.998335]]],[[[-105.08538,39.997788],[-105.084323,39.997787],[-105.084322,39.998164],[-105.085378,39.998167],[-105.08538,39.997788]]],[[[-105.085381,39.997733],[-105.085382,39.997346],[-105.084325,39.997348],[-105.084324,39.997732],[-105.085381,39.997733]]],[[[-105.085379,39.996793],[-105.084327,39.996794],[-105.084326,39.99718],[-105.085382,39.997178],[-105.085379,39.996793]]],[[[-105.085378,39.996352],[-105.084328,39.996352],[-105.084327,39.996741],[-105.085379,39.99674],[-105.085378,39.996352]]],[[[-105.085376,39.995802],[-105.084512,39.995802],[-105.084329,39.995874],[-105.084328,39.996188],[-105.085378,39.996188],[-105.085376,39.995802]]],[[[-105.085373,39.995358],[-105.08433,39.995357],[-105.084329,39.995803],[-105.08487,39.995587],[-105.08487,39.995742],[-105.085376,39.995742],[-105.085373,39.995358]]],[[[-105.08542,39.994415],[-105.08436,39.994372],[-105.084347,39.994767],[-105.084879,39.994767],[-105.084878,39.9948],[-105.084877,39.994822],[-105.084345,39.994825],[-105.084332,39.995193],[-105.085408,39.995192],[-105.085409,39.994851],[-105.085058,39.994838],[-105.085059,39.994807],[-105.085409,39.994821],[-105.08542,39.994415]]],[[[-105.088008,40.002275],[-105.085544,40.002268],[-105.085542,40.002651],[-105.088011,40.00266],[-105.088008,40.002275]]],[[[-105.087421,39.994499],[-105.08742,39.994476],[-105.087191,39.994458],[-105.086198,39.994463],[-105.085599,39.994429],[-105.08559,39.995192],[-105.086808,39.995192],[-105.086804,39.994814],[-105.087177,39.994668],[-105.087172,39.994754],[-105.087945,39.994755],[-105.08795,39.994478],[-105.087421,39.994499]]],[[[-105.086664,39.995356],[-105.085591,39.995356],[-105.085594,39.995742],[-105.086669,39.995743],[-105.086664,39.995356]]],[[[-105.086669,39.995802],[-105.085595,39.995802],[-105.085596,39.996188],[-105.086671,39.996187],[-105.086669,39.995802]]],[[[-105.086669,39.998773],[-105.085595,39.998775],[-105.085596,39.99916],[-105.086667,39.99916],[-105.086669,39.998773]]],[[[-105.086666,39.999324],[-105.085596,39.999323],[-105.085597,39.999704],[-105.086664,39.999707],[-105.086666,39.999324]]],[[[-105.086671,39.996352],[-105.085597,39.996352],[-105.085599,39.99674],[-105.086672,39.996739],[-105.086671,39.996352]]],[[[-105.086664,39.999763],[-105.085597,39.99976],[-105.085601,40.000149],[-105.086663,40.000151],[-105.086664,39.999763]]],[[[-105.086673,39.996792],[-105.085599,39.996793],[-105.085602,39.997178],[-105.086677,39.997176],[-105.086673,39.996792]]],[[[-105.086675,39.99773],[-105.086677,39.997344],[-105.085602,39.997346],[-105.0856,39.997732],[-105.086675,39.99773]]],[[[-105.08669,40.000317],[-105.085625,40.000314],[-105.08563,40.000694],[-105.086696,40.000697],[-105.08669,40.000317]]],[[[-105.086697,40.000754],[-105.08563,40.00075],[-105.085636,40.001129],[-105.086703,40.001133],[-105.086697,40.000754]]],[[[-105.086705,40.001295],[-105.085638,40.001292],[-105.085643,40.001672],[-105.086712,40.001677],[-105.086705,40.001295]]],[[[-105.086712,40.001731],[-105.085644,40.001726],[-105.08565,40.002105],[-105.086718,40.00211],[-105.086712,40.001731]]],[[[-105.087417,39.999762],[-105.086878,39.999763],[-105.086875,40.000151],[-105.087414,40.000154],[-105.087417,39.999762]]],[[[-105.087059,39.995192],[-105.087945,39.995192],[-105.087945,39.994811],[-105.08706,39.994808],[-105.087059,39.995192]]],[[[-105.08706,39.994808],[-105.086878,39.994869],[-105.086878,39.995192],[-105.087059,39.995192],[-105.08706,39.994808]]],[[[-105.087959,39.999323],[-105.08688,39.999324],[-105.086878,39.999707],[-105.087957,39.999706],[-105.087959,39.999323]]],[[[-105.087946,39.995356],[-105.086879,39.995356],[-105.086884,39.995743],[-105.087952,39.995744],[-105.087946,39.995356]]],[[[-105.087961,39.99877],[-105.086883,39.998772],[-105.086881,39.99916],[-105.08796,39.999158],[-105.087961,39.99877]]],[[[-105.087953,39.995801],[-105.086884,39.995802],[-105.086885,39.996187],[-105.087956,39.996187],[-105.087953,39.995801]]],[[[-105.087957,39.996352],[-105.086886,39.996352],[-105.086887,39.996739],[-105.087961,39.996736],[-105.087957,39.996352]]],[[[-105.087966,39.997174],[-105.087962,39.99679],[-105.086887,39.996792],[-105.086891,39.997176],[-105.087966,39.997174]]],[[[-105.087966,39.997342],[-105.086891,39.997344],[-105.086889,39.99773],[-105.087965,39.997728],[-105.087966,39.997342]]],[[[-105.088,40.001298],[-105.086922,40.001296],[-105.086928,40.001677],[-105.088002,40.001679],[-105.088,40.001298]]],[[[-105.088003,40.001733],[-105.086929,40.001732],[-105.086934,40.002111],[-105.088006,40.002112],[-105.088003,40.001733]]],[[[-105.089235,39.994752],[-105.089239,39.994367],[-105.088721,39.994372],[-105.08816,39.994596],[-105.08816,39.994755],[-105.089235,39.994752]]],[[[-105.089235,39.994807],[-105.08816,39.994809],[-105.08816,39.995192],[-105.089232,39.995192],[-105.089235,39.994807]]],[[[-105.089233,39.995355],[-105.088161,39.995356],[-105.088167,39.995744],[-105.089239,39.995745],[-105.089233,39.995355]]],[[[-105.089245,39.996186],[-105.08924,39.995801],[-105.088168,39.995801],[-105.088172,39.996187],[-105.089245,39.996186]]],[[[-105.089245,39.999771],[-105.088172,39.999763],[-105.088168,40.00016],[-105.089242,40.000167],[-105.089245,39.999771]]],[[[-105.088172,39.999706],[-105.089246,39.999714],[-105.089249,39.999325],[-105.088174,39.999323],[-105.088172,39.999706]]],[[[-105.089247,39.996352],[-105.088173,39.996352],[-105.088177,39.996735],[-105.089253,39.996733],[-105.089247,39.996352]]],[[[-105.089254,39.998716],[-105.088891,39.998714],[-105.088891,39.998769],[-105.088176,39.998769],[-105.088175,39.999158],[-105.08925,39.999158],[-105.089254,39.998716]]],[[[-105.089254,39.996787],[-105.088178,39.996789],[-105.088181,39.997174],[-105.089257,39.997173],[-105.089254,39.996787]]],[[[-105.089257,39.997339],[-105.088182,39.997341],[-105.088181,39.997728],[-105.089256,39.997726],[-105.089257,39.997339]]],[[[-105.089991,39.994806],[-105.089454,39.994806],[-105.08945,39.995192],[-105.089994,39.99519],[-105.089991,39.994806]]],[[[-105.089994,39.995354],[-105.08945,39.995355],[-105.089456,39.995744],[-105.089998,39.99574],[-105.089994,39.995354]]],[[[-105.089999,39.995796],[-105.089457,39.9958],[-105.089462,39.996186],[-105.090001,39.996184],[-105.089999,39.995796]]],[[[-105.090003,39.99635],[-105.089464,39.996351],[-105.089469,39.996732],[-105.090008,39.996727],[-105.090003,39.99635]]],[[[-105.090004,39.997332],[-105.089472,39.997338],[-105.08947,39.997725],[-105.090003,39.997719],[-105.090004,39.997332]]],[[[-105.090009,39.996782],[-105.08947,39.996786],[-105.089473,39.997172],[-105.090006,39.997166],[-105.090009,39.996782]]],[[[-105.090909,39.997174],[-105.091648,39.997173],[-105.091645,39.996786],[-105.090913,39.996787],[-105.090909,39.997174]]],[[[-105.090914,39.99618],[-105.091641,39.996176],[-105.091637,39.995795],[-105.090911,39.995796],[-105.090914,39.99618]]],[[[-105.090914,39.996731],[-105.091645,39.996731],[-105.091642,39.996341],[-105.090915,39.996345],[-105.090914,39.996731]]],[[[-105.091097,39.995194],[-105.091628,39.995196],[-105.091622,39.994811],[-105.091092,39.994811],[-105.091097,39.995194]]],[[[-105.091104,39.995742],[-105.091635,39.995743],[-105.091631,39.995359],[-105.091099,39.995358],[-105.091104,39.995742]]],[[[-105.091169,39.990632],[-105.091174,39.992235],[-105.091559,39.992229],[-105.09153,39.990637],[-105.091169,39.990632]]],[[[-105.091229,39.994204],[-105.091585,39.994202],[-105.091584,39.993292],[-105.09121,39.993294],[-105.091229,39.994204]]],[[[-105.092226,39.999306],[-105.091223,39.999311],[-105.091224,39.999588],[-105.092226,39.999583],[-105.092226,39.999306]]],[[[-105.091749,39.997758],[-105.091748,39.997346],[-105.091223,39.997347],[-105.091224,39.997753],[-105.091749,39.997758]]],[[[-105.091733,39.999144],[-105.09175,39.998336],[-105.091226,39.998337],[-105.091223,39.999145],[-105.091733,39.999144]]],[[[-105.092536,39.992221],[-105.092529,39.990726],[-105.091748,39.990733],[-105.091768,39.992225],[-105.092536,39.992221]]],[[[-105.092298,39.994198],[-105.092306,39.992386],[-105.09181,39.992388],[-105.091795,39.994201],[-105.092298,39.994198]]],[[[-105.093009,39.994361],[-105.091835,39.994365],[-105.09184,39.994752],[-105.093011,39.994747],[-105.093009,39.994361]]],[[[-105.093011,39.994802],[-105.091841,39.994807],[-105.091847,39.995195],[-105.093014,39.995189],[-105.093011,39.994802]]],[[[-105.093016,39.995354],[-105.091848,39.995361],[-105.091852,39.995742],[-105.09302,39.995736],[-105.093016,39.995354]]],[[[-105.09302,39.995788],[-105.091853,39.995796],[-105.091857,39.996175],[-105.093022,39.996177],[-105.09302,39.995788]]],[[[-105.093023,39.996342],[-105.091858,39.99634],[-105.09186,39.996731],[-105.093025,39.996731],[-105.093023,39.996342]]],[[[-105.093025,39.996786],[-105.091861,39.996786],[-105.091863,39.997173],[-105.093028,39.997173],[-105.093025,39.996786]]],[[[-105.093035,39.998759],[-105.091958,39.998764],[-105.09195,39.999142],[-105.093035,39.999135],[-105.093035,39.998759]]],[[[-105.093036,39.99833],[-105.091968,39.998334],[-105.091959,39.998708],[-105.093036,39.998703],[-105.093036,39.99833]]],[[[-105.093033,39.997725],[-105.093029,39.997348],[-105.091966,39.997347],[-105.091967,39.997727],[-105.093033,39.997725]]],[[[-105.092146,39.998169],[-105.093037,39.998165],[-105.093033,39.997781],[-105.092144,39.997783],[-105.092146,39.998169]]],[[[-105.092146,39.998169],[-105.092144,39.997783],[-105.091967,39.997783],[-105.091968,39.998169],[-105.092146,39.998169]]],[[[-105.092868,39.992655],[-105.09287,39.992382],[-105.092375,39.992384],[-105.092375,39.992662],[-105.092574,39.992659],[-105.092868,39.992655]]],[[[-105.092868,39.992655],[-105.092375,39.992662],[-105.092376,39.993208],[-105.092865,39.993208],[-105.092868,39.992655]]],[[[-105.092865,39.993292],[-105.092406,39.993296],[-105.092408,39.994198],[-105.0929,39.994195],[-105.0929,39.993372],[-105.092865,39.993372],[-105.092865,39.993292]]],[[[-105.095634,39.999307],[-105.092425,39.999304],[-105.092431,39.999575],[-105.094714,39.999669],[-105.095641,39.999664],[-105.095634,39.999307]]],[[[-105.092748,39.992219],[-105.093132,39.992217],[-105.093132,39.990721],[-105.092745,39.990725],[-105.092748,39.992219]]],[[[-105.09357,39.994192],[-105.093568,39.993368],[-105.093074,39.993371],[-105.093075,39.994194],[-105.09357,39.994192]]],[[[-105.093569,39.99238],[-105.093079,39.992362],[-105.093079,39.993206],[-105.093571,39.993202],[-105.093569,39.99238]]],[[[-105.093223,39.994747],[-105.094289,39.994745],[-105.094286,39.994359],[-105.09322,39.99436],[-105.093223,39.994747]]],[[[-105.094294,39.995183],[-105.09429,39.9948],[-105.093224,39.994803],[-105.093227,39.995189],[-105.094294,39.995183]]],[[[-105.094295,39.995347],[-105.093229,39.995351],[-105.093233,39.995734],[-105.094297,39.995735],[-105.094295,39.995347]]],[[[-105.094298,39.995789],[-105.093233,39.995789],[-105.093236,39.996177],[-105.094301,39.996177],[-105.094298,39.995789]]],[[[-105.094302,39.996342],[-105.093237,39.996343],[-105.09324,39.996732],[-105.094305,39.99673],[-105.094302,39.996342]]],[[[-105.094305,39.996784],[-105.09324,39.996787],[-105.093243,39.997156],[-105.094308,39.997153],[-105.094305,39.996784]]],[[[-105.09431,39.997345],[-105.093241,39.997348],[-105.093245,39.997724],[-105.094314,39.99772],[-105.09431,39.997345]]],[[[-105.094314,39.997775],[-105.093245,39.99778],[-105.093249,39.998165],[-105.094315,39.99815],[-105.094314,39.997775]]],[[[-105.094328,39.998752],[-105.093249,39.998757],[-105.093248,39.999133],[-105.09434,39.999138],[-105.094328,39.998752]]],[[[-105.094315,39.998312],[-105.093249,39.998328],[-105.093249,39.998701],[-105.094326,39.998695],[-105.094315,39.998312]]],[[[-105.094137,39.9932],[-105.094135,39.992379],[-105.093643,39.992379],[-105.093645,39.993202],[-105.094137,39.9932]]],[[[-105.093643,39.993368],[-105.093644,39.993642],[-105.094136,39.993657],[-105.094134,39.993366],[-105.093643,39.993368]]],[[[-105.095019,39.993505],[-105.094723,39.993505],[-105.094421,39.993504],[-105.094422,39.99419],[-105.095016,39.994186],[-105.095019,39.993505]]],[[[-105.095019,39.993505],[-105.095036,39.992376],[-105.09435,39.992375],[-105.094355,39.993289],[-105.094421,39.993288],[-105.094421,39.993504],[-105.095019,39.993505]]],[[[-105.095564,39.994358],[-105.094499,39.994359],[-105.094503,39.994744],[-105.095564,39.994746],[-105.095564,39.994358]]],[[[-105.095563,39.994804],[-105.094503,39.994798],[-105.094506,39.995183],[-105.095562,39.995187],[-105.095563,39.994804]]],[[[-105.095561,39.995349],[-105.094507,39.995345],[-105.094511,39.995734],[-105.095559,39.995732],[-105.095561,39.995349]]],[[[-105.094511,39.995788],[-105.094514,39.996176],[-105.095565,39.996172],[-105.095559,39.995784],[-105.094511,39.995788]]],[[[-105.095577,39.996725],[-105.095568,39.996337],[-105.094516,39.996341],[-105.094519,39.996729],[-105.095577,39.996725]]],[[[-105.095585,39.99715],[-105.095578,39.996778],[-105.094519,39.996784],[-105.094522,39.997153],[-105.095585,39.99715]]],[[[-105.094528,39.997719],[-105.095599,39.997713],[-105.095587,39.99734],[-105.094523,39.997344],[-105.094528,39.997719]]],[[[-105.0956,39.997767],[-105.094527,39.997772],[-105.094528,39.998146],[-105.09561,39.99815],[-105.0956,39.997767]]],[[[-105.095614,39.998317],[-105.094533,39.998313],[-105.094545,39.998696],[-105.095623,39.998701],[-105.095614,39.998317]]],[[[-105.095624,39.998757],[-105.094547,39.998753],[-105.094558,39.999139],[-105.095634,39.999142],[-105.095624,39.998757]]]]}},{"type":"Feature","properties":{"type":"residential","acres":10.891917073768738,"family1_treatment":"allowed","family2_treatment":"prohibited","family3_treatment":"prohibited","family4_treatment":"prohibited","name":"Agricultural"},"geometry":{"type":"MultiPolygon","coordinates":[[[[-105.110124,40.014034],[-105.109738,40.014105],[-105.109276,40.014103],[-105.108941,40.014035],[-105.108352,40.0138],[-105.108132,40.014138],[-105.10805,40.014446],[-105.108102,40.014446],[-105.108101,40.014477],[-105.110121,40.014481],[-105.110124,40.014034]]],[[[-105.111266,40.007593],[-105.11126,40.00783],[-105.111215,40.008],[-105.11077,40.008715],[-105.110451,40.009698],[-105.111471,40.009912],[-105.111762,40.010063],[-105.11189,40.010271],[-105.111869,40.010536],[-105.111448,40.011122],[-105.111662,40.011293],[-105.111829,40.011492],[-105.112198,40.01149],[-105.112194,40.011174],[-105.112149,40.011174],[-105.112149,40.010768],[-105.112192,40.010768],[-105.112157,40.007594],[-105.111266,40.007593]]]]}},{"type":"Feature","properties":{"type":"mixed","acres":124.62249193350065,"family1_treatment":"hearing","family2_treatment":"allowed","family3_treatment":"allowed","family4_treatment":"allowed","name":"Community Business"},"geometry":{"type":"MultiPolygon","coordinates":[[[[-105.085199,39.998336],[-105.085199,39.998719],[-105.085376,39.99872],[-105.085377,39.998335],[-105.085199,39.998336]]],[[[-105.086671,39.998333],[-105.085597,39.998335],[-105.085595,39.99872],[-105.08667,39.998718],[-105.086671,39.998333]]],[[[-105.085599,39.998167],[-105.086672,39.998165],[-105.086674,39.997785],[-105.0856,39.997787],[-105.085599,39.998167]]],[[[-105.087961,39.998715],[-105.087963,39.998331],[-105.086886,39.998332],[-105.086884,39.998717],[-105.087961,39.998715]]],[[[-105.087965,39.997783],[-105.086889,39.997785],[-105.086887,39.998165],[-105.087963,39.998163],[-105.087965,39.997783]]],[[[-105.089254,39.998716],[-105.089253,39.99833],[-105.088178,39.99833],[-105.088176,39.998714],[-105.089254,39.998716]]],[[[-105.089256,39.997782],[-105.08818,39.997783],[-105.088179,39.998163],[-105.089255,39.998163],[-105.089256,39.997782]]],[[[-105.088477,39.982894],[-105.090376,39.982921],[-105.090376,39.982291],[-105.08964,39.982285],[-105.089653,39.981958],[-105.088475,39.981931],[-105.088477,39.982894]]],[[[-105.089304,39.993665],[-105.089463,39.993666],[-105.089459,39.9942],[-105.090346,39.994197],[-105.090385,39.991438],[-105.088978,39.991447],[-105.088954,39.993354],[-105.089297,39.99335],[-105.089304,39.993665]]],[[[-105.088983,39.991271],[-105.090388,39.991274],[-105.090392,39.99053],[-105.090346,39.99053],[-105.090347,39.990242],[-105.088986,39.990241],[-105.088983,39.991271]]],[[[-105.090372,40.000168],[-105.090367,39.999773],[-105.089458,39.999772],[-105.089455,40.000169],[-105.090372,40.000168]]],[[[-105.090361,39.99933],[-105.089462,39.999326],[-105.089459,39.999715],[-105.090366,39.999716],[-105.090361,39.99933]]],[[[-105.089463,39.999158],[-105.090362,39.999161],[-105.090362,39.998768],[-105.089465,39.998768],[-105.089463,39.999158]]],[[[-105.089467,39.998329],[-105.089465,39.998713],[-105.090362,39.998713],[-105.090362,39.998326],[-105.089467,39.998329]]],[[[-105.090362,39.997773],[-105.089469,39.997781],[-105.089468,39.998161],[-105.090362,39.998157],[-105.090362,39.997773]]],[[[-105.089992,39.994751],[-105.09035,39.99475],[-105.090344,39.994356],[-105.08999,39.99436],[-105.089992,39.994751]]],[[[-105.089991,39.994806],[-105.089994,39.99519],[-105.090356,39.995188],[-105.09035,39.994808],[-105.089991,39.994806]]],[[[-105.089998,39.99574],[-105.09036,39.995738],[-105.090356,39.995353],[-105.089994,39.995354],[-105.089998,39.99574]]],[[[-105.090001,39.996184],[-105.090362,39.996182],[-105.090357,39.995793],[-105.089999,39.995796],[-105.090001,39.996184]]],[[[-105.090008,39.996727],[-105.090369,39.996724],[-105.090364,39.996349],[-105.090003,39.99635],[-105.090008,39.996727]]],[[[-105.090003,39.997719],[-105.090362,39.997717],[-105.090362,39.997328],[-105.090004,39.997332],[-105.090003,39.997719]]],[[[-105.090006,39.997166],[-105.090364,39.997162],[-105.090369,39.996779],[-105.090009,39.996782],[-105.090006,39.997166]]],[[[-105.091622,39.994753],[-105.091615,39.994366],[-105.090547,39.994369],[-105.090553,39.994752],[-105.091622,39.994753]]],[[[-105.091092,39.994811],[-105.090554,39.99481],[-105.090568,39.995741],[-105.091104,39.995742],[-105.091092,39.994811]]],[[[-105.091584,39.993292],[-105.091593,39.992394],[-105.090576,39.992413],[-105.09056,39.994208],[-105.091229,39.994204],[-105.09121,39.993294],[-105.091584,39.993292]]],[[[-105.090911,39.995796],[-105.090569,39.995796],[-105.090575,39.996182],[-105.090914,39.99618],[-105.090911,39.995796]]],[[[-105.090913,39.996787],[-105.090584,39.996786],[-105.090578,39.997175],[-105.090909,39.997174],[-105.090913,39.996787]]],[[[-105.090915,39.996345],[-105.090578,39.996346],[-105.090584,39.996731],[-105.090914,39.996731],[-105.090915,39.996345]]],[[[-105.093638,39.989403],[-105.090673,39.989424],[-105.090671,39.990257],[-105.090598,39.990257],[-105.09058,39.992249],[-105.091035,39.992237],[-105.091042,39.99169],[-105.091102,39.99169],[-105.091102,39.991328],[-105.091031,39.99133],[-105.09103,39.990628],[-105.091098,39.990632],[-105.09112,39.990301],[-105.091111,39.990266],[-105.091071,39.990257],[-105.091171,39.990258],[-105.091171,39.990302],[-105.093627,39.990287],[-105.093638,39.989403]]],[[[-105.091146,39.998169],[-105.091145,39.997347],[-105.090597,39.997347],[-105.090599,39.99817],[-105.091146,39.998169]]],[[[-105.091145,39.999145],[-105.091146,39.998337],[-105.090619,39.998338],[-105.090627,39.999134],[-105.091145,39.999145]]],[[[-105.091916,39.999641],[-105.091146,39.999649],[-105.091145,39.999311],[-105.090629,39.999313],[-105.090634,40.000074],[-105.090676,40.000132],[-105.09076,40.000164],[-105.091473,40.000155],[-105.091468,39.999942],[-105.091523,39.999942],[-105.091526,40.000154],[-105.092228,40.000145],[-105.092226,39.999767],[-105.091918,39.999769],[-105.091916,39.999641]]],[[[-105.090899,39.987088],[-105.090901,39.987043],[-105.090631,39.987043],[-105.090629,39.987226],[-105.090895,39.987229],[-105.090899,39.987088]]],[[[-105.090899,39.987088],[-105.090972,39.98712],[-105.090968,39.987245],[-105.090687,39.98724],[-105.090673,39.98918],[-105.090717,39.989245],[-105.093958,39.98924],[-105.094101,39.989211],[-105.094202,39.989132],[-105.094232,39.98905],[-105.094194,39.987073],[-105.090899,39.987088]]],[[[-105.093498,39.99964],[-105.092431,39.99959],[-105.092445,40.000144],[-105.093522,40.000135],[-105.093498,39.99964]]],[[[-105.093868,39.971067],[-105.093857,39.971481],[-105.093096,39.971872],[-105.093098,39.972266],[-105.094902,39.972254],[-105.094925,39.971085],[-105.093868,39.971067]]],[[[-105.095395,40.000158],[-105.098179,40.000132],[-105.098172,39.999712],[-105.09475,39.999715],[-105.093603,39.999651],[-105.093626,40.000135],[-105.095395,40.000158]]],[[[-105.099851,39.999213],[-105.098706,39.999218],[-105.098717,39.999691],[-105.098384,39.999691],[-105.098391,40.000132],[-105.099871,40.000126],[-105.099868,40.000038],[-105.101437,40.000044],[-105.10144,39.999384],[-105.099866,39.999351],[-105.099851,39.999213]]],[[[-105.101399,39.985894],[-105.101499,39.986302],[-105.101527,39.986824],[-105.107616,39.986841],[-105.10765,39.986816],[-105.107643,39.986284],[-105.107573,39.985915],[-105.107441,39.985575],[-105.107166,39.985076],[-105.10704,39.984711],[-105.10651,39.984746],[-105.106484,39.984788],[-105.106512,39.984932],[-105.106497,39.98506],[-105.106358,39.985291],[-105.106099,39.985446],[-105.105708,39.985514],[-105.105697,39.985893],[-105.105781,39.986047],[-105.105742,39.986122],[-105.105649,39.986164],[-105.105524,39.986137],[-105.105466,39.986056],[-105.105539,39.98589],[-105.10553,39.98552],[-105.105219,39.985434],[-105.10504,39.985324],[-105.104874,39.98506],[-105.104866,39.984927],[-105.10454,39.9859],[-105.101399,39.985894]]],[[[-105.105124,39.984706],[-105.105046,39.984954],[-105.105069,39.985114],[-105.105188,39.985262],[-105.105373,39.98535],[-105.105893,39.985364],[-105.106022,39.985335],[-105.106238,39.985204],[-105.10634,39.985033],[-105.106345,39.98487],[-105.106277,39.984763],[-105.105746,39.984768],[-105.105176,39.984671],[-105.105124,39.984706]]],[[[-105.106309,39.987338],[-105.106494,39.987339],[-105.107831,39.98821],[-105.107725,39.988003],[-105.107658,39.987779],[-105.107623,39.987176],[-105.106342,39.987172],[-105.106309,39.987197],[-105.106309,39.987338]]],[[[-105.10954,40.001833],[-105.109545,40.001495],[-105.108607,40.001496],[-105.108487,40.001529],[-105.108296,40.001698],[-105.108246,40.001783],[-105.108247,40.002523],[-105.109853,40.002081],[-105.109852,40.001836],[-105.10954,40.001833]]],[[[-105.129879,39.996204],[-105.129997,39.996002],[-105.130158,39.995304],[-105.130247,39.995117],[-105.130286,39.994277],[-105.128368,39.994236],[-105.128368,39.99444],[-105.12812,39.994446],[-105.128116,39.995017],[-105.128163,39.995816],[-105.128205,39.996042],[-105.128419,39.996596],[-105.128792,39.997119],[-105.12927,39.996904],[-105.129362,39.996253],[-105.129879,39.996204]]],[[[-105.131767,39.997914],[-105.132018,39.997978],[-105.13226,39.998353],[-105.132219,39.998452],[-105.130792,39.998985],[-105.131038,39.999391],[-105.131189,39.999769],[-105.131561,40.000016],[-105.133606,39.999967],[-105.133632,39.999916],[-105.133641,39.999562],[-105.133762,39.99903],[-105.133735,39.998971],[-105.133623,39.998944],[-105.133382,39.999036],[-105.133308,39.998876],[-105.133271,39.998861],[-105.132916,39.998955],[-105.132508,39.998953],[-105.132476,39.998978],[-105.132496,39.999007],[-105.132326,39.998979],[-105.132471,39.998894],[-105.132924,39.998892],[-105.133151,39.998838],[-105.133244,39.998776],[-105.132572,39.997726],[-105.132484,39.99772],[-105.132411,39.997664],[-105.131767,39.997914]]],[[[-105.132656,39.997716],[-105.133381,39.998845],[-105.13356,39.998769],[-105.133622,39.998621],[-105.132932,39.997536],[-105.132762,39.997602],[-105.132656,39.997716]]],[[[-105.133861,39.998693],[-105.133757,39.998742],[-105.133759,39.998798],[-105.133797,39.998828],[-105.133874,39.998835],[-105.133923,39.9988],[-105.133931,39.998752],[-105.133861,39.998693]]],[[[-105.133879,39.999113],[-105.133762,39.999615],[-105.133778,39.999985],[-105.133821,39.999985],[-105.133823,39.999644],[-105.133879,39.999113]]]]}},{"type":"Feature","properties":{"type":"nonresidential","acres":482.18486799807636,"family1_treatment":"prohibited","family2_treatment":"prohibited","family3_treatment":"prohibited","family4_treatment":"prohibited","name":"Industrial"},"geometry":{"type":"MultiPolygon","coordinates":[[[[-105.062359,39.982986],[-105.066064,39.983045],[-105.066252,39.981609],[-105.066901,39.9815],[-105.066186,39.980667],[-105.067017,39.980199],[-105.069105,39.980262],[-105.070461,39.98034],[-105.070454,39.980263],[-105.070394,39.980223],[-105.069764,39.980207],[-105.069354,39.980116],[-105.068313,39.979548],[-105.068227,39.979546],[-105.067777,39.979927],[-105.06754,39.980058],[-105.067238,39.980132],[-105.066539,39.980166],[-105.06635,39.980231],[-105.066189,39.980338],[-105.066076,39.98048],[-105.066024,39.980637],[-105.066099,39.981259],[-105.066031,39.981583],[-105.065844,39.981841],[-105.065177,39.982421],[-105.064811,39.982576],[-105.064398,39.982625],[-105.064008,39.982569],[-105.063647,39.982407],[-105.063304,39.982117],[-105.063196,39.981953],[-105.063131,39.981782],[-105.063112,39.981536],[-105.063212,39.981079],[-105.063219,39.980659],[-105.063145,39.980622],[-105.062365,39.98062],[-105.062365,39.98048],[-105.063149,39.980484],[-105.063232,39.980432],[-105.063251,39.978302],[-105.06328,39.978153],[-105.063356,39.978006],[-105.063569,39.977804],[-105.063853,39.97768],[-105.063987,39.977652],[-105.064687,39.977656],[-105.065071,39.97778],[-105.065965,39.97832],[-105.066733,39.97852],[-105.066826,39.978432],[-105.066873,39.9783],[-105.066781,39.977856],[-105.066825,39.977597],[-105.067042,39.977277],[-105.067401,39.977003],[-105.067461,39.976908],[-105.067455,39.976849],[-105.067393,39.976825],[-105.065409,39.976819],[-105.065147,39.976891],[-105.065057,39.976861],[-105.065002,39.976798],[-105.064997,39.976724],[-105.065041,39.976659],[-105.065179,39.976616],[-105.065395,39.976684],[-105.071644,39.976688],[-105.071749,39.976586],[-105.071754,39.975885],[-105.062391,39.975847],[-105.062368,39.979449],[-105.057597,39.979415],[-105.057607,39.982979],[-105.062359,39.982986]],[[-105.05977,39.98087],[-105.05983,39.9809],[-105.05981,39.9816],[-105.05972,39.98178],[-105.05975,39.98194],[-105.05922,39.98206],[-105.05919,39.98197],[-105.05939,39.98165],[-105.05949,39.98158],[-105.05958,39.98141],[-105.05962,39.98114],[-105.05971,39.98089],[-105.05977,39.98087]]],[[[-105.064161,39.977777],[-105.063907,39.977809],[-105.063699,39.977898],[-105.063527,39.978051],[-105.063441,39.97823],[-105.063405,39.980906],[-105.063289,39.98164],[-105.063331,39.981832],[-105.063414,39.98199],[-105.063539,39.982133],[-105.063733,39.982281],[-105.064089,39.982439],[-105.064521,39.982479],[-105.064831,39.982417],[-105.065086,39.982297],[-105.065807,39.981633],[-105.065886,39.98148],[-105.06592,39.981298],[-105.065849,39.980747],[-105.065856,39.980594],[-105.065932,39.9804],[-105.066077,39.980234],[-105.066271,39.98011],[-105.066489,39.980036],[-105.06722,39.979993],[-105.06747,39.97993],[-105.067693,39.979799],[-105.068048,39.979486],[-105.068069,39.979437],[-105.068039,39.979386],[-105.066834,39.97873],[-105.065823,39.978416],[-105.064911,39.977866],[-105.064619,39.977789],[-105.064161,39.977777]]],[[[-105.069351,39.982963],[-105.069176,39.98297],[-105.069058,39.981586],[-105.068772,39.981618],[-105.068302,39.981949],[-105.067938,39.982529],[-105.066899,39.983059],[-105.071715,39.983091],[-105.071769,39.980421],[-105.071719,39.980359],[-105.071538,39.980281],[-105.070675,39.980271],[-105.070638,39.980314],[-105.070634,39.980531],[-105.070577,39.980822],[-105.070396,39.980959],[-105.069602,39.981233],[-105.069492,39.981538],[-105.069233,39.981567],[-105.069351,39.982963]]],[[[-105.071484,39.976847],[-105.067677,39.976831],[-105.067569,39.977058],[-105.067192,39.977347],[-105.066999,39.97761],[-105.066963,39.977849],[-105.067056,39.97829],[-105.06694,39.978601],[-105.068161,39.979292],[-105.068236,39.979302],[-105.068451,39.979123],[-105.068597,39.978747],[-105.068801,39.97849],[-105.069237,39.978201],[-105.069335,39.978178],[-105.069436,39.978202],[-105.069512,39.978288],[-105.069486,39.978394],[-105.069363,39.978454],[-105.069138,39.978435],[-105.068917,39.978588],[-105.06876,39.97879],[-105.068626,39.979161],[-105.068409,39.979407],[-105.06844,39.979452],[-105.069216,39.979895],[-105.069462,39.980001],[-105.069434,39.979405],[-105.070018,39.97805],[-105.070021,39.977682],[-105.071484,39.976847]]],[[[-105.068739,39.988601],[-105.071756,39.988685],[-105.071768,39.988508],[-105.071586,39.988316],[-105.071596,39.986876],[-105.071292,39.986772],[-105.070965,39.986768],[-105.070966,39.986689],[-105.070329,39.986683],[-105.068739,39.988601]]],[[[-105.070505,39.990018],[-105.069409,39.990004],[-105.069405,39.990386],[-105.070502,39.9904],[-105.070505,39.990018]]],[[[-105.07051,39.989584],[-105.069416,39.989574],[-105.06941,39.989957],[-105.070506,39.989972],[-105.07051,39.989584]]],[[[-105.070679,39.99002],[-105.070676,39.990402],[-105.071689,39.990415],[-105.07169,39.990034],[-105.070679,39.99002]]],[[[-105.071691,39.989607],[-105.070682,39.989593],[-105.070679,39.989975],[-105.07169,39.989989],[-105.071691,39.989607]]],[[[-105.07184,39.988187],[-105.071907,39.988188],[-105.071904,39.988702],[-105.071839,39.98884],[-105.071837,39.990998],[-105.074759,39.991022],[-105.075727,39.991745],[-105.075863,39.991752],[-105.075881,39.990362],[-105.07476,39.990344],[-105.074787,39.988167],[-105.07184,39.988187]]],[[[-105.076544,39.97905],[-105.076533,39.978792],[-105.076575,39.978738],[-105.07659,39.978474],[-105.079077,39.975221],[-105.079577,39.974416],[-105.080175,39.973351],[-105.080128,39.973414],[-105.07721,39.974449],[-105.076895,39.975093],[-105.076939,39.975919],[-105.076083,39.976867],[-105.074052,39.97683],[-105.074025,39.97744],[-105.072342,39.977442],[-105.071927,39.977611],[-105.071924,39.978554],[-105.072005,39.978644],[-105.072101,39.978669],[-105.07347,39.978659],[-105.073722,39.97857],[-105.073865,39.978618],[-105.073938,39.978734],[-105.073884,39.978846],[-105.073743,39.978898],[-105.073484,39.978815],[-105.072095,39.97883],[-105.071979,39.978867],[-105.071924,39.978936],[-105.071925,39.979474],[-105.07196,39.979475],[-105.07196,39.98004],[-105.071981,39.980081],[-105.07207,39.980119],[-105.074077,39.980122],[-105.074324,39.980051],[-105.074433,39.980088],[-105.074489,39.98018],[-105.07444,39.980284],[-105.074315,39.980329],[-105.074079,39.980253],[-105.072061,39.980254],[-105.071964,39.980313],[-105.071961,39.980875],[-105.071909,39.980875],[-105.071866,39.985239],[-105.071915,39.985179],[-105.071913,39.986017],[-105.071969,39.986018],[-105.071959,39.986462],[-105.072011,39.986528],[-105.072173,39.986561],[-105.077055,39.986635],[-105.077152,39.983553],[-105.077262,39.983345],[-105.077296,39.983356],[-105.079114,39.980536],[-105.079213,39.980438],[-105.079234,39.980318],[-105.079283,39.980261],[-105.079292,39.979979],[-105.077445,39.980975],[-105.076618,39.9807],[-105.075929,39.981309],[-105.075092,39.980954],[-105.076544,39.97905]]],[[[-105.071954,39.972283],[-105.07195,39.972959],[-105.072039,39.973061],[-105.072138,39.97309],[-105.073941,39.973098],[-105.07413,39.973122],[-105.074354,39.973205],[-105.074526,39.973334],[-105.074617,39.973471],[-105.074652,39.973654],[-105.074608,39.974277],[-105.074493,39.974473],[-105.074307,39.974624],[-105.074004,39.974732],[-105.073316,39.974801],[-105.072505,39.975119],[-105.072064,39.975158],[-105.071957,39.975219],[-105.071932,39.975257],[-105.071928,39.976841],[-105.071953,39.976803],[-105.072921,39.976271],[-105.073525,39.975381],[-105.075957,39.975165],[-105.075922,39.974601],[-105.076478,39.973686],[-105.076501,39.972304],[-105.071954,39.972283]]],[[[-105.073917,39.973259],[-105.072142,39.973253],[-105.071996,39.973303],[-105.071946,39.973371],[-105.071935,39.974887],[-105.071963,39.974929],[-105.072095,39.974995],[-105.072388,39.974985],[-105.073257,39.974645],[-105.073976,39.974579],[-105.074132,39.974531],[-105.074265,39.974449],[-105.074355,39.974349],[-105.07441,39.974216],[-105.07443,39.973567],[-105.074375,39.97346],[-105.074244,39.973348],[-105.074086,39.973282],[-105.073917,39.973259]]],[[[-105.075919,39.993142],[-105.07593,39.993613],[-105.076032,39.993734],[-105.076144,39.993777],[-105.07671,39.993841],[-105.077108,39.99385],[-105.077108,39.99388],[-105.077157,39.993881],[-105.077146,39.99347],[-105.077896,39.993487],[-105.077628,39.993187],[-105.075919,39.993142]]],[[[-105.087067,39.965286],[-105.084724,39.965294],[-105.083793,39.966883],[-105.080749,39.972338],[-105.082641,39.972368],[-105.08284,39.972362],[-105.082855,39.970667],[-105.082936,39.970671],[-105.082946,39.970275],[-105.083013,39.969821],[-105.08317,39.969249],[-105.083398,39.968706],[-105.083668,39.968249],[-105.08403,39.967939],[-105.084006,39.967887],[-105.083851,39.967867],[-105.083773,39.967813],[-105.083747,39.967734],[-105.083784,39.967657],[-105.083906,39.967602],[-105.084032,39.967626],[-105.084103,39.967702],[-105.084103,39.967811],[-105.084188,39.967867],[-105.084491,39.967783],[-105.084779,39.967746],[-105.086015,39.967743],[-105.086392,39.967662],[-105.087005,39.967384],[-105.087089,39.967268],[-105.087067,39.965286]],[[-105.082585,39.972359],[-105.082752,39.972361],[-105.08269,39.972361],[-105.082585,39.972359]]],[[[-105.083158,39.969997],[-105.083115,39.970369],[-105.083117,39.970766],[-105.083147,39.970969],[-105.083234,39.971186],[-105.083398,39.97143],[-105.083632,39.971653],[-105.083892,39.971819],[-105.084191,39.971948],[-105.084943,39.972111],[-105.08582,39.97223],[-105.089803,39.972274],[-105.08986,39.972211],[-105.089872,39.967567],[-105.089766,39.967484],[-105.087587,39.967445],[-105.087078,39.967524],[-105.086485,39.967778],[-105.086173,39.967862],[-105.084772,39.967887],[-105.084321,39.967981],[-105.083969,39.968174],[-105.083747,39.968421],[-105.083372,39.969201],[-105.083158,39.969997]]],[[[-105.085835,39.972397],[-105.08469,39.972227],[-105.084613,39.97226],[-105.084555,39.972383],[-105.085835,39.972397]]],[[[-105.089877,39.965269],[-105.087277,39.965293],[-105.087279,39.967109],[-105.087301,39.967222],[-105.08737,39.967255],[-105.089846,39.96723],[-105.089879,39.967186],[-105.089877,39.965269]]],[[[-105.104732,40.003753],[-105.106246,40.003757],[-105.106304,40.003703],[-105.106286,40.002955],[-105.106215,40.002688],[-105.106078,40.002486],[-105.105384,40.001758],[-105.104565,40.002288],[-105.104571,40.002616],[-105.104734,40.002626],[-105.104732,40.003753]]],[[[-105.105466,40.001592],[-105.106288,40.002465],[-105.106395,40.002627],[-105.106459,40.002797],[-105.106506,40.003757],[-105.106479,40.005383],[-105.106546,40.005488],[-105.106477,40.005649],[-105.107527,40.005652],[-105.107567,40.003831],[-105.10752,40.000342],[-105.106147,40.000346],[-105.106099,40.000438],[-105.106107,40.000788],[-105.105893,40.000845],[-105.106007,40.001081],[-105.106179,40.001229],[-105.105466,40.001592]]]]}},{"type":"Feature","properties":{"type":"overlay_not_affecting_use","acres":173.71904325994828,"family1_treatment":"overlay","family2_treatment":"overlay","family3_treatment":"overlay","family4_treatment":"overlay","name":"Old Town Neighborhood Overlay"},"geometry":{"type":"MultiPolygon","coordinates":[[[[-105.078792,39.996272],[-105.078508,39.994461],[-105.078368,39.993991],[-105.078283,39.99399],[-105.078423,39.994464],[-105.078692,39.996319],[-105.078897,39.996953],[-105.07988,39.999247],[-105.080073,39.99925],[-105.080048,39.99916],[-105.082137,39.999164],[-105.082138,39.999277],[-105.082304,39.99932],[-105.082706,39.999321],[-105.082699,39.99878],[-105.079882,39.998777],[-105.079695,39.998348],[-105.079608,39.998368],[-105.078963,39.996827],[-105.078792,39.996272]]],[[[-105.07916,39.994091],[-105.078592,39.994081],[-105.078704,39.994408],[-105.07939,39.994413],[-105.07916,39.994091]]],[[[-105.078726,39.994462],[-105.078833,39.9952],[-105.079183,39.9952],[-105.079189,39.994467],[-105.078726,39.994462]]],[[[-105.082689,39.995364],[-105.081173,39.995372],[-105.078858,39.995364],[-105.078919,39.995749],[-105.080966,39.995753],[-105.082696,39.995748],[-105.082689,39.995364]]],[[[-105.082671,39.99584],[-105.081658,39.995843],[-105.078934,39.995841],[-105.078995,39.99623],[-105.079165,39.996779],[-105.079344,39.997195],[-105.08273,39.997185],[-105.082719,39.995873],[-105.082671,39.99584]]],[[[-105.079262,39.994468],[-105.079256,39.995201],[-105.079939,39.995203],[-105.079429,39.99447],[-105.079262,39.994468]]],[[[-105.079379,39.994096],[-105.079957,39.994922],[-105.080385,39.994927],[-105.079804,39.994103],[-105.079379,39.994096]]],[[[-105.08268,39.997353],[-105.080916,39.997359],[-105.079413,39.997361],[-105.079572,39.997744],[-105.082685,39.997735],[-105.08268,39.997353]]],[[[-105.082685,39.997768],[-105.080819,39.997796],[-105.079596,39.997801],[-105.079753,39.99818],[-105.082691,39.998171],[-105.082685,39.997768]]],[[[-105.079933,39.998728],[-105.082698,39.998723],[-105.082693,39.99834],[-105.079811,39.998345],[-105.079933,39.998728]]],[[[-105.079884,39.994104],[-105.080652,39.995205],[-105.081078,39.995207],[-105.080331,39.994121],[-105.079884,39.994104]]],[[[-105.080386,39.994928],[-105.079959,39.994923],[-105.080147,39.995203],[-105.080574,39.995204],[-105.080386,39.994928]]],[[[-105.080308,40.00014],[-105.082717,40.000146],[-105.082712,39.999765],[-105.08031,39.999733],[-105.080308,40.00014]]],[[[-105.080416,39.999315],[-105.080414,39.999678],[-105.082711,39.999706],[-105.082706,39.999376],[-105.082141,39.999378],[-105.08214,39.999326],[-105.080416,39.999315]]],[[[-105.081711,39.995203],[-105.081009,39.994149],[-105.080519,39.994126],[-105.081278,39.995208],[-105.081711,39.995203]]],[[[-105.082218,39.995203],[-105.081573,39.994204],[-105.081105,39.994169],[-105.081789,39.995203],[-105.082218,39.995203]]],[[[-105.081499,40.000656],[-105.082564,40.000657],[-105.082565,40.000309],[-105.081491,40.000308],[-105.081499,40.000656]]],[[[-105.081501,40.001036],[-105.082564,40.001038],[-105.082564,40.0007],[-105.0815,40.000698],[-105.081501,40.001036]]],[[[-105.082819,39.9952],[-105.082146,39.994248],[-105.081784,39.994225],[-105.082444,39.995202],[-105.082819,39.9952]]],[[[-105.084146,39.99436],[-105.082481,39.994268],[-105.082236,39.994252],[-105.082629,39.994779],[-105.084132,39.994767],[-105.084146,39.99436]]],[[[-105.083398,39.993706],[-105.083134,39.993707],[-105.08313,39.993761],[-105.082556,39.993761],[-105.08256,39.993709],[-105.08233,39.99371],[-105.082318,39.99405],[-105.083384,39.9941],[-105.083398,39.993706]]],[[[-105.084117,39.995193],[-105.08413,39.994824],[-105.082666,39.994833],[-105.082904,39.9952],[-105.084117,39.995193]]],[[[-105.082776,40.001039],[-105.083842,40.00104],[-105.083847,40.0007],[-105.082777,40.0007],[-105.082776,40.001039]]],[[[-105.083852,40.000309],[-105.082777,40.000309],[-105.082777,40.000657],[-105.083848,40.000658],[-105.083852,40.000309]]],[[[-105.083337,39.995959],[-105.083637,39.996398],[-105.0835,39.996735],[-105.083501,39.996808],[-105.082872,39.996815],[-105.082876,39.997184],[-105.084111,39.997181],[-105.084117,39.995357],[-105.082885,39.995363],[-105.082865,39.995965],[-105.083337,39.995959]]],[[[-105.083244,39.996015],[-105.082865,39.99602],[-105.082872,39.99676],[-105.083359,39.996754],[-105.083412,39.996719],[-105.083526,39.996486],[-105.083538,39.996392],[-105.083321,39.99604],[-105.083244,39.996015]]],[[[-105.084113,39.997348],[-105.082891,39.997352],[-105.082897,39.997737],[-105.084112,39.997733],[-105.084113,39.997348]]],[[[-105.082907,39.998169],[-105.08411,39.998164],[-105.084112,39.997787],[-105.082894,39.997789],[-105.082907,39.998169]]],[[[-105.084109,39.998331],[-105.082905,39.998337],[-105.082911,39.998722],[-105.084107,39.998715],[-105.084109,39.998331]]],[[[-105.084107,39.99877],[-105.082912,39.998777],[-105.082917,39.999161],[-105.084105,39.999154],[-105.084107,39.99877]]],[[[-105.084105,39.999316],[-105.082919,39.999323],[-105.082925,39.999705],[-105.084106,39.999702],[-105.084105,39.999316]]],[[[-105.084108,40.000147],[-105.084106,39.999758],[-105.082926,39.999761],[-105.082928,40.000145],[-105.084108,40.000147]]],[[[-105.089237,39.994163],[-105.089233,39.993771],[-105.083411,39.993761],[-105.083405,39.994166],[-105.086623,39.994332],[-105.087373,39.994337],[-105.087372,39.994365],[-105.087417,39.994364],[-105.088099,39.994293],[-105.08822,39.994246],[-105.088219,39.994305],[-105.089162,39.994195],[-105.089237,39.994163]]],[[[-105.085429,40.00227],[-105.084042,40.00227],[-105.08404,40.002655],[-105.085426,40.002654],[-105.085429,40.00227]]],[[[-105.084044,40.002104],[-105.08543,40.002105],[-105.085429,40.001725],[-105.084047,40.001724],[-105.084044,40.002104]]],[[[-105.08405,40.00129],[-105.084047,40.00167],[-105.085428,40.001671],[-105.085423,40.001291],[-105.08405,40.00129]]],[[[-105.084051,40.001125],[-105.08542,40.001128],[-105.085414,40.000749],[-105.084054,40.000745],[-105.084051,40.001125]]],[[[-105.085407,40.000313],[-105.084057,40.000309],[-105.084055,40.000691],[-105.085413,40.000693],[-105.085407,40.000313]]],[[[-105.085378,39.999759],[-105.084298,39.999757],[-105.084298,40.000148],[-105.085382,40.000149],[-105.085378,39.999759]]],[[[-105.085378,39.999703],[-105.085377,39.999322],[-105.084318,39.999317],[-105.08432,39.999702],[-105.085378,39.999703]]],[[[-105.085376,39.998775],[-105.08432,39.99877],[-105.084318,39.999154],[-105.085376,39.999159],[-105.085376,39.998775]]],[[[-105.085377,39.998335],[-105.084321,39.998331],[-105.08432,39.998715],[-105.085376,39.99872],[-105.085377,39.998335]]],[[[-105.08538,39.997788],[-105.084323,39.997787],[-105.084322,39.998164],[-105.085378,39.998167],[-105.08538,39.997788]]],[[[-105.085381,39.997733],[-105.085382,39.997346],[-105.084325,39.997348],[-105.084324,39.997732],[-105.085381,39.997733]]],[[[-105.085379,39.996793],[-105.084327,39.996794],[-105.084326,39.99718],[-105.085382,39.997178],[-105.085379,39.996793]]],[[[-105.085378,39.996352],[-105.084328,39.996352],[-105.084327,39.996741],[-105.085379,39.99674],[-105.085378,39.996352]]],[[[-105.085376,39.995802],[-105.084512,39.995802],[-105.084329,39.995874],[-105.084328,39.996188],[-105.085378,39.996188],[-105.085376,39.995802]]],[[[-105.085373,39.995358],[-105.08433,39.995357],[-105.084329,39.995803],[-105.08487,39.995587],[-105.08487,39.995742],[-105.085376,39.995742],[-105.085373,39.995358]]],[[[-105.08542,39.994415],[-105.08436,39.994372],[-105.084347,39.994767],[-105.084879,39.994767],[-105.084878,39.9948],[-105.084877,39.994822],[-105.084345,39.994825],[-105.084332,39.995193],[-105.085408,39.995192],[-105.085409,39.994851],[-105.085058,39.994838],[-105.085059,39.994807],[-105.085409,39.994821],[-105.08542,39.994415]]],[[[-105.088008,40.002275],[-105.085544,40.002268],[-105.085542,40.002651],[-105.088011,40.00266],[-105.088008,40.002275]]],[[[-105.087421,39.994499],[-105.08742,39.994476],[-105.087191,39.994458],[-105.086198,39.994463],[-105.085599,39.994429],[-105.08559,39.995192],[-105.086808,39.995192],[-105.086804,39.994814],[-105.087177,39.994668],[-105.087172,39.994754],[-105.087945,39.994755],[-105.08795,39.994478],[-105.087421,39.994499]]],[[[-105.086664,39.995356],[-105.085591,39.995356],[-105.085594,39.995742],[-105.086669,39.995743],[-105.086664,39.995356]]],[[[-105.086669,39.995802],[-105.085595,39.995802],[-105.085596,39.996188],[-105.086671,39.996187],[-105.086669,39.995802]]],[[[-105.086669,39.998773],[-105.085595,39.998775],[-105.085596,39.99916],[-105.086667,39.99916],[-105.086669,39.998773]]],[[[-105.086666,39.999324],[-105.085596,39.999323],[-105.085597,39.999704],[-105.086664,39.999707],[-105.086666,39.999324]]],[[[-105.086671,39.996352],[-105.085597,39.996352],[-105.085599,39.99674],[-105.086672,39.996739],[-105.086671,39.996352]]],[[[-105.086664,39.999763],[-105.085597,39.99976],[-105.085601,40.000149],[-105.086663,40.000151],[-105.086664,39.999763]]],[[[-105.086673,39.996792],[-105.085599,39.996793],[-105.085602,39.997178],[-105.086677,39.997176],[-105.086673,39.996792]]],[[[-105.086675,39.99773],[-105.086677,39.997344],[-105.085602,39.997346],[-105.0856,39.997732],[-105.086675,39.99773]]],[[[-105.08669,40.000317],[-105.085625,40.000314],[-105.08563,40.000694],[-105.086696,40.000697],[-105.08669,40.000317]]],[[[-105.086697,40.000754],[-105.08563,40.00075],[-105.085636,40.001129],[-105.086703,40.001133],[-105.086697,40.000754]]],[[[-105.086705,40.001295],[-105.085638,40.001292],[-105.085643,40.001672],[-105.086712,40.001677],[-105.086705,40.001295]]],[[[-105.086712,40.001731],[-105.085644,40.001726],[-105.08565,40.002105],[-105.086718,40.00211],[-105.086712,40.001731]]],[[[-105.087417,39.999762],[-105.086878,39.999763],[-105.086875,40.000151],[-105.087414,40.000154],[-105.087417,39.999762]]],[[[-105.087059,39.995192],[-105.087945,39.995192],[-105.087945,39.994811],[-105.08706,39.994808],[-105.087059,39.995192]]],[[[-105.08706,39.994808],[-105.086878,39.994869],[-105.086878,39.995192],[-105.087059,39.995192],[-105.08706,39.994808]]],[[[-105.087959,39.999323],[-105.08688,39.999324],[-105.086878,39.999707],[-105.087957,39.999706],[-105.087959,39.999323]]],[[[-105.087946,39.995356],[-105.086879,39.995356],[-105.086884,39.995743],[-105.087952,39.995744],[-105.087946,39.995356]]],[[[-105.087961,39.99877],[-105.086883,39.998772],[-105.086881,39.99916],[-105.08796,39.999158],[-105.087961,39.99877]]],[[[-105.087953,39.995801],[-105.086884,39.995802],[-105.086885,39.996187],[-105.087956,39.996187],[-105.087953,39.995801]]],[[[-105.087957,39.996352],[-105.086886,39.996352],[-105.086887,39.996739],[-105.087961,39.996736],[-105.087957,39.996352]]],[[[-105.087966,39.997174],[-105.087962,39.99679],[-105.086887,39.996792],[-105.086891,39.997176],[-105.087966,39.997174]]],[[[-105.087966,39.997342],[-105.086891,39.997344],[-105.086889,39.99773],[-105.087965,39.997728],[-105.087966,39.997342]]],[[[-105.088,40.001298],[-105.086922,40.001296],[-105.086928,40.001677],[-105.088002,40.001679],[-105.088,40.001298]]],[[[-105.088003,40.001733],[-105.086929,40.001732],[-105.086934,40.002111],[-105.088006,40.002112],[-105.088003,40.001733]]],[[[-105.089235,39.994752],[-105.089239,39.994367],[-105.088721,39.994372],[-105.08816,39.994596],[-105.08816,39.994755],[-105.089235,39.994752]]],[[[-105.089235,39.994807],[-105.08816,39.994809],[-105.08816,39.995192],[-105.089232,39.995192],[-105.089235,39.994807]]],[[[-105.089233,39.995355],[-105.088161,39.995356],[-105.088167,39.995744],[-105.089239,39.995745],[-105.089233,39.995355]]],[[[-105.089245,39.996186],[-105.08924,39.995801],[-105.088168,39.995801],[-105.088172,39.996187],[-105.089245,39.996186]]],[[[-105.089245,39.999771],[-105.088172,39.999763],[-105.088168,40.00016],[-105.089242,40.000167],[-105.089245,39.999771]]],[[[-105.088172,39.999706],[-105.089246,39.999714],[-105.089249,39.999325],[-105.088174,39.999323],[-105.088172,39.999706]]],[[[-105.089247,39.996352],[-105.088173,39.996352],[-105.088177,39.996735],[-105.089253,39.996733],[-105.089247,39.996352]]],[[[-105.089254,39.998716],[-105.088891,39.998714],[-105.088891,39.998769],[-105.088176,39.998769],[-105.088175,39.999158],[-105.08925,39.999158],[-105.089254,39.998716]]],[[[-105.089254,39.996787],[-105.088178,39.996789],[-105.088181,39.997174],[-105.089257,39.997173],[-105.089254,39.996787]]],[[[-105.089257,39.997339],[-105.088182,39.997341],[-105.088181,39.997728],[-105.089256,39.997726],[-105.089257,39.997339]]],[[[-105.089991,39.994806],[-105.089454,39.994806],[-105.08945,39.995192],[-105.089994,39.99519],[-105.089991,39.994806]]],[[[-105.089994,39.995354],[-105.08945,39.995355],[-105.089456,39.995744],[-105.089998,39.99574],[-105.089994,39.995354]]],[[[-105.089999,39.995796],[-105.089457,39.9958],[-105.089462,39.996186],[-105.090001,39.996184],[-105.089999,39.995796]]],[[[-105.090003,39.99635],[-105.089464,39.996351],[-105.089469,39.996732],[-105.090008,39.996727],[-105.090003,39.99635]]],[[[-105.090004,39.997332],[-105.089472,39.997338],[-105.08947,39.997725],[-105.090003,39.997719],[-105.090004,39.997332]]],[[[-105.090009,39.996782],[-105.08947,39.996786],[-105.089473,39.997172],[-105.090006,39.997166],[-105.090009,39.996782]]],[[[-105.090909,39.997174],[-105.091648,39.997173],[-105.091645,39.996786],[-105.090913,39.996787],[-105.090909,39.997174]]],[[[-105.090914,39.99618],[-105.091641,39.996176],[-105.091637,39.995795],[-105.090911,39.995796],[-105.090914,39.99618]]],[[[-105.090914,39.996731],[-105.091645,39.996731],[-105.091642,39.996341],[-105.090915,39.996345],[-105.090914,39.996731]]],[[[-105.091097,39.995194],[-105.091628,39.995196],[-105.091622,39.994811],[-105.091092,39.994811],[-105.091097,39.995194]]],[[[-105.091104,39.995742],[-105.091635,39.995743],[-105.091631,39.995359],[-105.091099,39.995358],[-105.091104,39.995742]]],[[[-105.091169,39.990632],[-105.091174,39.992235],[-105.091559,39.992229],[-105.09153,39.990637],[-105.091169,39.990632]]],[[[-105.091229,39.994204],[-105.091585,39.994202],[-105.091584,39.993292],[-105.09121,39.993294],[-105.091229,39.994204]]],[[[-105.092226,39.999306],[-105.091223,39.999311],[-105.091224,39.999588],[-105.092226,39.999583],[-105.092226,39.999306]]],[[[-105.091749,39.997758],[-105.091748,39.997346],[-105.091223,39.997347],[-105.091224,39.997753],[-105.091749,39.997758]]],[[[-105.091733,39.999144],[-105.09175,39.998336],[-105.091226,39.998337],[-105.091223,39.999145],[-105.091733,39.999144]]],[[[-105.092536,39.992221],[-105.092529,39.990726],[-105.091748,39.990733],[-105.091768,39.992225],[-105.092536,39.992221]]],[[[-105.092298,39.994198],[-105.092306,39.992386],[-105.09181,39.992388],[-105.091795,39.994201],[-105.092298,39.994198]]],[[[-105.093009,39.994361],[-105.091835,39.994365],[-105.09184,39.994752],[-105.093011,39.994747],[-105.093009,39.994361]]],[[[-105.093011,39.994802],[-105.091841,39.994807],[-105.091847,39.995195],[-105.093014,39.995189],[-105.093011,39.994802]]],[[[-105.093016,39.995354],[-105.091848,39.995361],[-105.091852,39.995742],[-105.09302,39.995736],[-105.093016,39.995354]]],[[[-105.09302,39.995788],[-105.091853,39.995796],[-105.091857,39.996175],[-105.093022,39.996177],[-105.09302,39.995788]]],[[[-105.093023,39.996342],[-105.091858,39.99634],[-105.09186,39.996731],[-105.093025,39.996731],[-105.093023,39.996342]]],[[[-105.093025,39.996786],[-105.091861,39.996786],[-105.091863,39.997173],[-105.093028,39.997173],[-105.093025,39.996786]]],[[[-105.093035,39.998759],[-105.091958,39.998764],[-105.09195,39.999142],[-105.093035,39.999135],[-105.093035,39.998759]]],[[[-105.093036,39.99833],[-105.091968,39.998334],[-105.091959,39.998708],[-105.093036,39.998703],[-105.093036,39.99833]]],[[[-105.093033,39.997725],[-105.093029,39.997348],[-105.091966,39.997347],[-105.091967,39.997727],[-105.093033,39.997725]]],[[[-105.092146,39.998169],[-105.093037,39.998165],[-105.093033,39.997781],[-105.092144,39.997783],[-105.092146,39.998169]]],[[[-105.092146,39.998169],[-105.092144,39.997783],[-105.091967,39.997783],[-105.091968,39.998169],[-105.092146,39.998169]]],[[[-105.092868,39.992655],[-105.09287,39.992382],[-105.092375,39.992384],[-105.092375,39.992662],[-105.092574,39.992659],[-105.092868,39.992655]]],[[[-105.092868,39.992655],[-105.092375,39.992662],[-105.092376,39.993208],[-105.092865,39.993208],[-105.092868,39.992655]]],[[[-105.092865,39.993292],[-105.092406,39.993296],[-105.092408,39.994198],[-105.0929,39.994195],[-105.0929,39.993372],[-105.092865,39.993372],[-105.092865,39.993292]]],[[[-105.095634,39.999307],[-105.092425,39.999304],[-105.092431,39.999575],[-105.094714,39.999669],[-105.095641,39.999664],[-105.095634,39.999307]]],[[[-105.092748,39.992219],[-105.093132,39.992217],[-105.093132,39.990721],[-105.092745,39.990725],[-105.092748,39.992219]]],[[[-105.09357,39.994192],[-105.093568,39.993368],[-105.093074,39.993371],[-105.093075,39.994194],[-105.09357,39.994192]]],[[[-105.093569,39.99238],[-105.093079,39.992362],[-105.093079,39.993206],[-105.093571,39.993202],[-105.093569,39.99238]]],[[[-105.093223,39.994747],[-105.094289,39.994745],[-105.094286,39.994359],[-105.09322,39.99436],[-105.093223,39.994747]]],[[[-105.094294,39.995183],[-105.09429,39.9948],[-105.093224,39.994803],[-105.093227,39.995189],[-105.094294,39.995183]]],[[[-105.094295,39.995347],[-105.093229,39.995351],[-105.093233,39.995734],[-105.094297,39.995735],[-105.094295,39.995347]]],[[[-105.094298,39.995789],[-105.093233,39.995789],[-105.093236,39.996177],[-105.094301,39.996177],[-105.094298,39.995789]]],[[[-105.094302,39.996342],[-105.093237,39.996343],[-105.09324,39.996732],[-105.094305,39.99673],[-105.094302,39.996342]]],[[[-105.094305,39.996784],[-105.09324,39.996787],[-105.093243,39.997156],[-105.094308,39.997153],[-105.094305,39.996784]]],[[[-105.09431,39.997345],[-105.093241,39.997348],[-105.093245,39.997724],[-105.094314,39.99772],[-105.09431,39.997345]]],[[[-105.094314,39.997775],[-105.093245,39.99778],[-105.093249,39.998165],[-105.094315,39.99815],[-105.094314,39.997775]]],[[[-105.094328,39.998752],[-105.093249,39.998757],[-105.093248,39.999133],[-105.09434,39.999138],[-105.094328,39.998752]]],[[[-105.094315,39.998312],[-105.093249,39.998328],[-105.093249,39.998701],[-105.094326,39.998695],[-105.094315,39.998312]]],[[[-105.094137,39.9932],[-105.094135,39.992379],[-105.093643,39.992379],[-105.093645,39.993202],[-105.094137,39.9932]]],[[[-105.093643,39.993368],[-105.093644,39.993642],[-105.094136,39.993657],[-105.094134,39.993366],[-105.093643,39.993368]]],[[[-105.095019,39.993505],[-105.094723,39.993505],[-105.094421,39.993504],[-105.094422,39.99419],[-105.095016,39.994186],[-105.095019,39.993505]]],[[[-105.095019,39.993505],[-105.095036,39.992376],[-105.09435,39.992375],[-105.094355,39.993289],[-105.094421,39.993288],[-105.094421,39.993504],[-105.095019,39.993505]]],[[[-105.095564,39.994358],[-105.094499,39.994359],[-105.094503,39.994744],[-105.095564,39.994746],[-105.095564,39.994358]]],[[[-105.095563,39.994804],[-105.094503,39.994798],[-105.094506,39.995183],[-105.095562,39.995187],[-105.095563,39.994804]]],[[[-105.095561,39.995349],[-105.094507,39.995345],[-105.094511,39.995734],[-105.095559,39.995732],[-105.095561,39.995349]]],[[[-105.094511,39.995788],[-105.094514,39.996176],[-105.095565,39.996172],[-105.095559,39.995784],[-105.094511,39.995788]]],[[[-105.095577,39.996725],[-105.095568,39.996337],[-105.094516,39.996341],[-105.094519,39.996729],[-105.095577,39.996725]]],[[[-105.095585,39.99715],[-105.095578,39.996778],[-105.094519,39.996784],[-105.094522,39.997153],[-105.095585,39.99715]]],[[[-105.094528,39.997719],[-105.095599,39.997713],[-105.095587,39.99734],[-105.094523,39.997344],[-105.094528,39.997719]]],[[[-105.0956,39.997767],[-105.094527,39.997772],[-105.094528,39.998146],[-105.09561,39.99815],[-105.0956,39.997767]]],[[[-105.095614,39.998317],[-105.094533,39.998313],[-105.094545,39.998696],[-105.095623,39.998701],[-105.095614,39.998317]]],[[[-105.095624,39.998757],[-105.094547,39.998753],[-105.094558,39.999139],[-105.095634,39.999142],[-105.095624,39.998757]]]]}},{"type":"Feature","properties":{"type":"residential","acres":10.891917073768738,"family1_treatment":"allowed","family2_treatment":"prohibited","family3_treatment":"prohibited","family4_treatment":"prohibited","name":"Agricultural"},"geometry":{"type":"MultiPolygon","coordinates":[[[[-105.110124,40.014034],[-105.109738,40.014105],[-105.109276,40.014103],[-105.108941,40.014035],[-105.108352,40.0138],[-105.108132,40.014138],[-105.10805,40.014446],[-105.108102,40.014446],[-105.108101,40.014477],[-105.110121,40.014481],[-105.110124,40.014034]]],[[[-105.111266,40.007593],[-105.11126,40.00783],[-105.111215,40.008],[-105.11077,40.008715],[-105.110451,40.009698],[-105.111471,40.009912],[-105.111762,40.010063],[-105.11189,40.010271],[-105.111869,40.010536],[-105.111448,40.011122],[-105.111662,40.011293],[-105.111829,40.011492],[-105.112198,40.01149],[-105.112194,40.011174],[-105.112149,40.011174],[-105.112149,40.010768],[-105.112192,40.010768],[-105.112157,40.007594],[-105.111266,40.007593]]]]}},{"type":"Feature","properties":{"type":"residential","acres":10.891917073768738,"family1_treatment":"allowed","family2_treatment":"prohibited","family3_treatment":"prohibited","family4_treatment":"prohibited","name":"Agricultural"},"geometry":{"type":"MultiPolygon","coordinates":[[[[-105.110124,40.014034],[-105.109738,40.014105],[-105.109276,40.014103],[-105.108941,40.014035],[-105.108352,40.0138],[-105.108132,40.014138],[-105.10805,40.014446],[-105.108102,40.014446],[-105.108101,40.014477],[-105.110121,40.014481],[-105.110124,40.014034]]],[[[-105.111266,40.007593],[-105.11126,40.00783],[-105.111215,40.008],[-105.11077,40.008715],[-105.110451,40.009698],[-105.111471,40.009912],[-105.111762,40.010063],[-105.11189,40.010271],[-105.111869,40.010536],[-105.111448,40.011122],[-105.111662,40.011293],[-105.111829,40.011492],[-105.112198,40.01149],[-105.112194,40.011174],[-105.112149,40.011174],[-105.112149,40.010768],[-105.112192,40.010768],[-105.112157,40.007594],[-105.111266,40.007593]]]]}},{"type":"Feature","properties":{"type":"mixed","acres":124.62249193350065,"family1_treatment":"hearing","family2_treatment":"allowed","family3_treatment":"allowed","family4_treatment":"allowed","name":"Community Business"},"geometry":{"type":"MultiPolygon","coordinates":[[[[-105.085199,39.998336],[-105.085199,39.998719],[-105.085376,39.99872],[-105.085377,39.998335],[-105.085199,39.998336]]],[[[-105.086671,39.998333],[-105.085597,39.998335],[-105.085595,39.99872],[-105.08667,39.998718],[-105.086671,39.998333]]],[[[-105.085599,39.998167],[-105.086672,39.998165],[-105.086674,39.997785],[-105.0856,39.997787],[-105.085599,39.998167]]],[[[-105.087961,39.998715],[-105.087963,39.998331],[-105.086886,39.998332],[-105.086884,39.998717],[-105.087961,39.998715]]],[[[-105.087965,39.997783],[-105.086889,39.997785],[-105.086887,39.998165],[-105.087963,39.998163],[-105.087965,39.997783]]],[[[-105.089254,39.998716],[-105.089253,39.99833],[-105.088178,39.99833],[-105.088176,39.998714],[-105.089254,39.998716]]],[[[-105.089256,39.997782],[-105.08818,39.997783],[-105.088179,39.998163],[-105.089255,39.998163],[-105.089256,39.997782]]],[[[-105.088477,39.982894],[-105.090376,39.982921],[-105.090376,39.982291],[-105.08964,39.982285],[-105.089653,39.981958],[-105.088475,39.981931],[-105.088477,39.982894]]],[[[-105.089304,39.993665],[-105.089463,39.993666],[-105.089459,39.9942],[-105.090346,39.994197],[-105.090385,39.991438],[-105.088978,39.991447],[-105.088954,39.993354],[-105.089297,39.99335],[-105.089304,39.993665]]],[[[-105.088983,39.991271],[-105.090388,39.991274],[-105.090392,39.99053],[-105.090346,39.99053],[-105.090347,39.990242],[-105.088986,39.990241],[-105.088983,39.991271]]],[[[-105.090372,40.000168],[-105.090367,39.999773],[-105.089458,39.999772],[-105.089455,40.000169],[-105.090372,40.000168]]],[[[-105.090361,39.99933],[-105.089462,39.999326],[-105.089459,39.999715],[-105.090366,39.999716],[-105.090361,39.99933]]],[[[-105.089463,39.999158],[-105.090362,39.999161],[-105.090362,39.998768],[-105.089465,39.998768],[-105.089463,39.999158]]],[[[-105.089467,39.998329],[-105.089465,39.998713],[-105.090362,39.998713],[-105.090362,39.998326],[-105.089467,39.998329]]],[[[-105.090362,39.997773],[-105.089469,39.997781],[-105.089468,39.998161],[-105.090362,39.998157],[-105.090362,39.997773]]],[[[-105.089992,39.994751],[-105.09035,39.99475],[-105.090344,39.994356],[-105.08999,39.99436],[-105.089992,39.994751]]],[[[-105.089991,39.994806],[-105.089994,39.99519],[-105.090356,39.995188],[-105.09035,39.994808],[-105.089991,39.994806]]],[[[-105.089998,39.99574],[-105.09036,39.995738],[-105.090356,39.995353],[-105.089994,39.995354],[-105.089998,39.99574]]],[[[-105.090001,39.996184],[-105.090362,39.996182],[-105.090357,39.995793],[-105.089999,39.995796],[-105.090001,39.996184]]],[[[-105.090008,39.996727],[-105.090369,39.996724],[-105.090364,39.996349],[-105.090003,39.99635],[-105.090008,39.996727]]],[[[-105.090003,39.997719],[-105.090362,39.997717],[-105.090362,39.997328],[-105.090004,39.997332],[-105.090003,39.997719]]],[[[-105.090006,39.997166],[-105.090364,39.997162],[-105.090369,39.996779],[-105.090009,39.996782],[-105.090006,39.997166]]],[[[-105.091622,39.994753],[-105.091615,39.994366],[-105.090547,39.994369],[-105.090553,39.994752],[-105.091622,39.994753]]],[[[-105.091092,39.994811],[-105.090554,39.99481],[-105.090568,39.995741],[-105.091104,39.995742],[-105.091092,39.994811]]],[[[-105.091584,39.993292],[-105.091593,39.992394],[-105.090576,39.992413],[-105.09056,39.994208],[-105.091229,39.994204],[-105.09121,39.993294],[-105.091584,39.993292]]],[[[-105.090911,39.995796],[-105.090569,39.995796],[-105.090575,39.996182],[-105.090914,39.99618],[-105.090911,39.995796]]],[[[-105.090913,39.996787],[-105.090584,39.996786],[-105.090578,39.997175],[-105.090909,39.997174],[-105.090913,39.996787]]],[[[-105.090915,39.996345],[-105.090578,39.996346],[-105.090584,39.996731],[-105.090914,39.996731],[-105.090915,39.996345]]],[[[-105.093638,39.989403],[-105.090673,39.989424],[-105.090671,39.990257],[-105.090598,39.990257],[-105.09058,39.992249],[-105.091035,39.992237],[-105.091042,39.99169],[-105.091102,39.99169],[-105.091102,39.991328],[-105.091031,39.99133],[-105.09103,39.990628],[-105.091098,39.990632],[-105.09112,39.990301],[-105.091111,39.990266],[-105.091071,39.990257],[-105.091171,39.990258],[-105.091171,39.990302],[-105.093627,39.990287],[-105.093638,39.989403]]],[[[-105.091146,39.998169],[-105.091145,39.997347],[-105.090597,39.997347],[-105.090599,39.99817],[-105.091146,39.998169]]],[[[-105.091145,39.999145],[-105.091146,39.998337],[-105.090619,39.998338],[-105.090627,39.999134],[-105.091145,39.999145]]],[[[-105.091916,39.999641],[-105.091146,39.999649],[-105.091145,39.999311],[-105.090629,39.999313],[-105.090634,40.000074],[-105.090676,40.000132],[-105.09076,40.000164],[-105.091473,40.000155],[-105.091468,39.999942],[-105.091523,39.999942],[-105.091526,40.000154],[-105.092228,40.000145],[-105.092226,39.999767],[-105.091918,39.999769],[-105.091916,39.999641]]],[[[-105.090899,39.987088],[-105.090901,39.987043],[-105.090631,39.987043],[-105.090629,39.987226],[-105.090895,39.987229],[-105.090899,39.987088]]],[[[-105.090899,39.987088],[-105.090972,39.98712],[-105.090968,39.987245],[-105.090687,39.98724],[-105.090673,39.98918],[-105.090717,39.989245],[-105.093958,39.98924],[-105.094101,39.989211],[-105.094202,39.989132],[-105.094232,39.98905],[-105.094194,39.987073],[-105.090899,39.987088]]],[[[-105.093498,39.99964],[-105.092431,39.99959],[-105.092445,40.000144],[-105.093522,40.000135],[-105.093498,39.99964]]],[[[-105.093868,39.971067],[-105.093857,39.971481],[-105.093096,39.971872],[-105.093098,39.972266],[-105.094902,39.972254],[-105.094925,39.971085],[-105.093868,39.971067]]],[[[-105.095395,40.000158],[-105.098179,40.000132],[-105.098172,39.999712],[-105.09475,39.999715],[-105.093603,39.999651],[-105.093626,40.000135],[-105.095395,40.000158]]],[[[-105.099851,39.999213],[-105.098706,39.999218],[-105.098717,39.999691],[-105.098384,39.999691],[-105.098391,40.000132],[-105.099871,40.000126],[-105.099868,40.000038],[-105.101437,40.000044],[-105.10144,39.999384],[-105.099866,39.999351],[-105.099851,39.999213]]],[[[-105.101399,39.985894],[-105.101499,39.986302],[-105.101527,39.986824],[-105.107616,39.986841],[-105.10765,39.986816],[-105.107643,39.986284],[-105.107573,39.985915],[-105.107441,39.985575],[-105.107166,39.985076],[-105.10704,39.984711],[-105.10651,39.984746],[-105.106484,39.984788],[-105.106512,39.984932],[-105.106497,39.98506],[-105.106358,39.985291],[-105.106099,39.985446],[-105.105708,39.985514],[-105.105697,39.985893],[-105.105781,39.986047],[-105.105742,39.986122],[-105.105649,39.986164],[-105.105524,39.986137],[-105.105466,39.986056],[-105.105539,39.98589],[-105.10553,39.98552],[-105.105219,39.985434],[-105.10504,39.985324],[-105.104874,39.98506],[-105.104866,39.984927],[-105.10454,39.9859],[-105.101399,39.985894]]],[[[-105.105124,39.984706],[-105.105046,39.984954],[-105.105069,39.985114],[-105.105188,39.985262],[-105.105373,39.98535],[-105.105893,39.985364],[-105.106022,39.985335],[-105.106238,39.985204],[-105.10634,39.985033],[-105.106345,39.98487],[-105.106277,39.984763],[-105.105746,39.984768],[-105.105176,39.984671],[-105.105124,39.984706]]],[[[-105.106309,39.987338],[-105.106494,39.987339],[-105.107831,39.98821],[-105.107725,39.988003],[-105.107658,39.987779],[-105.107623,39.987176],[-105.106342,39.987172],[-105.106309,39.987197],[-105.106309,39.987338]]],[[[-105.10954,40.001833],[-105.109545,40.001495],[-105.108607,40.001496],[-105.108487,40.001529],[-105.108296,40.001698],[-105.108246,40.001783],[-105.108247,40.002523],[-105.109853,40.002081],[-105.109852,40.001836],[-105.10954,40.001833]]],[[[-105.129879,39.996204],[-105.129997,39.996002],[-105.130158,39.995304],[-105.130247,39.995117],[-105.130286,39.994277],[-105.128368,39.994236],[-105.128368,39.99444],[-105.12812,39.994446],[-105.128116,39.995017],[-105.128163,39.995816],[-105.128205,39.996042],[-105.128419,39.996596],[-105.128792,39.997119],[-105.12927,39.996904],[-105.129362,39.996253],[-105.129879,39.996204]]],[[[-105.131767,39.997914],[-105.132018,39.997978],[-105.13226,39.998353],[-105.132219,39.998452],[-105.130792,39.998985],[-105.131038,39.999391],[-105.131189,39.999769],[-105.131561,40.000016],[-105.133606,39.999967],[-105.133632,39.999916],[-105.133641,39.999562],[-105.133762,39.99903],[-105.133735,39.998971],[-105.133623,39.998944],[-105.133382,39.999036],[-105.133308,39.998876],[-105.133271,39.998861],[-105.132916,39.998955],[-105.132508,39.998953],[-105.132476,39.998978],[-105.132496,39.999007],[-105.132326,39.998979],[-105.132471,39.998894],[-105.132924,39.998892],[-105.133151,39.998838],[-105.133244,39.998776],[-105.132572,39.997726],[-105.132484,39.99772],[-105.132411,39.997664],[-105.131767,39.997914]]],[[[-105.132656,39.997716],[-105.133381,39.998845],[-105.13356,39.998769],[-105.133622,39.998621],[-105.132932,39.997536],[-105.132762,39.997602],[-105.132656,39.997716]]],[[[-105.133861,39.998693],[-105.133757,39.998742],[-105.133759,39.998798],[-105.133797,39.998828],[-105.133874,39.998835],[-105.133923,39.9988],[-105.133931,39.998752],[-105.133861,39.998693]]],[[[-105.133879,39.999113],[-105.133762,39.999615],[-105.133778,39.999985],[-105.133821,39.999985],[-105.133823,39.999644],[-105.133879,39.999113]]]]}},{"type":"Feature","properties":{"type":"mixed","acres":294.4836676033758,"family1_treatment":"hearing","family2_treatment":"allowed","family3_treatment":"allowed","family4_treatment":"allowed","name":"Regional Business"},"geometry":{"type":"MultiPolygon","coordinates":[[[[-105.071729,39.996971],[-105.071704,40.000039],[-105.074136,40.00002],[-105.074341,39.999864],[-105.074361,39.997741],[-105.074329,39.997422],[-105.074259,39.997145],[-105.071727,39.997151],[-105.071729,39.996971],[-105.074197,39.99698],[-105.07399,39.996596],[-105.073744,39.996281],[-105.072544,39.995195],[-105.07224,39.994873],[-105.071971,39.994477],[-105.071782,39.994034],[-105.071729,39.996971]]],[[[-105.079756,40.000309],[-105.079157,40.000343],[-105.079136,40.001307],[-105.079343,40.001137],[-105.079567,40.000841],[-105.079669,40.000635],[-105.079756,40.000309]]],[[[-105.07988,39.999247],[-105.079909,39.9996],[-105.079858,40.000223],[-105.079962,40.000223],[-105.079962,40.000138],[-105.080308,40.00014],[-105.080307,39.999677],[-105.080414,39.999678],[-105.080416,39.999315],[-105.080083,39.999312],[-105.080073,39.99925],[-105.07988,39.999247]]],[[[-105.084555,39.972383],[-105.084471,39.972615],[-105.08432,39.972869],[-105.084289,39.97303],[-105.084355,39.973162],[-105.084555,39.973333],[-105.084594,39.973599],[-105.084711,39.973713],[-105.088016,39.975147],[-105.088253,39.975182],[-105.089166,39.975189],[-105.0895,39.975259],[-105.089502,39.975139],[-105.089837,39.975141],[-105.089837,39.973266],[-105.089621,39.973269],[-105.089622,39.973156],[-105.089838,39.973153],[-105.089837,39.972567],[-105.089789,39.972509],[-105.084555,39.972383]]],[[[-105.090344,39.98292],[-105.088029,39.982891],[-105.088062,39.986016],[-105.088146,39.986046],[-105.088264,39.986017],[-105.088563,39.985613],[-105.088674,39.985376],[-105.0889,39.984445],[-105.088904,39.983484],[-105.090202,39.983495],[-105.090294,39.983465],[-105.090341,39.983395],[-105.090344,39.98292]]],[[[-105.089137,39.987036],[-105.088285,39.987026],[-105.088212,39.987079],[-105.088157,39.987767],[-105.088207,39.987946],[-105.088324,39.988121],[-105.088606,39.988323],[-105.088933,39.988413],[-105.090225,39.988424],[-105.090332,39.988368],[-105.090339,39.987761],[-105.089129,39.987745],[-105.089137,39.987036]]],[[[-105.088256,39.986319],[-105.088256,39.986768],[-105.089365,39.986778],[-105.089364,39.986841],[-105.089727,39.986843],[-105.089725,39.986782],[-105.090334,39.986783],[-105.090409,39.986731],[-105.090404,39.986276],[-105.09035,39.986276],[-105.090341,39.983763],[-105.090299,39.983691],[-105.090199,39.983659],[-105.089272,39.98365],[-105.089158,39.983668],[-105.089088,39.983717],[-105.089071,39.984482],[-105.088832,39.98544],[-105.08872,39.985671],[-105.088256,39.986319]]],[[[-105.088686,39.990094],[-105.090316,39.990094],[-105.090322,39.989273],[-105.090373,39.989274],[-105.09036,39.988608],[-105.090265,39.988567],[-105.089037,39.988562],[-105.088819,39.988532],[-105.088672,39.988586],[-105.088297,39.989233],[-105.088474,39.989331],[-105.088473,39.989729],[-105.088574,39.989808],[-105.088686,39.989971],[-105.088686,39.990094]]],[[[-105.088986,39.990241],[-105.088525,39.990522],[-105.088995,39.990528],[-105.088986,39.990241]]],[[[-105.090687,39.987227],[-105.090968,39.987245],[-105.090972,39.98712],[-105.090899,39.987088],[-105.090895,39.987229],[-105.090687,39.987227]]],[[[-105.09153,39.981363],[-105.090792,39.981363],[-105.090716,39.981408],[-105.090713,39.98331],[-105.090723,39.983403],[-105.090766,39.983427],[-105.091523,39.983424],[-105.09153,39.981363]]],[[[-105.090726,39.985131],[-105.090723,39.986715],[-105.090794,39.98677],[-105.091637,39.986777],[-105.091647,39.985148],[-105.090726,39.985131]]],[[[-105.092865,39.986767],[-105.096208,39.986794],[-105.096251,39.986772],[-105.096253,39.985457],[-105.096185,39.985263],[-105.09606,39.985117],[-105.095065,39.984486],[-105.094984,39.98449],[-105.094464,39.984912],[-105.094042,39.985106],[-105.093584,39.985208],[-105.092844,39.985229],[-105.09284,39.986735],[-105.092865,39.986767]]],[[[-105.095289,39.988864],[-105.094452,39.988856],[-105.094446,39.98911],[-105.094339,39.989273],[-105.094585,39.989456],[-105.094644,39.989546],[-105.095264,39.989556],[-105.095212,39.990236],[-105.096493,39.990242],[-105.09624,39.989403],[-105.096265,39.989358],[-105.095784,39.989178],[-105.095289,39.988864]]],[[[-105.094425,39.987081],[-105.094449,39.988707],[-105.095307,39.988724],[-105.095446,39.988779],[-105.095796,39.989017],[-105.096034,39.989137],[-105.096359,39.989236],[-105.096697,39.989275],[-105.096999,39.989274],[-105.097129,39.989227],[-105.097537,39.988692],[-105.097812,39.988806],[-105.098115,39.988806],[-105.098094,39.987313],[-105.097926,39.987184],[-105.096562,39.987178],[-105.096562,39.987136],[-105.094425,39.987081]]],[[[-105.095207,39.981848],[-105.095189,39.983322],[-105.098037,39.983329],[-105.098004,39.98207],[-105.09758,39.982074],[-105.097222,39.982122],[-105.095983,39.982118],[-105.095646,39.982045],[-105.095207,39.981848]],[[-105.09566,39.983322],[-105.095768,39.983322],[-105.095878,39.983322],[-105.09566,39.983322]]],[[[-105.097514,39.980517],[-105.097007,39.980569],[-105.096578,39.980399],[-105.096245,39.980614],[-105.0952,39.980784],[-105.095201,39.981648],[-105.095718,39.98189],[-105.095983,39.981957],[-105.097222,39.981962],[-105.097561,39.981911],[-105.098,39.981905],[-105.097991,39.981517],[-105.097819,39.981004],[-105.097514,39.980517]]],[[[-105.096603,39.990243],[-105.097516,39.990247],[-105.097541,39.989979],[-105.097506,39.989979],[-105.097544,39.989921],[-105.098336,39.989906],[-105.098171,39.989401],[-105.098124,39.989001],[-105.097528,39.989035],[-105.09745,39.989086],[-105.097273,39.989303],[-105.097072,39.989395],[-105.096678,39.989409],[-105.096369,39.989379],[-105.096352,39.989408],[-105.096603,39.990243]]],[[[-105.097704,39.984794],[-105.097618,39.98489],[-105.097438,39.984898],[-105.096432,39.985268],[-105.096464,39.985487],[-105.096486,39.986784],[-105.097869,39.986795],[-105.098062,39.986695],[-105.098081,39.984781],[-105.098033,39.984688],[-105.097704,39.984794]]],[[[-105.100283,40.001617],[-105.100334,40.001851],[-105.100471,40.00206],[-105.101128,40.002551],[-105.101334,40.002799],[-105.10142,40.003058],[-105.101426,40.003665],[-105.101458,40.003725],[-105.10155,40.003761],[-105.10258,40.003755],[-105.102594,40.000559],[-105.102392,40.000394],[-105.100577,40.00041],[-105.100529,40.000893],[-105.100314,40.001415],[-105.100283,40.001617]]],[[[-105.101148,40.005956],[-105.101149,40.006044],[-105.101203,40.006044],[-105.101193,40.005994],[-105.101148,40.005956]]],[[[-105.102665,40.006033],[-105.102665,40.003984],[-105.101512,40.004007],[-105.101449,40.004087],[-105.101435,40.00434],[-105.101267,40.004916],[-105.10126,40.005857],[-105.101339,40.005966],[-105.101354,40.006043],[-105.102665,40.006033]]],[[[-105.103152,40.010547],[-105.103152,40.010766],[-105.104728,40.010764],[-105.104013,40.010561],[-105.103152,40.010547]]],[[[-105.103178,40.007647],[-105.103153,40.01021],[-105.103579,40.010213],[-105.104188,40.010279],[-105.105189,40.010574],[-105.105463,40.010627],[-105.10724,40.010642],[-105.107324,40.010601],[-105.107343,40.009884],[-105.107273,40.009659],[-105.107089,40.00945],[-105.106408,40.009012],[-105.106304,40.008896],[-105.10625,40.008778],[-105.106234,40.008674],[-105.106262,40.008531],[-105.106582,40.008013],[-105.106679,40.007703],[-105.103178,40.007647]]],[[[-105.106683,40.007369],[-105.10667,40.006461],[-105.106595,40.006285],[-105.106364,40.005969],[-105.106276,40.005649],[-105.106289,40.003955],[-105.106239,40.003918],[-105.103886,40.003911],[-105.103351,40.003938],[-105.103208,40.00405],[-105.103174,40.007366],[-105.106683,40.007369]]],[[[-105.103228,40.000527],[-105.103196,40.003614],[-105.103362,40.003738],[-105.104256,40.003753],[-105.10436,40.002668],[-105.104334,40.002307],[-105.104189,40.001913],[-105.104197,40.001688],[-105.104296,40.001479],[-105.104485,40.0013],[-105.104755,40.001173],[-105.105044,40.001123],[-105.105021,40.000396],[-105.103407,40.000391],[-105.103228,40.000527]]],[[[-105.10332,39.998285],[-105.103206,39.998816],[-105.103198,39.999856],[-105.10338,39.999993],[-105.104129,39.999995],[-105.10412,39.998284],[-105.10332,39.998285]]],[[[-105.104008,40.01042],[-105.104481,40.010524],[-105.104506,40.010506],[-105.104057,40.010379],[-105.103251,40.010392],[-105.10325,40.010431],[-105.104008,40.01042]]],[[[-105.105384,40.001758],[-105.105187,40.001532],[-105.105076,40.001291],[-105.104826,40.00133],[-105.104601,40.001444],[-105.104452,40.001612],[-105.104397,40.001811],[-105.104568,40.002396],[-105.104565,40.002288],[-105.105384,40.001758]]],[[[-105.104571,40.002616],[-105.104477,40.003753],[-105.104732,40.003753],[-105.104734,40.002626],[-105.104571,40.002616]]],[[[-105.104783,40.010576],[-105.104734,40.010637],[-105.105029,40.010652],[-105.104783,40.010576]]],[[[-105.106147,40.000346],[-105.105286,40.000348],[-105.105225,40.000384],[-105.105259,40.001196],[-105.105336,40.001409],[-105.105466,40.001592],[-105.106179,40.001229],[-105.106007,40.001081],[-105.105893,40.000845],[-105.106107,40.000788],[-105.106099,40.000438],[-105.106147,40.000346]]],[[[-105.106476,40.008944],[-105.106854,40.009147],[-105.107172,40.009352],[-105.107341,40.009509],[-105.107368,40.009501],[-105.107198,40.009336],[-105.106616,40.008963],[-105.106476,40.008944]]],[[[-105.107527,40.005652],[-105.106508,40.005653],[-105.106583,40.005946],[-105.106768,40.006166],[-105.107529,40.006185],[-105.107527,40.005652]]],[[[-105.107538,40.006332],[-105.106985,40.006325],[-105.106894,40.006378],[-105.106897,40.007484],[-105.107514,40.007477],[-105.107538,40.006332]]],[[[-105.12673,40.017079],[-105.126754,40.016792],[-105.12689,40.016575],[-105.127168,40.016395],[-105.127469,40.016332],[-105.127778,40.016363],[-105.128702,40.016663],[-105.128887,40.016759],[-105.129076,40.016934],[-105.129443,40.016871],[-105.129728,40.016869],[-105.130154,40.016967],[-105.130218,40.017017],[-105.130236,40.017088],[-105.130903,40.017092],[-105.130904,40.016875],[-105.130608,40.016809],[-105.129997,40.016525],[-105.129142,40.016402],[-105.128307,40.016033],[-105.12785,40.015998],[-105.127842,40.014895],[-105.126375,40.014897],[-105.126399,40.017078],[-105.12673,40.017079]]],[[[-105.128945,40.017087],[-105.128862,40.016924],[-105.128686,40.016794],[-105.127591,40.016459],[-105.127337,40.016477],[-105.127115,40.01657],[-105.126959,40.016723],[-105.126892,40.016915],[-105.126895,40.01699],[-105.126937,40.017016],[-105.127375,40.017022],[-105.127683,40.017077],[-105.128945,40.017087]]],[[[-105.127583,40.013347],[-105.127657,40.013615],[-105.127973,40.014059],[-105.128019,40.014222],[-105.128024,40.014449],[-105.12806,40.014482],[-105.129945,40.014479],[-105.129908,40.014474],[-105.12987,40.01431],[-105.129738,40.014014],[-105.129538,40.013851],[-105.129403,40.013816],[-105.129271,40.013884],[-105.129189,40.013886],[-105.128932,40.013817],[-105.12894,40.013747],[-105.128053,40.013693],[-105.128082,40.013416],[-105.127583,40.013347]]],[[[-105.129131,40.013062],[-105.128953,40.013025],[-105.128788,40.012945],[-105.128626,40.012813],[-105.12851,40.012649],[-105.128427,40.012615],[-105.128024,40.012722],[-105.127835,40.012843],[-105.127718,40.012962],[-105.12837,40.013306],[-105.128844,40.013017],[-105.129131,40.013062]]],[[[-105.130905,40.016712],[-105.130914,40.014897],[-105.128057,40.014895],[-105.128074,40.015805],[-105.1285,40.015917],[-105.129187,40.01624],[-105.130079,40.016371],[-105.130683,40.016656],[-105.130905,40.016712]]],[[[-105.129916,40.017092],[-105.129833,40.017011],[-105.129616,40.016986],[-105.129336,40.017009],[-105.129132,40.017055],[-105.129105,40.017086],[-105.129916,40.017092]]],[[[-105.129914,40.012857],[-105.129446,40.013024],[-105.129732,40.012929],[-105.129759,40.012947],[-105.129448,40.013092],[-105.129538,40.013266],[-105.129935,40.013258],[-105.129915,40.013362],[-105.129984,40.013439],[-105.130386,40.013458],[-105.130312,40.012864],[-105.130167,40.012865],[-105.129934,40.012947],[-105.129914,40.012857]]],[[[-105.135804,40.012111],[-105.131348,40.012141],[-105.131356,40.012694],[-105.13235,40.012697],[-105.132474,40.012728],[-105.132838,40.012944],[-105.134244,40.012945],[-105.134592,40.013027],[-105.134709,40.013101],[-105.134789,40.013205],[-105.134824,40.01334],[-105.134815,40.013746],[-105.134689,40.013906],[-105.1344,40.01403],[-105.134256,40.014139],[-105.134168,40.014286],[-105.134149,40.014477],[-105.134061,40.014477],[-105.134059,40.014594],[-105.135811,40.014591],[-105.135804,40.012111]]],[[[-105.13465,40.013665],[-105.134623,40.013254],[-105.134498,40.013147],[-105.134331,40.0131],[-105.132895,40.013092],[-105.132685,40.013043],[-105.132332,40.012832],[-105.131354,40.01283],[-105.131364,40.01448],[-105.133968,40.014477],[-105.133987,40.014267],[-105.134091,40.014081],[-105.134271,40.013934],[-105.134566,40.013807],[-105.13465,40.013665]]]]}},{"type":"Feature","properties":{"type":"mixed","acres":96.55481117309772,"family1_treatment":"allowed","family2_treatment":"hearing","family3_treatment":"hearing","family4_treatment":"hearing","name":"Regional Business Industrial"},"geometry":{"type":"MultiPolygon","coordinates":[[[[-105.089877,39.965269],[-105.08989,39.961286],[-105.089855,39.961286],[-105.089859,39.959933],[-105.087897,39.959929],[-105.087438,39.959981],[-105.087244,39.960655],[-105.087051,39.961497],[-105.086641,39.962635],[-105.086125,39.96376],[-105.085268,39.965304],[-105.089877,39.965269]]],[[[-105.09073,39.983538],[-105.090727,39.983566],[-105.090902,39.983586],[-105.091442,39.983548],[-105.09073,39.983538]]],[[[-105.091637,39.986775],[-105.092585,39.986772],[-105.092629,39.986748],[-105.09263,39.985049],[-105.093465,39.985053],[-105.093958,39.984959],[-105.094211,39.984855],[-105.094436,39.98472],[-105.094818,39.984387],[-105.094822,39.98434],[-105.093672,39.983628],[-105.093381,39.983506],[-105.093068,39.983431],[-105.09282,39.983403],[-105.092553,39.983415],[-105.09161,39.983629],[-105.090781,39.983653],[-105.090715,39.983682],[-105.090726,39.985131],[-105.091647,39.985148],[-105.091637,39.986775]]],[[[-105.095201,39.981648],[-105.095202,39.980492],[-105.095173,39.980491],[-105.09517,39.980536],[-105.090723,39.980458],[-105.090726,39.981097],[-105.090774,39.981137],[-105.092269,39.981141],[-105.092922,39.981086],[-105.093393,39.981114],[-105.093916,39.981208],[-105.094929,39.98153],[-105.095201,39.981648]]],[[[-105.090737,39.981256],[-105.09095,39.98129],[-105.091419,39.981258],[-105.091416,39.98125],[-105.090737,39.981256]]],[[[-105.091523,39.983424],[-105.092559,39.983222],[-105.092649,39.983157],[-105.09262,39.982076],[-105.092509,39.98141],[-105.092452,39.981346],[-105.09153,39.981363],[-105.091523,39.983424]]],[[[-105.091634,39.981265],[-105.09201,39.98128],[-105.092404,39.981217],[-105.091854,39.981264],[-105.091634,39.981265]]],[[[-105.092618,39.983299],[-105.092121,39.983381],[-105.091661,39.983536],[-105.092186,39.983414],[-105.092304,39.983357],[-105.092618,39.983299]]],[[[-105.092604,39.981341],[-105.092646,39.981674],[-105.092723,39.981846],[-105.092703,39.981675],[-105.092649,39.981569],[-105.092604,39.981341]]],[[[-105.092719,39.982002],[-105.092739,39.982291],[-105.092789,39.982514],[-105.092798,39.982249],[-105.092719,39.982002]]],[[[-105.092764,39.982677],[-105.092743,39.982854],[-105.092784,39.982972],[-105.092799,39.9832],[-105.092803,39.982851],[-105.092764,39.982677]]],[[[-105.095207,39.981848],[-105.093671,39.981359],[-105.093199,39.981291],[-105.092825,39.981307],[-105.092765,39.981399],[-105.092887,39.982148],[-105.092922,39.98319],[-105.093001,39.983251],[-105.093382,39.983329],[-105.093724,39.983457],[-105.094938,39.984201],[-105.095008,39.984204],[-105.095594,39.983641],[-105.09567,39.983476],[-105.09566,39.983331],[-105.095189,39.983322],[-105.095207,39.981848]]],[[[-105.093476,39.981233],[-105.09378,39.981276],[-105.0933,39.98118],[-105.092786,39.981212],[-105.093476,39.981233]]],[[[-105.093969,39.981317],[-105.093964,39.981348],[-105.094378,39.981485],[-105.094409,39.981472],[-105.093969,39.981317]]],[[[-105.098037,39.983329],[-105.095879,39.983332],[-105.095876,39.983531],[-105.095804,39.98369],[-105.095175,39.984333],[-105.09614,39.984947],[-105.09634,39.985104],[-105.09734,39.984752],[-105.097497,39.984637],[-105.097634,39.984659],[-105.097704,39.984794],[-105.098033,39.984688],[-105.098037,39.983329]]],[[[-105.101988,39.998282],[-105.101444,39.998284],[-105.101437,39.999964],[-105.102219,39.999958],[-105.102399,39.99982],[-105.102422,39.998995],[-105.102536,39.998328],[-105.10199,39.998325],[-105.101988,39.998282]]]]}},{"type":"Feature","properties":{"type":"mixed","acres":168.5840489787336,"family1_treatment":"allowed","family2_treatment":"prohibited","family3_treatment":"prohibited","family4_treatment":"prohibited","name":"Developing Resource"},"geometry":{"type":"MultiPolygon","coordinates":[[[[-105.069234,39.989434],[-105.068273,39.989428],[-105.067355,39.990528],[-105.06922,39.990549],[-105.069234,39.989434]]],[[[-105.075855,39.991647],[-105.075863,39.991752],[-105.075727,39.991745],[-105.076127,39.992043],[-105.076027,39.992101],[-105.075878,39.992295],[-105.075901,39.992418],[-105.07586,39.992529],[-105.075923,39.992772],[-105.075919,39.993142],[-105.077628,39.993187],[-105.077943,39.993551],[-105.078182,39.993954],[-105.078368,39.993991],[-105.07834,39.993904],[-105.079103,39.993901],[-105.079085,39.99357],[-105.078155,39.993571],[-105.077888,39.993223],[-105.077553,39.992905],[-105.075855,39.991647]]],[[[-105.082418,39.993356],[-105.081079,39.993349],[-105.081082,39.993971],[-105.082318,39.99405],[-105.08233,39.99371],[-105.082408,39.99371],[-105.082418,39.993356]]],[[[-105.083509,39.979763],[-105.083509,39.97992],[-105.084465,39.979964],[-105.085244,39.979901],[-105.086047,39.979945],[-105.086048,39.979853],[-105.083509,39.979763]]],[[[-105.08929,39.981102],[-105.089413,39.981163],[-105.090189,39.981172],[-105.090295,39.981129],[-105.090329,39.981055],[-105.090324,39.980256],[-105.088821,39.980036],[-105.088801,39.980117],[-105.08972,39.980252],[-105.08976,39.980313],[-105.08954,39.980477],[-105.089617,39.980521],[-105.089814,39.98035],[-105.089935,39.980365],[-105.090006,39.980456],[-105.089968,39.980833],[-105.089556,39.981097],[-105.08929,39.981102]]],[[[-105.095195,39.976077],[-105.091042,39.976075],[-105.091266,39.976359],[-105.091611,39.976689],[-105.092225,39.97711],[-105.092817,39.977376],[-105.093793,39.977651],[-105.093972,39.977398],[-105.094252,39.977249],[-105.094725,39.977121],[-105.095008,39.97712],[-105.095199,39.977154],[-105.095195,39.976077]]],[[[-105.095693,40.002971],[-105.093476,40.00297],[-105.09347,40.003864],[-105.095691,40.003861],[-105.095693,40.002971]]],[[[-105.0952,39.977295],[-105.094845,39.977242],[-105.094451,39.977321],[-105.094292,39.977414],[-105.09418,39.977527],[-105.094085,39.977723],[-105.095203,39.978],[-105.0952,39.977295]]],[[[-105.097514,39.980517],[-105.097103,39.979924],[-105.097304,39.979818],[-105.095353,39.978619],[-105.095205,39.978569],[-105.0952,39.980784],[-105.096245,39.980614],[-105.096578,39.980399],[-105.097007,39.980569],[-105.097514,39.980517]]],[[[-105.108229,40.00306],[-105.108035,40.002634],[-105.108033,40.001813],[-105.10806,40.001697],[-105.10831,40.001437],[-105.108478,40.001351],[-105.10944,40.001331],[-105.109514,40.001301],[-105.109535,40.001258],[-105.109531,40.000438],[-105.109466,40.000354],[-105.10752,40.000342],[-105.107562,40.003262],[-105.108229,40.00306]]],[[[-105.109482,40.009907],[-105.109517,40.009575],[-105.108428,40.009336],[-105.108112,40.009364],[-105.108032,40.009543],[-105.109482,40.009907]]],[[[-105.108337,40.008218],[-105.10804,40.008218],[-105.108046,40.008464],[-105.108239,40.0092],[-105.108496,40.009199],[-105.108499,40.009046],[-105.108343,40.008462],[-105.108337,40.008218]]],[[[-105.111266,40.007593],[-105.112157,40.007594],[-105.112194,40.011174],[-105.112279,40.011205],[-105.112245,40.007472],[-105.114585,40.007458],[-105.11455,40.001103],[-105.114569,40.000324],[-105.109842,40.000342],[-105.109842,40.000398],[-105.109807,40.000398],[-105.109784,40.001219],[-105.109848,40.001213],[-105.10985,40.001496],[-105.109546,40.001495],[-105.10954,40.001833],[-105.109852,40.001836],[-105.109889,40.007482],[-105.110852,40.007479],[-105.111101,40.007481],[-105.110447,40.007482],[-105.110444,40.007754],[-105.110885,40.007791],[-105.110867,40.007874],[-105.110452,40.008521],[-105.110128,40.0084],[-105.110083,40.008466],[-105.109929,40.008852],[-105.11028,40.008915],[-105.110068,40.009605],[-105.109706,40.009558],[-105.109672,40.009777],[-105.109986,40.009802],[-105.109944,40.009931],[-105.109855,40.009915],[-105.111157,40.01023],[-105.111129,40.010285],[-105.109902,40.009987],[-105.109665,40.009966],[-105.109662,40.009993],[-105.109569,40.009994],[-105.109587,40.010242],[-105.109699,40.010783],[-105.110484,40.010847],[-105.111223,40.011063],[-105.110898,40.011484],[-105.110239,40.011322],[-105.109724,40.011275],[-105.10973,40.011521],[-105.10967,40.011762],[-105.1095,40.012041],[-105.109277,40.012598],[-105.109044,40.012977],[-105.109292,40.013137],[-105.108823,40.013459],[-105.108409,40.013824],[-105.108941,40.014035],[-105.109276,40.014103],[-105.109738,40.014105],[-105.110124,40.014034],[-105.110494,40.013889],[-105.1108,40.013721],[-105.111357,40.013281],[-105.111615,40.013136],[-105.111697,40.013036],[-105.111758,40.012682],[-105.111995,40.0122],[-105.112008,40.011929],[-105.111926,40.011672],[-105.111829,40.011492],[-105.111662,40.011293],[-105.111448,40.011122],[-105.111842,40.010599],[-105.111894,40.010422],[-105.111883,40.010245],[-105.111762,40.010063],[-105.111543,40.009934],[-105.11089,40.00977],[-105.110451,40.009698],[-105.11077,40.008715],[-105.111215,40.008],[-105.11126,40.00783],[-105.111266,40.007593]],[[-105.110447,40.007592],[-105.110856,40.007593],[-105.110821,40.007593],[-105.110447,40.007592]],[[-105.111266,40.007593],[-105.111216,40.007593],[-105.11093,40.007593],[-105.111266,40.007593]],[[-105.11076,40.012525],[-105.110485,40.012822],[-105.10986,40.012594],[-105.109989,40.012367],[-105.110026,40.012377],[-105.110218,40.012043],[-105.111254,40.012374],[-105.111809,40.012469],[-105.111683,40.01274],[-105.1111,40.01264],[-105.11076,40.012525]],[[-105.11035,40.013062],[-105.110554,40.012857],[-105.110632,40.012901],[-105.110608,40.012925],[-105.110868,40.013011],[-105.110841,40.013059],[-105.111341,40.01323],[-105.111136,40.013391],[-105.110532,40.01319],[-105.11035,40.013062]]],[[[-105.109889,40.007482],[-105.108043,40.007474],[-105.108042,40.007599],[-105.109936,40.007593],[-105.109936,40.007797],[-105.109897,40.007797],[-105.109835,40.008089],[-105.110064,40.008164],[-105.110223,40.007873],[-105.110254,40.007482],[-105.109889,40.007482]]],[[[-105.109702,40.008218],[-105.108417,40.008217],[-105.108421,40.008443],[-105.108576,40.009026],[-105.108576,40.009206],[-105.109193,40.009357],[-105.109403,40.008756],[-105.109737,40.008816],[-105.109852,40.008504],[-105.109986,40.008284],[-105.109702,40.008218]]],[[[-105.109504,40.008835],[-105.10945,40.008859],[-105.109269,40.009378],[-105.10954,40.009434],[-105.10972,40.008873],[-105.109504,40.008835]]],[[[-105.109672,40.000393],[-105.109652,40.000405],[-105.109674,40.000898],[-105.10969,40.000886],[-105.109672,40.000393]]],[[[-105.109678,40.001026],[-105.10966,40.001037],[-105.109675,40.001325],[-105.109691,40.001316],[-105.109678,40.001026]]],[[[-105.110141,40.008951],[-105.10991,40.008907],[-105.109725,40.009498],[-105.10996,40.00953],[-105.110013,40.009502],[-105.110173,40.008992],[-105.110141,40.008951]]],[[[-105.110434,40.007815],[-105.110344,40.008062],[-105.110163,40.008347],[-105.110376,40.008427],[-105.110436,40.008413],[-105.110779,40.007885],[-105.110738,40.007839],[-105.110434,40.007815]]],[[[-105.11899,40.000089],[-105.119662,40.00009],[-105.119675,39.999037],[-105.119033,39.999033],[-105.11899,40.000089]]],[[[-105.12836,39.994236],[-105.128114,39.994236],[-105.128112,39.994447],[-105.12836,39.994446],[-105.12836,39.994236]]],[[[-105.130286,39.994277],[-105.130247,39.995117],[-105.130158,39.995304],[-105.129997,39.996002],[-105.129875,39.99621],[-105.129362,39.996253],[-105.12927,39.996904],[-105.128784,39.997123],[-105.130414,39.998554],[-105.130792,39.998984],[-105.132218,39.998452],[-105.132259,39.998355],[-105.132018,39.997978],[-105.131352,39.997815],[-105.131186,39.997563],[-105.131345,39.997193],[-105.131258,39.997063],[-105.130877,39.99696],[-105.130723,39.996705],[-105.130827,39.99647],[-105.130774,39.996422],[-105.130864,39.996385],[-105.130906,39.996291],[-105.13086,39.996226],[-105.130943,39.996208],[-105.131002,39.996074],[-105.130831,39.995901],[-105.130372,39.995888],[-105.130677,39.994651],[-105.130873,39.994519],[-105.130724,39.994376],[-105.130803,39.994334],[-105.130635,39.994286],[-105.130286,39.994277]]],[[[-105.135749,39.998516],[-105.135696,40.000061],[-105.136429,40.000062],[-105.136477,39.998341],[-105.136268,39.998238],[-105.135749,39.998516]]]]}},{"type":"Feature","properties":{"type":"nonresidential","acres":482.18486799807636,"family1_treatment":"prohibited","family2_treatment":"prohibited","family3_treatment":"prohibited","family4_treatment":"prohibited","name":"Industrial"},"geometry":{"type":"MultiPolygon","coordinates":[[[[-105.062359,39.982986],[-105.066064,39.983045],[-105.066252,39.981609],[-105.066901,39.9815],[-105.066186,39.980667],[-105.067017,39.980199],[-105.069105,39.980262],[-105.070461,39.98034],[-105.070454,39.980263],[-105.070394,39.980223],[-105.069764,39.980207],[-105.069354,39.980116],[-105.068313,39.979548],[-105.068227,39.979546],[-105.067777,39.979927],[-105.06754,39.980058],[-105.067238,39.980132],[-105.066539,39.980166],[-105.06635,39.980231],[-105.066189,39.980338],[-105.066076,39.98048],[-105.066024,39.980637],[-105.066099,39.981259],[-105.066031,39.981583],[-105.065844,39.981841],[-105.065177,39.982421],[-105.064811,39.982576],[-105.064398,39.982625],[-105.064008,39.982569],[-105.063647,39.982407],[-105.063304,39.982117],[-105.063196,39.981953],[-105.063131,39.981782],[-105.063112,39.981536],[-105.063212,39.981079],[-105.063219,39.980659],[-105.063145,39.980622],[-105.062365,39.98062],[-105.062365,39.98048],[-105.063149,39.980484],[-105.063232,39.980432],[-105.063251,39.978302],[-105.06328,39.978153],[-105.063356,39.978006],[-105.063569,39.977804],[-105.063853,39.97768],[-105.063987,39.977652],[-105.064687,39.977656],[-105.065071,39.97778],[-105.065965,39.97832],[-105.066733,39.97852],[-105.066826,39.978432],[-105.066873,39.9783],[-105.066781,39.977856],[-105.066825,39.977597],[-105.067042,39.977277],[-105.067401,39.977003],[-105.067461,39.976908],[-105.067455,39.976849],[-105.067393,39.976825],[-105.065409,39.976819],[-105.065147,39.976891],[-105.065057,39.976861],[-105.065002,39.976798],[-105.064997,39.976724],[-105.065041,39.976659],[-105.065179,39.976616],[-105.065395,39.976684],[-105.071644,39.976688],[-105.071749,39.976586],[-105.071754,39.975885],[-105.062391,39.975847],[-105.062368,39.979449],[-105.057597,39.979415],[-105.057607,39.982979],[-105.062359,39.982986]],[[-105.05977,39.98087],[-105.05983,39.9809],[-105.05981,39.9816],[-105.05972,39.98178],[-105.05975,39.98194],[-105.05922,39.98206],[-105.05919,39.98197],[-105.05939,39.98165],[-105.05949,39.98158],[-105.05958,39.98141],[-105.05962,39.98114],[-105.05971,39.98089],[-105.05977,39.98087]]],[[[-105.064161,39.977777],[-105.063907,39.977809],[-105.063699,39.977898],[-105.063527,39.978051],[-105.063441,39.97823],[-105.063405,39.980906],[-105.063289,39.98164],[-105.063331,39.981832],[-105.063414,39.98199],[-105.063539,39.982133],[-105.063733,39.982281],[-105.064089,39.982439],[-105.064521,39.982479],[-105.064831,39.982417],[-105.065086,39.982297],[-105.065807,39.981633],[-105.065886,39.98148],[-105.06592,39.981298],[-105.065849,39.980747],[-105.065856,39.980594],[-105.065932,39.9804],[-105.066077,39.980234],[-105.066271,39.98011],[-105.066489,39.980036],[-105.06722,39.979993],[-105.06747,39.97993],[-105.067693,39.979799],[-105.068048,39.979486],[-105.068069,39.979437],[-105.068039,39.979386],[-105.066834,39.97873],[-105.065823,39.978416],[-105.064911,39.977866],[-105.064619,39.977789],[-105.064161,39.977777]]],[[[-105.069351,39.982963],[-105.069176,39.98297],[-105.069058,39.981586],[-105.068772,39.981618],[-105.068302,39.981949],[-105.067938,39.982529],[-105.066899,39.983059],[-105.071715,39.983091],[-105.071769,39.980421],[-105.071719,39.980359],[-105.071538,39.980281],[-105.070675,39.980271],[-105.070638,39.980314],[-105.070634,39.980531],[-105.070577,39.980822],[-105.070396,39.980959],[-105.069602,39.981233],[-105.069492,39.981538],[-105.069233,39.981567],[-105.069351,39.982963]]],[[[-105.071484,39.976847],[-105.067677,39.976831],[-105.067569,39.977058],[-105.067192,39.977347],[-105.066999,39.97761],[-105.066963,39.977849],[-105.067056,39.97829],[-105.06694,39.978601],[-105.068161,39.979292],[-105.068236,39.979302],[-105.068451,39.979123],[-105.068597,39.978747],[-105.068801,39.97849],[-105.069237,39.978201],[-105.069335,39.978178],[-105.069436,39.978202],[-105.069512,39.978288],[-105.069486,39.978394],[-105.069363,39.978454],[-105.069138,39.978435],[-105.068917,39.978588],[-105.06876,39.97879],[-105.068626,39.979161],[-105.068409,39.979407],[-105.06844,39.979452],[-105.069216,39.979895],[-105.069462,39.980001],[-105.069434,39.979405],[-105.070018,39.97805],[-105.070021,39.977682],[-105.071484,39.976847]]],[[[-105.068739,39.988601],[-105.071756,39.988685],[-105.071768,39.988508],[-105.071586,39.988316],[-105.071596,39.986876],[-105.071292,39.986772],[-105.070965,39.986768],[-105.070966,39.986689],[-105.070329,39.986683],[-105.068739,39.988601]]],[[[-105.070505,39.990018],[-105.069409,39.990004],[-105.069405,39.990386],[-105.070502,39.9904],[-105.070505,39.990018]]],[[[-105.07051,39.989584],[-105.069416,39.989574],[-105.06941,39.989957],[-105.070506,39.989972],[-105.07051,39.989584]]],[[[-105.070679,39.99002],[-105.070676,39.990402],[-105.071689,39.990415],[-105.07169,39.990034],[-105.070679,39.99002]]],[[[-105.071691,39.989607],[-105.070682,39.989593],[-105.070679,39.989975],[-105.07169,39.989989],[-105.071691,39.989607]]],[[[-105.07184,39.988187],[-105.071907,39.988188],[-105.071904,39.988702],[-105.071839,39.98884],[-105.071837,39.990998],[-105.074759,39.991022],[-105.075727,39.991745],[-105.075863,39.991752],[-105.075881,39.990362],[-105.07476,39.990344],[-105.074787,39.988167],[-105.07184,39.988187]]],[[[-105.076544,39.97905],[-105.076533,39.978792],[-105.076575,39.978738],[-105.07659,39.978474],[-105.079077,39.975221],[-105.079577,39.974416],[-105.080175,39.973351],[-105.080128,39.973414],[-105.07721,39.974449],[-105.076895,39.975093],[-105.076939,39.975919],[-105.076083,39.976867],[-105.074052,39.97683],[-105.074025,39.97744],[-105.072342,39.977442],[-105.071927,39.977611],[-105.071924,39.978554],[-105.072005,39.978644],[-105.072101,39.978669],[-105.07347,39.978659],[-105.073722,39.97857],[-105.073865,39.978618],[-105.073938,39.978734],[-105.073884,39.978846],[-105.073743,39.978898],[-105.073484,39.978815],[-105.072095,39.97883],[-105.071979,39.978867],[-105.071924,39.978936],[-105.071925,39.979474],[-105.07196,39.979475],[-105.07196,39.98004],[-105.071981,39.980081],[-105.07207,39.980119],[-105.074077,39.980122],[-105.074324,39.980051],[-105.074433,39.980088],[-105.074489,39.98018],[-105.07444,39.980284],[-105.074315,39.980329],[-105.074079,39.980253],[-105.072061,39.980254],[-105.071964,39.980313],[-105.071961,39.980875],[-105.071909,39.980875],[-105.071866,39.985239],[-105.071915,39.985179],[-105.071913,39.986017],[-105.071969,39.986018],[-105.071959,39.986462],[-105.072011,39.986528],[-105.072173,39.986561],[-105.077055,39.986635],[-105.077152,39.983553],[-105.077262,39.983345],[-105.077296,39.983356],[-105.079114,39.980536],[-105.079213,39.980438],[-105.079234,39.980318],[-105.079283,39.980261],[-105.079292,39.979979],[-105.077445,39.980975],[-105.076618,39.9807],[-105.075929,39.981309],[-105.075092,39.980954],[-105.076544,39.97905]]],[[[-105.071954,39.972283],[-105.07195,39.972959],[-105.072039,39.973061],[-105.072138,39.97309],[-105.073941,39.973098],[-105.07413,39.973122],[-105.074354,39.973205],[-105.074526,39.973334],[-105.074617,39.973471],[-105.074652,39.973654],[-105.074608,39.974277],[-105.074493,39.974473],[-105.074307,39.974624],[-105.074004,39.974732],[-105.073316,39.974801],[-105.072505,39.975119],[-105.072064,39.975158],[-105.071957,39.975219],[-105.071932,39.975257],[-105.071928,39.976841],[-105.071953,39.976803],[-105.072921,39.976271],[-105.073525,39.975381],[-105.075957,39.975165],[-105.075922,39.974601],[-105.076478,39.973686],[-105.076501,39.972304],[-105.071954,39.972283]]],[[[-105.073917,39.973259],[-105.072142,39.973253],[-105.071996,39.973303],[-105.071946,39.973371],[-105.071935,39.974887],[-105.071963,39.974929],[-105.072095,39.974995],[-105.072388,39.974985],[-105.073257,39.974645],[-105.073976,39.974579],[-105.074132,39.974531],[-105.074265,39.974449],[-105.074355,39.974349],[-105.07441,39.974216],[-105.07443,39.973567],[-105.074375,39.97346],[-105.074244,39.973348],[-105.074086,39.973282],[-105.073917,39.973259]]],[[[-105.075919,39.993142],[-105.07593,39.993613],[-105.076032,39.993734],[-105.076144,39.993777],[-105.07671,39.993841],[-105.077108,39.99385],[-105.077108,39.99388],[-105.077157,39.993881],[-105.077146,39.99347],[-105.077896,39.993487],[-105.077628,39.993187],[-105.075919,39.993142]]],[[[-105.087067,39.965286],[-105.084724,39.965294],[-105.083793,39.966883],[-105.080749,39.972338],[-105.082641,39.972368],[-105.08284,39.972362],[-105.082855,39.970667],[-105.082936,39.970671],[-105.082946,39.970275],[-105.083013,39.969821],[-105.08317,39.969249],[-105.083398,39.968706],[-105.083668,39.968249],[-105.08403,39.967939],[-105.084006,39.967887],[-105.083851,39.967867],[-105.083773,39.967813],[-105.083747,39.967734],[-105.083784,39.967657],[-105.083906,39.967602],[-105.084032,39.967626],[-105.084103,39.967702],[-105.084103,39.967811],[-105.084188,39.967867],[-105.084491,39.967783],[-105.084779,39.967746],[-105.086015,39.967743],[-105.086392,39.967662],[-105.087005,39.967384],[-105.087089,39.967268],[-105.087067,39.965286]],[[-105.082585,39.972359],[-105.082752,39.972361],[-105.08269,39.972361],[-105.082585,39.972359]]],[[[-105.083158,39.969997],[-105.083115,39.970369],[-105.083117,39.970766],[-105.083147,39.970969],[-105.083234,39.971186],[-105.083398,39.97143],[-105.083632,39.971653],[-105.083892,39.971819],[-105.084191,39.971948],[-105.084943,39.972111],[-105.08582,39.97223],[-105.089803,39.972274],[-105.08986,39.972211],[-105.089872,39.967567],[-105.089766,39.967484],[-105.087587,39.967445],[-105.087078,39.967524],[-105.086485,39.967778],[-105.086173,39.967862],[-105.084772,39.967887],[-105.084321,39.967981],[-105.083969,39.968174],[-105.083747,39.968421],[-105.083372,39.969201],[-105.083158,39.969997]]],[[[-105.085835,39.972397],[-105.08469,39.972227],[-105.084613,39.97226],[-105.084555,39.972383],[-105.085835,39.972397]]],[[[-105.089877,39.965269],[-105.087277,39.965293],[-105.087279,39.967109],[-105.087301,39.967222],[-105.08737,39.967255],[-105.089846,39.96723],[-105.089879,39.967186],[-105.089877,39.965269]]],[[[-105.104732,40.003753],[-105.106246,40.003757],[-105.106304,40.003703],[-105.106286,40.002955],[-105.106215,40.002688],[-105.106078,40.002486],[-105.105384,40.001758],[-105.104565,40.002288],[-105.104571,40.002616],[-105.104734,40.002626],[-105.104732,40.003753]]],[[[-105.105466,40.001592],[-105.106288,40.002465],[-105.106395,40.002627],[-105.106459,40.002797],[-105.106506,40.003757],[-105.106479,40.005383],[-105.106546,40.005488],[-105.106477,40.005649],[-105.107527,40.005652],[-105.107567,40.003831],[-105.10752,40.000342],[-105.106147,40.000346],[-105.106099,40.000438],[-105.106107,40.000788],[-105.105893,40.000845],[-105.106007,40.001081],[-105.106179,40.001229],[-105.105466,40.001592]]]]}},{"type":"Feature","properties":{"type":"residential","acres":134.52361682970704,"family1_treatment":"allowed","family2_treatment":"allowed","family3_treatment":"prohibited","family4_treatment":"prohibited","name":"Old Town Residential"},"geometry":{"type":"MultiPolygon","coordinates":[[[[-105.079118,39.997203],[-105.079004,39.997209],[-105.07988,39.999247],[-105.080073,39.99925],[-105.080048,39.99916],[-105.082137,39.999164],[-105.082138,39.999277],[-105.082304,39.99932],[-105.082706,39.999321],[-105.082699,39.99878],[-105.079882,39.998777],[-105.079695,39.998348],[-105.079608,39.998368],[-105.079118,39.997203]]],[[[-105.08268,39.997353],[-105.080916,39.997359],[-105.079413,39.997361],[-105.079572,39.997744],[-105.082685,39.997735],[-105.08268,39.997353]]],[[[-105.082685,39.997768],[-105.080819,39.997796],[-105.079596,39.997801],[-105.079753,39.99818],[-105.082691,39.998171],[-105.082685,39.997768]]],[[[-105.079933,39.998728],[-105.082698,39.998723],[-105.082693,39.99834],[-105.079811,39.998345],[-105.079933,39.998728]]],[[[-105.080308,40.00014],[-105.082717,40.000146],[-105.082712,39.999765],[-105.08031,39.999733],[-105.080308,40.00014]]],[[[-105.080416,39.999315],[-105.080414,39.999678],[-105.082711,39.999706],[-105.082706,39.999376],[-105.082141,39.999378],[-105.08214,39.999326],[-105.080416,39.999315]]],[[[-105.081499,40.000656],[-105.082564,40.000657],[-105.082565,40.000309],[-105.081491,40.000308],[-105.081499,40.000656]]],[[[-105.081501,40.001036],[-105.082564,40.001038],[-105.082564,40.0007],[-105.0815,40.000698],[-105.081501,40.001036]]],[[[-105.084146,39.99436],[-105.082481,39.994268],[-105.082236,39.994252],[-105.082629,39.994779],[-105.084132,39.994767],[-105.084146,39.99436]]],[[[-105.083398,39.993706],[-105.083134,39.993707],[-105.08313,39.993761],[-105.082556,39.993761],[-105.08256,39.993709],[-105.08233,39.99371],[-105.082318,39.99405],[-105.083384,39.9941],[-105.083398,39.993706]]],[[[-105.084117,39.995193],[-105.08413,39.994824],[-105.082666,39.994833],[-105.082904,39.9952],[-105.084117,39.995193]]],[[[-105.082776,40.001039],[-105.083842,40.00104],[-105.083847,40.0007],[-105.082777,40.0007],[-105.082776,40.001039]]],[[[-105.083852,40.000309],[-105.082777,40.000309],[-105.082777,40.000657],[-105.083848,40.000658],[-105.083852,40.000309]]],[[[-105.083229,39.995803],[-105.083637,39.996398],[-105.0835,39.996735],[-105.083501,39.996808],[-105.082872,39.996815],[-105.082876,39.997184],[-105.084111,39.997181],[-105.084117,39.995357],[-105.082885,39.995363],[-105.08289,39.995804],[-105.083229,39.995803]]],[[[-105.084113,39.997348],[-105.082891,39.997352],[-105.082897,39.997737],[-105.084112,39.997733],[-105.084113,39.997348]]],[[[-105.082907,39.998169],[-105.08411,39.998164],[-105.084112,39.997787],[-105.082894,39.997789],[-105.082907,39.998169]]],[[[-105.084109,39.998331],[-105.082905,39.998337],[-105.082911,39.998722],[-105.084107,39.998715],[-105.084109,39.998331]]],[[[-105.084107,39.99877],[-105.082912,39.998777],[-105.082917,39.999161],[-105.084105,39.999154],[-105.084107,39.99877]]],[[[-105.084105,39.999316],[-105.082919,39.999323],[-105.082925,39.999705],[-105.084106,39.999702],[-105.084105,39.999316]]],[[[-105.084108,40.000147],[-105.084106,39.999758],[-105.082926,39.999761],[-105.082928,40.000145],[-105.084108,40.000147]]],[[[-105.083826,40.002226],[-105.083295,40.002227],[-105.083312,40.002626],[-105.083821,40.00264],[-105.083826,40.002226]]],[[[-105.083295,40.001651],[-105.083295,40.002088],[-105.083828,40.002088],[-105.083834,40.001659],[-105.083295,40.001651]]],[[[-105.089237,39.994163],[-105.089233,39.993771],[-105.083411,39.993761],[-105.083405,39.994166],[-105.086623,39.994332],[-105.087373,39.994337],[-105.087372,39.994365],[-105.087417,39.994364],[-105.088099,39.994293],[-105.08822,39.994246],[-105.088219,39.994305],[-105.089162,39.994195],[-105.089237,39.994163]]],[[[-105.085429,40.00227],[-105.084042,40.00227],[-105.08404,40.002655],[-105.085426,40.002654],[-105.085429,40.00227]]],[[[-105.084044,40.002104],[-105.08543,40.002105],[-105.085429,40.001725],[-105.084047,40.001724],[-105.084044,40.002104]]],[[[-105.08405,40.00129],[-105.084047,40.00167],[-105.085428,40.001671],[-105.085423,40.001291],[-105.08405,40.00129]]],[[[-105.084051,40.001125],[-105.08542,40.001128],[-105.085414,40.000749],[-105.084054,40.000745],[-105.084051,40.001125]]],[[[-105.085407,40.000313],[-105.084057,40.000309],[-105.084055,40.000691],[-105.085413,40.000693],[-105.085407,40.000313]]],[[[-105.085378,39.999759],[-105.084298,39.999757],[-105.084298,40.000148],[-105.085382,40.000149],[-105.085378,39.999759]]],[[[-105.085378,39.999703],[-105.085377,39.999322],[-105.084318,39.999317],[-105.08432,39.999702],[-105.085378,39.999703]]],[[[-105.085376,39.998775],[-105.08432,39.99877],[-105.084318,39.999154],[-105.085376,39.999159],[-105.085376,39.998775]]],[[[-105.085199,39.998336],[-105.084321,39.998331],[-105.08432,39.998715],[-105.085199,39.998719],[-105.085199,39.998336]]],[[[-105.08538,39.997788],[-105.084323,39.997787],[-105.084322,39.998164],[-105.085378,39.998167],[-105.08538,39.997788]]],[[[-105.085381,39.997733],[-105.085382,39.997346],[-105.084325,39.997348],[-105.084324,39.997732],[-105.085381,39.997733]]],[[[-105.085379,39.996793],[-105.084327,39.996794],[-105.084326,39.99718],[-105.085382,39.997178],[-105.085379,39.996793]]],[[[-105.085378,39.996352],[-105.084328,39.996352],[-105.084327,39.996741],[-105.085379,39.99674],[-105.085378,39.996352]]],[[[-105.085376,39.995802],[-105.084512,39.995802],[-105.084329,39.995874],[-105.084328,39.996188],[-105.085378,39.996188],[-105.085376,39.995802]]],[[[-105.085373,39.995358],[-105.08433,39.995357],[-105.084329,39.995803],[-105.08487,39.995587],[-105.08487,39.995742],[-105.085376,39.995742],[-105.085373,39.995358]]],[[[-105.08542,39.994415],[-105.08436,39.994372],[-105.084347,39.994767],[-105.084879,39.994767],[-105.084878,39.9948],[-105.084877,39.994822],[-105.084345,39.994825],[-105.084332,39.995193],[-105.085408,39.995192],[-105.085409,39.994851],[-105.085058,39.994838],[-105.085059,39.994807],[-105.085409,39.994821],[-105.08542,39.994415]]],[[[-105.088008,40.002275],[-105.085544,40.002268],[-105.085542,40.002651],[-105.088011,40.00266],[-105.088008,40.002275]]],[[[-105.087421,39.994499],[-105.08742,39.994476],[-105.087191,39.994458],[-105.086198,39.994463],[-105.085599,39.994429],[-105.08559,39.995192],[-105.086808,39.995192],[-105.086804,39.994814],[-105.087177,39.994668],[-105.087172,39.994754],[-105.087945,39.994755],[-105.08795,39.994478],[-105.087421,39.994499]]],[[[-105.086664,39.995356],[-105.085591,39.995356],[-105.085594,39.995742],[-105.086669,39.995743],[-105.086664,39.995356]]],[[[-105.086669,39.995802],[-105.085595,39.995802],[-105.085596,39.996188],[-105.086671,39.996187],[-105.086669,39.995802]]],[[[-105.086669,39.998773],[-105.085595,39.998775],[-105.085596,39.99916],[-105.086667,39.99916],[-105.086669,39.998773]]],[[[-105.086666,39.999324],[-105.085596,39.999323],[-105.085597,39.999704],[-105.086664,39.999707],[-105.086666,39.999324]]],[[[-105.086664,39.999763],[-105.085597,39.99976],[-105.085601,40.000149],[-105.086663,40.000151],[-105.086664,39.999763]]],[[[-105.086671,39.996352],[-105.085597,39.996352],[-105.085599,39.99674],[-105.086672,39.996739],[-105.086671,39.996352]]],[[[-105.086673,39.996792],[-105.085599,39.996793],[-105.085602,39.997178],[-105.086677,39.997176],[-105.086673,39.996792]]],[[[-105.086675,39.99773],[-105.086677,39.997344],[-105.085602,39.997346],[-105.0856,39.997732],[-105.086675,39.99773]]],[[[-105.08669,40.000317],[-105.085625,40.000314],[-105.08563,40.000694],[-105.086696,40.000697],[-105.08669,40.000317]]],[[[-105.086697,40.000754],[-105.08563,40.00075],[-105.085636,40.001129],[-105.086703,40.001133],[-105.086697,40.000754]]],[[[-105.086705,40.001295],[-105.085638,40.001292],[-105.085643,40.001672],[-105.086712,40.001677],[-105.086705,40.001295]]],[[[-105.086712,40.001731],[-105.085644,40.001726],[-105.08565,40.002105],[-105.086718,40.00211],[-105.086712,40.001731]]],[[[-105.087417,39.999762],[-105.086878,39.999763],[-105.086875,40.000151],[-105.087414,40.000154],[-105.087417,39.999762]]],[[[-105.087059,39.995192],[-105.087945,39.995192],[-105.087945,39.994811],[-105.08706,39.994808],[-105.087059,39.995192]]],[[[-105.08706,39.994808],[-105.086878,39.994869],[-105.086878,39.995192],[-105.087059,39.995192],[-105.08706,39.994808]]],[[[-105.087959,39.999323],[-105.08688,39.999324],[-105.086878,39.999707],[-105.087957,39.999706],[-105.087959,39.999323]]],[[[-105.087946,39.995356],[-105.086879,39.995356],[-105.086884,39.995743],[-105.087952,39.995744],[-105.087946,39.995356]]],[[[-105.087961,39.99877],[-105.086883,39.998772],[-105.086881,39.99916],[-105.08796,39.999158],[-105.087961,39.99877]]],[[[-105.087953,39.995801],[-105.086884,39.995802],[-105.086885,39.996187],[-105.087956,39.996187],[-105.087953,39.995801]]],[[[-105.087957,39.996352],[-105.086886,39.996352],[-105.086887,39.996739],[-105.087961,39.996736],[-105.087957,39.996352]]],[[[-105.087966,39.997174],[-105.087962,39.99679],[-105.086887,39.996792],[-105.086891,39.997176],[-105.087966,39.997174]]],[[[-105.087966,39.997342],[-105.086891,39.997344],[-105.086889,39.99773],[-105.087965,39.997728],[-105.087966,39.997342]]],[[[-105.088,40.001298],[-105.086922,40.001296],[-105.086928,40.001677],[-105.088002,40.001679],[-105.088,40.001298]]],[[[-105.088003,40.001733],[-105.086929,40.001732],[-105.086934,40.002111],[-105.088006,40.002112],[-105.088003,40.001733]]],[[[-105.089235,39.994807],[-105.08816,39.994809],[-105.08816,39.995192],[-105.089232,39.995192],[-105.089235,39.994807]]],[[[-105.089235,39.994752],[-105.089239,39.994367],[-105.088721,39.994372],[-105.08816,39.994596],[-105.08816,39.994755],[-105.089235,39.994752]]],[[[-105.089233,39.995355],[-105.088161,39.995356],[-105.088167,39.995744],[-105.089239,39.995745],[-105.089233,39.995355]]],[[[-105.089245,39.996186],[-105.08924,39.995801],[-105.088168,39.995801],[-105.088172,39.996187],[-105.089245,39.996186]]],[[[-105.089245,39.999771],[-105.088172,39.999763],[-105.088168,40.00016],[-105.089242,40.000167],[-105.089245,39.999771]]],[[[-105.088172,39.999706],[-105.089246,39.999714],[-105.089249,39.999325],[-105.088174,39.999323],[-105.088172,39.999706]]],[[[-105.089247,39.996352],[-105.088173,39.996352],[-105.088177,39.996735],[-105.089253,39.996733],[-105.089247,39.996352]]],[[[-105.089254,39.998716],[-105.088891,39.998714],[-105.088891,39.998769],[-105.088176,39.998769],[-105.088175,39.999158],[-105.08925,39.999158],[-105.089254,39.998716]]],[[[-105.089254,39.996787],[-105.088178,39.996789],[-105.088181,39.997174],[-105.089257,39.997173],[-105.089254,39.996787]]],[[[-105.089257,39.997339],[-105.088182,39.997341],[-105.088181,39.997728],[-105.089256,39.997726],[-105.089257,39.997339]]],[[[-105.089991,39.994806],[-105.089454,39.994806],[-105.08945,39.995192],[-105.089994,39.99519],[-105.089991,39.994806]]],[[[-105.089994,39.995354],[-105.08945,39.995355],[-105.089456,39.995744],[-105.089998,39.99574],[-105.089994,39.995354]]],[[[-105.089999,39.995796],[-105.089457,39.9958],[-105.089462,39.996186],[-105.090001,39.996184],[-105.089999,39.995796]]],[[[-105.090003,39.99635],[-105.089464,39.996351],[-105.089469,39.996732],[-105.090008,39.996727],[-105.090003,39.99635]]],[[[-105.090004,39.997332],[-105.089472,39.997338],[-105.08947,39.997725],[-105.090003,39.997719],[-105.090004,39.997332]]],[[[-105.090009,39.996782],[-105.08947,39.996786],[-105.089473,39.997172],[-105.090006,39.997166],[-105.090009,39.996782]]],[[[-105.090909,39.997174],[-105.091648,39.997173],[-105.091645,39.996786],[-105.090913,39.996787],[-105.090909,39.997174]]],[[[-105.090914,39.99618],[-105.091641,39.996176],[-105.091637,39.995795],[-105.090911,39.995796],[-105.090914,39.99618]]],[[[-105.090914,39.996731],[-105.091645,39.996731],[-105.091642,39.996341],[-105.090915,39.996345],[-105.090914,39.996731]]],[[[-105.091097,39.995194],[-105.091628,39.995196],[-105.091622,39.994811],[-105.091092,39.994811],[-105.091097,39.995194]]],[[[-105.091104,39.995742],[-105.091635,39.995743],[-105.091631,39.995359],[-105.091099,39.995358],[-105.091104,39.995742]]],[[[-105.091749,39.997758],[-105.091748,39.997346],[-105.091223,39.997347],[-105.091224,39.997753],[-105.091749,39.997758]]],[[[-105.092226,39.999306],[-105.091223,39.999311],[-105.091224,39.999588],[-105.092226,39.999583],[-105.092226,39.999306]]],[[[-105.091733,39.999144],[-105.09175,39.998336],[-105.091226,39.998337],[-105.091223,39.999145],[-105.091733,39.999144]]],[[[-105.093009,39.994361],[-105.091835,39.994365],[-105.09184,39.994752],[-105.093011,39.994747],[-105.093009,39.994361]]],[[[-105.093011,39.994802],[-105.091841,39.994807],[-105.091847,39.995195],[-105.093014,39.995189],[-105.093011,39.994802]]],[[[-105.093016,39.995354],[-105.091848,39.995361],[-105.091852,39.995742],[-105.09302,39.995736],[-105.093016,39.995354]]],[[[-105.09302,39.995788],[-105.091853,39.995796],[-105.091857,39.996175],[-105.093022,39.996177],[-105.09302,39.995788]]],[[[-105.093023,39.996342],[-105.091858,39.99634],[-105.09186,39.996731],[-105.093025,39.996731],[-105.093023,39.996342]]],[[[-105.093025,39.996786],[-105.091861,39.996786],[-105.091863,39.997173],[-105.093028,39.997173],[-105.093025,39.996786]]],[[[-105.093035,39.998759],[-105.091958,39.998764],[-105.09195,39.999142],[-105.093035,39.999135],[-105.093035,39.998759]]],[[[-105.093036,39.99833],[-105.091968,39.998334],[-105.091959,39.998708],[-105.093036,39.998703],[-105.093036,39.99833]]],[[[-105.093033,39.997725],[-105.093029,39.997348],[-105.091966,39.997347],[-105.091967,39.997727],[-105.093033,39.997725]]],[[[-105.092146,39.998169],[-105.093037,39.998165],[-105.093033,39.997781],[-105.092144,39.997783],[-105.092146,39.998169]]],[[[-105.092146,39.998169],[-105.092144,39.997783],[-105.091967,39.997783],[-105.091968,39.998169],[-105.092146,39.998169]]],[[[-105.095634,39.999307],[-105.092425,39.999304],[-105.092431,39.999575],[-105.094714,39.999669],[-105.095641,39.999664],[-105.095634,39.999307]]],[[[-105.093223,39.994747],[-105.094289,39.994745],[-105.094286,39.994359],[-105.09322,39.99436],[-105.093223,39.994747]]],[[[-105.094294,39.995183],[-105.09429,39.9948],[-105.093224,39.994803],[-105.093227,39.995189],[-105.094294,39.995183]]],[[[-105.094295,39.995347],[-105.093229,39.995351],[-105.093233,39.995734],[-105.094297,39.995735],[-105.094295,39.995347]]],[[[-105.094298,39.995789],[-105.093233,39.995789],[-105.093236,39.996177],[-105.094301,39.996177],[-105.094298,39.995789]]],[[[-105.094302,39.996342],[-105.093237,39.996343],[-105.09324,39.996732],[-105.094305,39.99673],[-105.094302,39.996342]]],[[[-105.094305,39.996784],[-105.09324,39.996787],[-105.093243,39.997156],[-105.094308,39.997153],[-105.094305,39.996784]]],[[[-105.09431,39.997345],[-105.093241,39.997348],[-105.093245,39.997724],[-105.094314,39.99772],[-105.09431,39.997345]]],[[[-105.094314,39.997775],[-105.093245,39.99778],[-105.093249,39.998165],[-105.094315,39.99815],[-105.094314,39.997775]]],[[[-105.094328,39.998752],[-105.093249,39.998757],[-105.093248,39.999133],[-105.09434,39.999138],[-105.094328,39.998752]]],[[[-105.094315,39.998312],[-105.093249,39.998328],[-105.093249,39.998701],[-105.094326,39.998695],[-105.094315,39.998312]]],[[[-105.095564,39.994358],[-105.094499,39.994359],[-105.094503,39.994744],[-105.095564,39.994746],[-105.095564,39.994358]]],[[[-105.095563,39.994804],[-105.094503,39.994798],[-105.094506,39.995183],[-105.095562,39.995187],[-105.095563,39.994804]]],[[[-105.095561,39.995349],[-105.094507,39.995345],[-105.094511,39.995734],[-105.095559,39.995732],[-105.095561,39.995349]]],[[[-105.094511,39.995788],[-105.094514,39.996176],[-105.095565,39.996172],[-105.095559,39.995784],[-105.094511,39.995788]]],[[[-105.095577,39.996725],[-105.095568,39.996337],[-105.094516,39.996341],[-105.094519,39.996729],[-105.095577,39.996725]]],[[[-105.095585,39.99715],[-105.095578,39.996778],[-105.094519,39.996784],[-105.094522,39.997153],[-105.095585,39.99715]]],[[[-105.094528,39.997719],[-105.095599,39.997713],[-105.095587,39.99734],[-105.094523,39.997344],[-105.094528,39.997719]]],[[[-105.0956,39.997767],[-105.094527,39.997772],[-105.094528,39.998146],[-105.09561,39.99815],[-105.0956,39.997767]]],[[[-105.095614,39.998317],[-105.094533,39.998313],[-105.094545,39.998696],[-105.095623,39.998701],[-105.095614,39.998317]]],[[[-105.095624,39.998757],[-105.094547,39.998753],[-105.094558,39.999139],[-105.095634,39.999142],[-105.095624,39.998757]]]]}},{"type":"Feature","properties":{"type":"mixed","acres":554.7253521927581,"family1_treatment":"allowed","family2_treatment":"allowed","family3_treatment":"allowed","family4_treatment":"allowed","name":"Public"},"geometry":{"type":"MultiPolygon","coordinates":[[[[-105.055659,40.005666],[-105.056116,40.005662],[-105.056156,40.005627],[-105.056097,40.005443],[-105.057045,40.005448],[-105.059894,40.001011],[-105.059829,40.000985],[-105.060091,40.000467],[-105.055819,40.000467],[-105.055625,40.000769],[-105.055562,40.003911],[-105.055663,40.003884],[-105.055671,40.003912],[-105.055659,40.005666]]],[[[-105.074597,40.005489],[-105.076454,40.005498],[-105.076448,40.006245],[-105.078285,40.006233],[-105.078155,40.005938],[-105.0776,40.005167],[-105.077336,40.004971],[-105.076722,40.004631],[-105.076253,40.004498],[-105.0759,40.004447],[-105.074597,40.004354],[-105.074597,40.005489]]],[[[-105.090327,39.979704],[-105.090327,39.979703],[-105.088745,39.979684],[-105.087801,39.979673],[-105.083486,39.979619],[-105.083509,39.979701],[-105.081153,39.979678],[-105.07929,39.979696],[-105.079295,39.979566],[-105.07655,39.979532],[-105.076544,39.97905],[-105.075092,39.980954],[-105.075929,39.981309],[-105.076618,39.9807],[-105.077445,39.980975],[-105.079292,39.979979],[-105.081311,39.980022],[-105.081464,39.9801],[-105.081545,39.980043],[-105.082188,39.980051],[-105.082651,39.980154],[-105.083044,39.980329],[-105.083196,39.980326],[-105.083197,39.979752],[-105.087372,39.979908],[-105.088801,39.980117],[-105.088821,39.980036],[-105.090324,39.980256],[-105.090327,39.979704]],[[-105.090327,39.979704],[-105.084709,39.979638],[-105.086015,39.979653],[-105.090327,39.979704]]],[[[-105.079103,39.993901],[-105.080976,39.993906],[-105.081032,39.990436],[-105.075881,39.990362],[-105.075855,39.991647],[-105.077553,39.992905],[-105.077888,39.993223],[-105.078155,39.993571],[-105.079085,39.99357],[-105.079103,39.993901]]],[[[-105.078568,39.981686],[-105.078866,39.981826],[-105.079063,39.981615],[-105.079153,39.981591],[-105.079316,39.981483],[-105.07885,39.981264],[-105.078568,39.981686]]],[[[-105.081132,39.972342],[-105.080252,39.973957],[-105.079391,39.975369],[-105.078911,39.975991],[-105.079109,39.975993],[-105.079738,39.975088],[-105.080354,39.974089],[-105.080899,39.973139],[-105.081309,39.972344],[-105.081132,39.972342]]],[[[-105.082794,39.988443],[-105.082775,39.990445],[-105.085809,39.990485],[-105.085834,39.988613],[-105.083008,39.988605],[-105.082794,39.988443]]],[[[-105.08284,39.972362],[-105.08433,39.97238],[-105.084388,39.972225],[-105.084333,39.972138],[-105.083973,39.972016],[-105.083684,39.97187],[-105.083332,39.971598],[-105.083167,39.971399],[-105.083032,39.971157],[-105.082955,39.970918],[-105.082936,39.970671],[-105.082855,39.970667],[-105.08284,39.972362]]],[[[-105.085564,39.984501],[-105.085021,39.984826],[-105.084934,39.985015],[-105.084912,39.986775],[-105.085598,39.986787],[-105.085679,39.986707],[-105.085686,39.986209],[-105.085719,39.986116],[-105.085711,39.984413],[-105.085637,39.984359],[-105.085423,39.984421],[-105.085564,39.984501]]],[[[-105.086921,40.001132],[-105.088207,40.001139],[-105.08822,40.002098],[-105.090343,40.002105],[-105.090363,40.000339],[-105.086907,40.000317],[-105.086921,40.001132]]],[[[-105.088326,39.976055],[-105.089984,39.976068],[-105.089794,39.975706],[-105.089647,39.975546],[-105.089396,39.975402],[-105.08911,39.975354],[-105.088345,39.975351],[-105.088326,39.976055]]],[[[-105.089137,39.987036],[-105.089129,39.987745],[-105.090339,39.987761],[-105.090347,39.987051],[-105.089137,39.987036]]],[[[-105.093476,40.00297],[-105.095693,40.002971],[-105.095694,40.001752],[-105.094986,40.001749],[-105.094989,40.001218],[-105.094635,40.001221],[-105.094557,40.001324],[-105.09443,40.001359],[-105.094287,40.001298],[-105.094246,40.001162],[-105.093454,40.001141],[-105.09345,40.00297],[-105.095693,40.002966],[-105.093476,40.00297]]],[[[-105.093499,40.007258],[-105.093553,40.007284],[-105.093887,40.00729],[-105.094159,40.007263],[-105.094504,40.007145],[-105.094543,40.007063],[-105.094459,40.006966],[-105.094306,40.007042],[-105.094052,40.007112],[-105.093501,40.007128],[-105.093499,40.007258]]],[[[-105.096999,40.005991],[-105.095578,40.006364],[-105.095203,40.006535],[-105.094625,40.006881],[-105.094709,40.006959],[-105.094815,40.00697],[-105.095623,40.00653],[-105.097004,40.006157],[-105.097052,40.006091],[-105.096999,40.005991]]],[[[-105.096668,40.004036],[-105.096754,40.003996],[-105.096863,40.003996],[-105.096924,40.004029],[-105.096965,40.004111],[-105.096945,40.0042],[-105.096815,40.004352],[-105.096785,40.004592],[-105.09679,40.005347],[-105.097398,40.005215],[-105.097373,40.00482],[-105.097411,40.004676],[-105.097532,40.004521],[-105.097755,40.004417],[-105.101242,40.004379],[-105.101267,40.004257],[-105.101245,40.003836],[-105.095778,40.003861],[-105.095776,40.003995],[-105.096619,40.003997],[-105.096668,40.004036]]],[[[-105.095801,39.997119],[-105.095842,39.999142],[-105.098156,39.999139],[-105.098113,39.997332],[-105.097061,39.997338],[-105.097041,39.996689],[-105.096875,39.996908],[-105.096581,39.997063],[-105.095801,39.997119]]],[[[-105.096614,39.990573],[-105.096603,39.990243],[-105.096352,39.989408],[-105.096369,39.989379],[-105.096265,39.989358],[-105.09624,39.989403],[-105.096493,39.990242],[-105.096492,39.990573],[-105.096614,39.990573]]],[[[-105.097203,40.005957],[-105.097283,40.006074],[-105.097353,40.006103],[-105.099082,40.006091],[-105.099164,40.006039],[-105.099176,40.005925],[-105.09759,40.005925],[-105.097203,40.005957]]],[[[-105.099091,40.001044],[-105.098781,40.001058],[-105.098955,40.001116],[-105.09907,40.001236],[-105.099099,40.001549],[-105.100025,40.001548],[-105.100069,40.001338],[-105.100267,40.000873],[-105.100311,40.000409],[-105.099082,40.000399],[-105.099091,40.001044]]],[[[-105.103027,39.987073],[-105.103029,39.987428],[-105.103061,39.987428],[-105.103059,39.987839],[-105.102991,39.988051],[-105.102815,39.988245],[-105.103021,39.988351],[-105.103105,39.98834],[-105.103121,39.988383],[-105.10303,39.988417],[-105.102925,39.988542],[-105.103229,39.988703],[-105.103125,39.988818],[-105.102738,39.989573],[-105.102916,39.989674],[-105.102949,39.989794],[-105.102867,39.99],[-105.102671,39.990149],[-105.102538,39.990199],[-105.102247,39.990237],[-105.102245,39.990581],[-105.10219,39.990581],[-105.102182,39.992029],[-105.102941,39.992037],[-105.103224,39.992434],[-105.104358,39.991971],[-105.104395,39.991317],[-105.104513,39.991153],[-105.104728,39.991036],[-105.104516,39.99063],[-105.104539,39.987078],[-105.103027,39.987073]]],[[[-105.105654,40.04817],[-105.107286,40.048292],[-105.109115,40.047406],[-105.109601,40.04741],[-105.110023,40.04752],[-105.110313,40.047512],[-105.111107,40.047017],[-105.111175,40.046922],[-105.111214,40.046939],[-105.111653,40.046522],[-105.111807,40.046487],[-105.112337,40.046513],[-105.112355,40.043913],[-105.112403,40.043914],[-105.112404,40.043835],[-105.120284,40.043836],[-105.120617,40.043414],[-105.120565,40.040213],[-105.107567,40.040146],[-105.10752,40.040686],[-105.102912,40.040688],[-105.102895,40.045657],[-105.102912,40.047026],[-105.10298,40.047298],[-105.102964,40.047673],[-105.103331,40.0479],[-105.103757,40.048042],[-105.105177,40.048226],[-105.105654,40.04817]]],[[[-105.103178,40.007647],[-105.106679,40.007703],[-105.106683,40.007369],[-105.103174,40.007366],[-105.103178,40.007647]]],[[[-105.104533,39.981344],[-105.104535,39.983369],[-105.104752,39.98337],[-105.104755,39.981298],[-105.104539,39.98137],[-105.104533,39.981344]]],[[[-105.111755,39.979519],[-105.111957,39.979292],[-105.113913,39.979298],[-105.113928,39.976133],[-105.113927,39.976168],[-105.110607,39.976191],[-105.110306,39.976161],[-105.11003,39.97609],[-105.10456,39.976099],[-105.104547,39.979212],[-105.108369,39.978237],[-105.109447,39.978498],[-105.110308,39.977756],[-105.111179,39.977707],[-105.111795,39.978019],[-105.111426,39.978441],[-105.111375,39.978441],[-105.111426,39.978464],[-105.110905,39.979066],[-105.111755,39.979519]]],[[[-105.107507,40.009416],[-105.107713,40.009338],[-105.107584,40.00893],[-105.107562,40.007602],[-105.107866,40.007599],[-105.107867,40.007475],[-105.106897,40.007484],[-105.106889,40.007704],[-105.107513,40.0077],[-105.107507,40.009416]]],[[[-105.107562,40.003262],[-105.107543,40.005933],[-105.107613,40.005929],[-105.107634,40.005623],[-105.107686,40.005627],[-105.10768,40.003495],[-105.107816,40.003495],[-105.107804,40.003359],[-105.108305,40.003214],[-105.108229,40.00306],[-105.107562,40.003262]]],[[[-105.108043,40.007474],[-105.108042,40.007599],[-105.110251,40.007592],[-105.110254,40.007482],[-105.108043,40.007474]]],[[[-105.109219,40.002949],[-105.109131,40.002795],[-105.108404,40.002986],[-105.108495,40.003159],[-105.109219,40.002949]]],[[[-105.110528,39.982247],[-105.110674,39.982224],[-105.111686,39.982228],[-105.111733,39.981872],[-105.111892,39.981706],[-105.112038,39.981895],[-105.11173,39.98149],[-105.111651,39.980993],[-105.11183,39.980593],[-105.112358,39.980015],[-105.112241,39.979949],[-105.111919,39.98029],[-105.111758,39.980536],[-105.111733,39.980516],[-105.111265,39.980714],[-105.11025,39.980103],[-105.109752,39.980421],[-105.108925,39.980812],[-105.109512,39.981414],[-105.109961,39.981267],[-105.110439,39.981567],[-105.110355,39.981905],[-105.110528,39.982247]]],[[[-105.109237,39.983398],[-105.109228,39.986927],[-105.113907,39.986904],[-105.113947,39.983353],[-105.113862,39.983354],[-105.113863,39.983089],[-105.11337,39.982813],[-105.113234,39.982925],[-105.113703,39.983357],[-105.109237,39.983398]]],[[[-105.109862,40.002763],[-105.109857,40.002596],[-105.109314,40.002744],[-105.109396,40.002898],[-105.109862,40.002763]]],[[[-105.112194,40.011174],[-105.112198,40.01149],[-105.111821,40.011492],[-105.111996,40.011863],[-105.112011,40.012105],[-105.111954,40.012317],[-105.111758,40.012682],[-105.11168,40.013065],[-105.111577,40.013163],[-105.11127,40.013345],[-105.1108,40.013721],[-105.110494,40.013889],[-105.110124,40.014034],[-105.110122,40.014543],[-105.112303,40.014564],[-105.112245,40.00748],[-105.110447,40.007482],[-105.110447,40.007592],[-105.112157,40.007594],[-105.112192,40.010768],[-105.112149,40.010768],[-105.112149,40.011174],[-105.112194,40.011174]]],[[[-105.111506,39.992259],[-105.111499,39.99228],[-105.111851,39.992334],[-105.111856,39.992514],[-105.111723,39.992614],[-105.111857,39.992514],[-105.11185,39.992253],[-105.111506,39.992259]]],[[[-105.112288,39.991903],[-105.112603,39.991796],[-105.112607,39.991756],[-105.112603,39.991796],[-105.112398,39.991866],[-105.112184,39.991625],[-105.112148,39.991643],[-105.112288,39.991903]]],[[[-105.114294,39.992156],[-105.11475,39.992355],[-105.11474,39.992155],[-105.114294,39.992156]]],[[[-105.119578,39.997344],[-105.117957,39.997352],[-105.117958,39.999022],[-105.119675,39.999037],[-105.119686,39.997443],[-105.119578,39.997344]]],[[[-105.11872,39.99489],[-105.120941,39.995857],[-105.119755,39.995331],[-105.11872,39.99489]]],[[[-105.121763,40.021042],[-105.124947,40.02187],[-105.124958,40.021869],[-105.121786,40.021041],[-105.121763,40.021042]]],[[[-105.128082,40.013416],[-105.128086,40.013378],[-105.127599,40.0132],[-105.127583,40.013347],[-105.128082,40.013416]]],[[[-105.12894,40.013747],[-105.128932,40.013817],[-105.129149,40.013881],[-105.129258,40.013888],[-105.129349,40.01383],[-105.12944,40.013816],[-105.129313,40.01377],[-105.12894,40.013747]]],[[[-105.129129,40.013067],[-105.129411,40.013116],[-105.129315,40.013406],[-105.129984,40.013439],[-105.129915,40.013362],[-105.129935,40.013258],[-105.129538,40.013266],[-105.129448,40.013092],[-105.129761,40.012956],[-105.129744,40.012934],[-105.129375,40.013045],[-105.129129,40.013067]]],[[[-105.129538,40.013851],[-105.129738,40.014014],[-105.12987,40.01431],[-105.129785,40.013941],[-105.129538,40.013851]]],[[[-105.129914,40.012857],[-105.129934,40.012947],[-105.130167,40.012865],[-105.130312,40.012864],[-105.130308,40.012827],[-105.129914,40.012857]]],[[[-105.149825,39.998366],[-105.149812,40.000043],[-105.151131,40.000041],[-105.151115,40.000121],[-105.151372,40.000121],[-105.151372,40.000041],[-105.152623,40.000053],[-105.152651,39.998939],[-105.150093,39.998942],[-105.150007,39.998753],[-105.149973,39.998408],[-105.149932,39.998376],[-105.149825,39.998366]]],[[[-105.153502,40.000202],[-105.151704,40.000203],[-105.151776,40.000413],[-105.152682,40.000624],[-105.153199,40.000428],[-105.153502,40.000202]]]]}},{"type":"Feature","properties":{"type":"residential","acres":56.07895775886841,"family1_treatment":"allowed","family2_treatment":"prohibited","family3_treatment":"prohibited","family4_treatment":"prohibited","name":"Low Density Residential"},"geometry":{"type":"MultiPolygon","coordinates":[[[[-105.117954,40.014926],[-105.116977,40.014926],[-105.11699,40.017622],[-105.11821,40.017144],[-105.118749,40.017086],[-105.118934,40.016582],[-105.118626,40.016513],[-105.118371,40.016508],[-105.117736,40.016651],[-105.117616,40.016625],[-105.117533,40.016551],[-105.117514,40.016486],[-105.117548,40.016137],[-105.117499,40.015841],[-105.117554,40.01574],[-105.117649,40.015692],[-105.117809,40.015697],[-105.117932,40.015802],[-105.117912,40.016146],[-105.117965,40.016402],[-105.118017,40.016419],[-105.118445,40.016361],[-105.118448,40.015873],[-105.117954,40.014926]]],[[[-105.121685,40.021645],[-105.1217,40.016866],[-105.121397,40.016594],[-105.121315,40.016215],[-105.120513,40.016153],[-105.120084,40.016234],[-105.120226,40.016617],[-105.120808,40.016581],[-105.120961,40.016638],[-105.121009,40.016728],[-105.120996,40.016887],[-105.121079,40.017034],[-105.121058,40.017144],[-105.120933,40.017224],[-105.12076,40.017209],[-105.120666,40.01712],[-105.120626,40.016907],[-105.120566,40.016815],[-105.12043,40.016744],[-105.120251,40.016771],[-105.120156,40.017162],[-105.119959,40.017462],[-105.119696,40.017678],[-105.119044,40.018009],[-105.118648,40.01829],[-105.11842,40.018522],[-105.11816,40.018862],[-105.118047,40.019109],[-105.118049,40.019328],[-105.118146,40.019547],[-105.11832,40.019721],[-105.118556,40.019846],[-105.118911,40.019913],[-105.119944,40.019889],[-105.120183,40.019934],[-105.12056,40.020062],[-105.120701,40.019919],[-105.120782,40.019752],[-105.120796,40.019577],[-105.120744,40.019407],[-105.120639,40.019264],[-105.12051,40.019162],[-105.119954,40.018915],[-105.11986,40.018784],[-105.119851,40.018629],[-105.119903,40.018522],[-105.12001,40.018427],[-105.120353,40.018328],[-105.120606,40.018184],[-105.120787,40.01816],[-105.120959,40.018221],[-105.121058,40.018361],[-105.12102,40.018515],[-105.120881,40.018611],[-105.120567,40.018681],[-105.120486,40.01875],[-105.120451,40.018844],[-105.120508,40.018985],[-105.120717,40.019129],[-105.120841,40.019257],[-105.120961,40.019516],[-105.120968,40.019689],[-105.120929,40.019845],[-105.120697,40.020169],[-105.120916,40.020439],[-105.121019,40.020695],[-105.121012,40.020903],[-105.120869,40.021134],[-105.120645,40.021297],[-105.12036,40.021382],[-105.12011,40.021383],[-105.120017,40.021338],[-105.119949,40.021262],[-105.119937,40.021127],[-105.120044,40.021004],[-105.120193,40.020962],[-105.120599,40.020973],[-105.120744,40.0209],[-105.120821,40.020793],[-105.120821,40.020653],[-105.120709,40.02044],[-105.120549,40.020276],[-105.120339,40.020145],[-105.1201,40.02006],[-105.119848,40.020022],[-105.118777,40.020044],[-105.118536,40.019993],[-105.118252,40.019885],[-105.118051,40.020064],[-105.118,40.020186],[-105.117992,40.020313],[-105.118049,40.020476],[-105.118318,40.020877],[-105.118372,40.021058],[-105.118373,40.021196],[-105.118274,40.021314],[-105.118088,40.021359],[-105.117925,40.021306],[-105.117839,40.021194],[-105.11784,40.021094],[-105.118009,40.020725],[-105.117842,40.020422],[-105.117827,40.020178],[-105.117906,40.019989],[-105.118105,40.019771],[-105.117943,40.019546],[-105.117873,40.019372],[-105.117854,40.019182],[-105.117895,40.018984],[-105.117985,40.018815],[-105.118252,40.018462],[-105.118536,40.018167],[-105.118919,40.0179],[-105.119594,40.017559],[-105.119886,40.017284],[-105.120007,40.017041],[-105.120032,40.016805],[-105.119521,40.01673],[-105.119403,40.017],[-105.11921,40.017058],[-105.118284,40.017646],[-105.118091,40.017912],[-105.117702,40.01862],[-105.11739,40.019387],[-105.116992,40.019386],[-105.116999,40.022001],[-105.119645,40.021991],[-105.119636,40.021755],[-105.120572,40.021778],[-105.121685,40.021645]]],[[[-105.117642,40.016461],[-105.117662,40.016517],[-105.117724,40.016545],[-105.11781,40.016528],[-105.117848,40.016475],[-105.11779,40.016181],[-105.117817,40.015841],[-105.117742,40.01578],[-105.117667,40.015791],[-105.117624,40.01584],[-105.117672,40.016147],[-105.117642,40.016461]]],[[[-105.118257,40.021148],[-105.118221,40.020947],[-105.118123,40.020795],[-105.11796,40.021111],[-105.117958,40.021179],[-105.118027,40.021249],[-105.118129,40.021264],[-105.118221,40.021224],[-105.118257,40.021148]]],[[[-105.121702,40.014902],[-105.11957,40.014914],[-105.119605,40.015138],[-105.119179,40.015698],[-105.119439,40.01657],[-105.119808,40.01664],[-105.119941,40.016647],[-105.119995,40.016614],[-105.119825,40.01601],[-105.11981,40.015862],[-105.11989,40.015606],[-105.120071,40.015409],[-105.120332,40.015275],[-105.120652,40.015221],[-105.120888,40.015242],[-105.121455,40.015369],[-105.121707,40.015388],[-105.121702,40.014902]]],[[[-105.120755,40.018248],[-105.120649,40.01827],[-105.1204,40.018416],[-105.120057,40.018518],[-105.119963,40.018663],[-105.119999,40.018809],[-105.120137,40.018909],[-105.120263,40.018949],[-105.120315,40.018934],[-105.120353,40.018751],[-105.120447,40.018636],[-105.120597,40.018563],[-105.120835,40.018529],[-105.120926,40.018458],[-105.120943,40.018386],[-105.120913,40.018316],[-105.120755,40.018248]]],[[[-105.120121,40.021076],[-105.120059,40.021138],[-105.120061,40.021226],[-105.120135,40.021291],[-105.120242,40.021304],[-105.120597,40.021208],[-105.120736,40.021113],[-105.120837,40.020992],[-105.120555,40.021076],[-105.120223,40.021055],[-105.120121,40.021076]]],[[[-105.120713,40.016817],[-105.120796,40.017109],[-105.120865,40.01714],[-105.120941,40.017115],[-105.120959,40.017055],[-105.120876,40.016883],[-105.120879,40.016707],[-105.120806,40.016673],[-105.120628,40.016691],[-105.120618,40.016723],[-105.120713,40.016817]]]]}},{"type":"Feature","properties":{"type":"residential","acres":1292.1339393365902,"family1_treatment":"allowed","family2_treatment":"prohibited","family3_treatment":"prohibited","family4_treatment":"prohibited","name":"Medium Density Residential"},"geometry":{"type":"MultiPolygon","coordinates":[[[[-105.077146,39.99347],[-105.077157,39.993881],[-105.078153,39.993898],[-105.077896,39.993487],[-105.077146,39.99347]]],[[[-105.080614,39.984595],[-105.080742,39.984538],[-105.081695,39.983358],[-105.081022,39.983056],[-105.080272,39.983998],[-105.08026,39.984069],[-105.08013,39.984089],[-105.080085,39.984028],[-105.079577,39.983789],[-105.079499,39.983788],[-105.079451,39.983739],[-105.07946,39.983693],[-105.08025,39.982705],[-105.080238,39.982665],[-105.079757,39.982444],[-105.078745,39.983706],[-105.078643,39.983758],[-105.078533,39.983745],[-105.078046,39.983512],[-105.077968,39.983509],[-105.077921,39.983454],[-105.078967,39.982083],[-105.078955,39.982053],[-105.07867,39.981932],[-105.078518,39.981939],[-105.078399,39.982002],[-105.077484,39.98342],[-105.077519,39.983434],[-105.077419,39.983664],[-105.080614,39.984595]]],[[[-105.079124,39.982136],[-105.079076,39.982156],[-105.078109,39.9834],[-105.078119,39.98345],[-105.078555,39.983659],[-105.078616,39.983658],[-105.079382,39.982702],[-105.079601,39.982371],[-105.079124,39.982136]]],[[[-105.078714,39.99581],[-105.078508,39.994461],[-105.078368,39.993991],[-105.078283,39.99399],[-105.078423,39.994464],[-105.078619,39.995815],[-105.078714,39.99581]]],[[[-105.078866,39.981826],[-105.079107,39.981919],[-105.079343,39.981785],[-105.08151,39.980871],[-105.081683,39.980844],[-105.08183,39.980879],[-105.081965,39.98098],[-105.082031,39.98113],[-105.082042,39.982357],[-105.081974,39.98254],[-105.081556,39.983079],[-105.081566,39.983112],[-105.081801,39.983217],[-105.082362,39.982546],[-105.08238,39.9816],[-105.082358,39.981517],[-105.082357,39.980595],[-105.081311,39.980022],[-105.079292,39.979979],[-105.079283,39.980261],[-105.079358,39.980233],[-105.079463,39.980246],[-105.079607,39.980407],[-105.079269,39.980565],[-105.079038,39.980903],[-105.079049,39.980969],[-105.079237,39.981055],[-105.079451,39.981043],[-105.080857,39.98045],[-105.08091,39.9804],[-105.080945,39.98029],[-105.081025,39.980235],[-105.081183,39.980251],[-105.081305,39.980402],[-105.079471,39.98117],[-105.079265,39.981186],[-105.078996,39.981095],[-105.078928,39.981106],[-105.078545,39.981675],[-105.078568,39.981686],[-105.07885,39.981264],[-105.079316,39.981483],[-105.079153,39.981591],[-105.079063,39.981615],[-105.078866,39.981826]]],[[[-105.07916,39.994091],[-105.078592,39.994081],[-105.078704,39.994408],[-105.07939,39.994413],[-105.07916,39.994091]]],[[[-105.078726,39.994462],[-105.078833,39.9952],[-105.079183,39.9952],[-105.079189,39.994467],[-105.078726,39.994462]]],[[[-105.082689,39.995364],[-105.081173,39.995372],[-105.078858,39.995364],[-105.078919,39.995749],[-105.080966,39.995753],[-105.082696,39.995748],[-105.082689,39.995364]]],[[[-105.081064,39.981171],[-105.07927,39.981917],[-105.079237,39.981986],[-105.080124,39.982426],[-105.080167,39.98242],[-105.081124,39.981243],[-105.081119,39.981198],[-105.081064,39.981171]]],[[[-105.079262,39.994468],[-105.079256,39.995201],[-105.079939,39.995203],[-105.079429,39.99447],[-105.079262,39.994468]]],[[[-105.079379,39.994096],[-105.079957,39.994922],[-105.080385,39.994927],[-105.079804,39.994103],[-105.079379,39.994096]]],[[[-105.080413,39.98275],[-105.080354,39.982779],[-105.079641,39.983679],[-105.079649,39.983729],[-105.080133,39.983943],[-105.080417,39.98362],[-105.080882,39.982994],[-105.080865,39.98296],[-105.080413,39.98275]]],[[[-105.079884,39.994104],[-105.080652,39.995205],[-105.081078,39.995207],[-105.080331,39.994121],[-105.079884,39.994104]]],[[[-105.080386,39.994928],[-105.079959,39.994923],[-105.080147,39.995203],[-105.080574,39.995204],[-105.080386,39.994928]]],[[[-105.080453,39.989142],[-105.082174,39.987789],[-105.082242,39.987662],[-105.082244,39.987396],[-105.081293,39.987392],[-105.081259,39.987634],[-105.08116,39.987793],[-105.080037,39.988671],[-105.080237,39.988917],[-105.080197,39.988949],[-105.080453,39.989142]]],[[[-105.081633,39.980935],[-105.081411,39.981027],[-105.080282,39.982448],[-105.08028,39.982501],[-105.080766,39.982733],[-105.080827,39.982712],[-105.081934,39.98132],[-105.081928,39.981138],[-105.081887,39.981036],[-105.08177,39.980951],[-105.081633,39.980935]]],[[[-105.080458,39.989334],[-105.080707,39.98953],[-105.080677,39.989623],[-105.080642,39.989631],[-105.080641,39.9897],[-105.081053,39.989717],[-105.08114,39.989566],[-105.082521,39.98849],[-105.082532,39.988439],[-105.082104,39.988102],[-105.082037,39.988096],[-105.080458,39.989334]]],[[[-105.081711,39.995203],[-105.081009,39.994149],[-105.080519,39.994126],[-105.081278,39.995208],[-105.081711,39.995203]]],[[[-105.080718,39.986717],[-105.081702,39.986733],[-105.081725,39.984995],[-105.080794,39.984734],[-105.080696,39.984892],[-105.080708,39.98508],[-105.081163,39.985095],[-105.081334,39.985039],[-105.081427,39.985079],[-105.081456,39.985158],[-105.081419,39.98522],[-105.081322,39.985253],[-105.081138,39.985182],[-105.080702,39.985194],[-105.08069,39.98569],[-105.081131,39.985715],[-105.081315,39.985657],[-105.081402,39.985695],[-105.081434,39.985769],[-105.081393,39.985841],[-105.081303,39.985873],[-105.081129,39.985808],[-105.080699,39.985821],[-105.080684,39.986309],[-105.080726,39.986338],[-105.081131,39.986345],[-105.081303,39.98628],[-105.0814,39.98632],[-105.081431,39.986402],[-105.081384,39.98648],[-105.081292,39.986512],[-105.081131,39.986442],[-105.080709,39.986446],[-105.080685,39.986475],[-105.080684,39.986691],[-105.080718,39.986717]]],[[[-105.081869,39.981599],[-105.081825,39.981618],[-105.080923,39.982752],[-105.080927,39.98281],[-105.081443,39.983033],[-105.081875,39.982516],[-105.081934,39.982361],[-105.081934,39.981642],[-105.081869,39.981599]]],[[[-105.082218,39.995203],[-105.081573,39.994204],[-105.081105,39.994169],[-105.081789,39.995203],[-105.082218,39.995203]]],[[[-105.082204,39.989735],[-105.082206,39.989307],[-105.082144,39.989201],[-105.082036,39.989131],[-105.081301,39.989669],[-105.081528,39.989724],[-105.082204,39.989735]]],[[[-105.082819,39.9952],[-105.082146,39.994248],[-105.081784,39.994225],[-105.082444,39.995202],[-105.082819,39.9952]]],[[[-105.082407,39.987693],[-105.082355,39.987813],[-105.082216,39.987985],[-105.082667,39.988344],[-105.082703,39.98849],[-105.082652,39.988585],[-105.08216,39.988999],[-105.082302,39.989142],[-105.08236,39.989261],[-105.082361,39.989731],[-105.082782,39.989731],[-105.0828,39.987686],[-105.082407,39.987693]]],[[[-105.08314,40.00143],[-105.083173,40.001416],[-105.083215,40.00165],[-105.083834,40.001659],[-105.08384,40.0012],[-105.083187,40.001199],[-105.083183,40.001343],[-105.08314,40.001343],[-105.08314,40.00143]]],[[[-105.084552,40.014375],[-105.085891,40.014378],[-105.086344,40.01295],[-105.086355,40.012165],[-105.086099,40.011976],[-105.08611,40.010142],[-105.08591,40.009968],[-105.085894,40.008527],[-105.083879,40.0085],[-105.083868,40.014369],[-105.084292,40.014372],[-105.084343,40.013033],[-105.084421,40.012855],[-105.084532,40.01277],[-105.084674,40.01272],[-105.085278,40.012703],[-105.085505,40.012648],[-105.085726,40.012492],[-105.085825,40.012282],[-105.085797,40.012079],[-105.085663,40.011901],[-105.085591,40.011892],[-105.085169,40.011988],[-105.08471,40.011976],[-105.084518,40.011913],[-105.08438,40.01177],[-105.084353,40.011665],[-105.084356,40.009933],[-105.084404,40.009793],[-105.084534,40.009675],[-105.084748,40.009609],[-105.085263,40.009618],[-105.085483,40.009687],[-105.085628,40.009827],[-105.085663,40.009958],[-105.085657,40.011488],[-105.085731,40.0117],[-105.085928,40.011998],[-105.085979,40.01218],[-105.085968,40.012353],[-105.0859,40.012503],[-105.085785,40.012631],[-105.085576,40.012772],[-105.085642,40.013048],[-105.085636,40.013973],[-105.085563,40.014072],[-105.085389,40.014086],[-105.08532,40.014043],[-105.085286,40.013972],[-105.085312,40.013891],[-105.085437,40.013808],[-105.085469,40.013744],[-105.085466,40.013025],[-105.085413,40.012843],[-105.084763,40.012836],[-105.084649,40.012866],[-105.08454,40.012947],[-105.084514,40.013018],[-105.084504,40.013562],[-105.084559,40.014014],[-105.084552,40.014375]]],[[[-105.084435,40.014015],[-105.084392,40.014138],[-105.084396,40.014348],[-105.084424,40.014369],[-105.084453,40.014349],[-105.084459,40.014028],[-105.084435,40.014015]]],[[[-105.085005,40.011861],[-105.085327,40.011849],[-105.085565,40.011753],[-105.085478,40.011451],[-105.085494,40.009946],[-105.085436,40.00983],[-105.085307,40.009754],[-105.084772,40.009736],[-105.08462,40.009791],[-105.084538,40.009919],[-105.084514,40.011651],[-105.084557,40.011752],[-105.084664,40.011831],[-105.085005,40.011861]]],[[[-105.086782,40.010151],[-105.08845,40.010137],[-105.088438,40.009617],[-105.087026,40.009599],[-105.086877,40.00974],[-105.08677,40.009774],[-105.08664,40.009738],[-105.086581,40.009647],[-105.08668,40.009462],[-105.086592,40.009263],[-105.086611,40.009116],[-105.086679,40.008978],[-105.086806,40.008848],[-105.087081,40.008675],[-105.087932,40.007786],[-105.087619,40.007662],[-105.086803,40.008504],[-105.086237,40.008764],[-105.086237,40.009894],[-105.086782,40.010151]]],[[[-105.087156,40.01289],[-105.087781,40.012709],[-105.08781,40.012672],[-105.08695,40.011897],[-105.086847,40.011705],[-105.086843,40.011595],[-105.086888,40.011467],[-105.087174,40.011184],[-105.087285,40.010987],[-105.087312,40.010844],[-105.087307,40.010322],[-105.08725,40.01029],[-105.08674,40.010284],[-105.086677,40.010487],[-105.086662,40.011268],[-105.086452,40.011344],[-105.086448,40.011899],[-105.086936,40.012311],[-105.086671,40.012487],[-105.087156,40.01289]]],[[[-105.08668,40.014723],[-105.09313,40.014672],[-105.093146,40.007557],[-105.092802,40.007536],[-105.092741,40.00758],[-105.092721,40.009028],[-105.092638,40.009196],[-105.092445,40.00935],[-105.092658,40.009594],[-105.092718,40.009742],[-105.092702,40.010646],[-105.09263,40.0108],[-105.092434,40.010899],[-105.091963,40.010916],[-105.09194,40.011175],[-105.091861,40.011326],[-105.091712,40.011442],[-105.091104,40.01171],[-105.090818,40.012295],[-105.090671,40.012422],[-105.089334,40.012756],[-105.089093,40.01291],[-105.088758,40.013273],[-105.088547,40.013395],[-105.087385,40.01372],[-105.087002,40.013868],[-105.086884,40.013955],[-105.086782,40.01396],[-105.086671,40.01392],[-105.086652,40.014534],[-105.08668,40.014723]]],[[[-105.086672,40.012695],[-105.08667,40.013793],[-105.087086,40.013699],[-105.0871,40.013661],[-105.087019,40.013475],[-105.087008,40.013023],[-105.086925,40.012904],[-105.086672,40.012695]]],[[[-105.087007,40.009462],[-105.088415,40.009468],[-105.088453,40.009422],[-105.088452,40.009036],[-105.088335,40.008928],[-105.087694,40.008792],[-105.087329,40.008659],[-105.086882,40.008984],[-105.08677,40.009189],[-105.086784,40.009311],[-105.08688,40.009415],[-105.087007,40.009462]]],[[[-105.087431,40.011098],[-105.087302,40.01128],[-105.087072,40.011483],[-105.087016,40.011614],[-105.087075,40.011797],[-105.087341,40.012005],[-105.088098,40.011498],[-105.088328,40.011261],[-105.088413,40.011096],[-105.088452,40.010935],[-105.088445,40.010306],[-105.087503,40.010303],[-105.087483,40.010776],[-105.087687,40.010855],[-105.087742,40.010969],[-105.087649,40.011079],[-105.087431,40.011098]]],[[[-105.08729,40.013605],[-105.088534,40.013239],[-105.089116,40.012706],[-105.089362,40.012592],[-105.089703,40.012506],[-105.089722,40.012471],[-105.089683,40.012363],[-105.089493,40.012189],[-105.089118,40.011948],[-105.089044,40.011949],[-105.08798,40.012773],[-105.087208,40.013026],[-105.087195,40.01345],[-105.087241,40.013579],[-105.08729,40.013605]]],[[[-105.088682,40.01075],[-105.092378,40.010768],[-105.092472,40.010734],[-105.092523,40.010665],[-105.092541,40.01025],[-105.092493,40.010211],[-105.092004,40.010193],[-105.091753,40.010066],[-105.091518,40.010176],[-105.091327,40.01021],[-105.089779,40.01019],[-105.089628,40.010163],[-105.089492,40.010095],[-105.089367,40.009933],[-105.089355,40.009706],[-105.089413,40.009555],[-105.089549,40.009441],[-105.089785,40.009379],[-105.090917,40.009377],[-105.091027,40.009349],[-105.091059,40.009306],[-105.090811,40.00893],[-105.090704,40.008852],[-105.089744,40.008822],[-105.089496,40.008726],[-105.089411,40.008637],[-105.089362,40.008504],[-105.089358,40.007388],[-105.088862,40.007347],[-105.088441,40.007256],[-105.08831,40.007422],[-105.088145,40.007788],[-105.088353,40.007907],[-105.088489,40.007892],[-105.088591,40.007928],[-105.088647,40.008003],[-105.088626,40.008105],[-105.088536,40.008166],[-105.088407,40.008168],[-105.088325,40.008121],[-105.088263,40.008026],[-105.088018,40.007935],[-105.087467,40.008524],[-105.087733,40.008655],[-105.088423,40.008806],[-105.088593,40.00893],[-105.088634,40.009052],[-105.088629,40.010712],[-105.088682,40.01075]]],[[[-105.088675,40.010887],[-105.088635,40.010912],[-105.088542,40.011235],[-105.088383,40.011457],[-105.087482,40.012115],[-105.087495,40.012165],[-105.087954,40.012567],[-105.088014,40.01256],[-105.088987,40.011797],[-105.089157,40.011613],[-105.089281,40.011402],[-105.089354,40.011141],[-105.089348,40.010903],[-105.088675,40.010887]]],[[[-105.091309,40.004114],[-105.090314,40.004533],[-105.089427,40.005404],[-105.089425,40.005623],[-105.088125,40.005626],[-105.088114,40.006719],[-105.088054,40.006794],[-105.088347,40.006964],[-105.088431,40.006942],[-105.088468,40.006793],[-105.088475,40.006142],[-105.08851,40.006047],[-105.088585,40.005969],[-105.088789,40.005898],[-105.08975,40.005889],[-105.089777,40.005852],[-105.089801,40.005594],[-105.089893,40.0054],[-105.090496,40.004806],[-105.090653,40.004701],[-105.091312,40.004427],[-105.091527,40.004388],[-105.092608,40.004405],[-105.092683,40.004449],[-105.092734,40.004529],[-105.092742,40.005043],[-105.092798,40.005069],[-105.093112,40.005067],[-105.093166,40.005032],[-105.093171,40.004129],[-105.091309,40.004114]]],[[[-105.093076,40.007275],[-105.093148,40.007235],[-105.09316,40.007052],[-105.093165,40.005251],[-105.093116,40.005206],[-105.092789,40.005205],[-105.092738,40.005233],[-105.092732,40.005925],[-105.092687,40.006005],[-105.092603,40.006045],[-105.092451,40.006021],[-105.092377,40.005913],[-105.092412,40.005824],[-105.09255,40.005731],[-105.092538,40.005234],[-105.092472,40.005209],[-105.091897,40.005207],[-105.091841,40.005248],[-105.091829,40.005608],[-105.091713,40.005818],[-105.091717,40.005931],[-105.091598,40.006025],[-105.091407,40.005997],[-105.091175,40.00603],[-105.088805,40.006031],[-105.088704,40.006063],[-105.088651,40.006135],[-105.088638,40.006836],[-105.088569,40.007041],[-105.088609,40.007093],[-105.088932,40.007143],[-105.089321,40.007141],[-105.089357,40.006676],[-105.089414,40.006603],[-105.08951,40.006571],[-105.089644,40.006602],[-105.08971,40.006705],[-105.089667,40.006804],[-105.089526,40.006875],[-105.089537,40.007136],[-105.090261,40.007192],[-105.090332,40.007155],[-105.090392,40.006902],[-105.090457,40.00678],[-105.090565,40.00668],[-105.090727,40.006604],[-105.090905,40.006574],[-105.092253,40.006577],[-105.092495,40.006634],[-105.092668,40.00677],[-105.092728,40.006907],[-105.092748,40.007255],[-105.093076,40.007275]]],[[[-105.089941,40.012462],[-105.090611,40.012291],[-105.090677,40.012213],[-105.09088,40.011754],[-105.090859,40.011707],[-105.090514,40.011567],[-105.09037,40.011685],[-105.090212,40.011683],[-105.090113,40.011582],[-105.090158,40.01146],[-105.090264,40.011418],[-105.090525,40.011429],[-105.091007,40.011595],[-105.091699,40.011276],[-105.091766,40.011159],[-105.091765,40.010916],[-105.08955,40.010898],[-105.089534,40.011163],[-105.089485,40.011366],[-105.089397,40.011555],[-105.089217,40.011819],[-105.089749,40.012183],[-105.089829,40.012277],[-105.089895,40.01244],[-105.089941,40.012462]]],[[[-105.089785,40.010054],[-105.091363,40.010071],[-105.091488,40.010033],[-105.091633,40.009922],[-105.09117,40.009453],[-105.090924,40.009513],[-105.089756,40.009518],[-105.089634,40.009558],[-105.089551,40.009641],[-105.089535,40.009886],[-105.089649,40.010018],[-105.089785,40.010054]]],[[[-105.091608,40.008091],[-105.091662,40.008051],[-105.091669,40.007565],[-105.091634,40.007523],[-105.09103,40.007497],[-105.089876,40.007375],[-105.089606,40.007367],[-105.089549,40.007411],[-105.089543,40.007948],[-105.089581,40.007992],[-105.090476,40.008005],[-105.091608,40.008091]]],[[[-105.092485,40.010072],[-105.092547,40.010032],[-105.092524,40.00969],[-105.091752,40.008848],[-105.091662,40.008626],[-105.091635,40.008233],[-105.090427,40.008136],[-105.089597,40.008132],[-105.089549,40.008157],[-105.089547,40.008514],[-105.089633,40.008638],[-105.089785,40.008687],[-105.090636,40.008687],[-105.090827,40.008742],[-105.090951,40.008839],[-105.091246,40.009267],[-105.091942,40.010001],[-105.092105,40.01007],[-105.092485,40.010072]]],[[[-105.089991,40.005893],[-105.091212,40.005894],[-105.09139,40.005859],[-105.091535,40.005773],[-105.091631,40.005644],[-105.091662,40.005242],[-105.091617,40.005206],[-105.091286,40.005204],[-105.091109,40.00516],[-105.090973,40.005066],[-105.090802,40.004843],[-105.090724,40.00483],[-105.090058,40.005463],[-105.089961,40.005701],[-105.089955,40.005853],[-105.089991,40.005893]]],[[[-105.091338,40.00728],[-105.092503,40.007269],[-105.092545,40.007225],[-105.092538,40.006892],[-105.09242,40.006761],[-105.092227,40.006711],[-105.090868,40.006718],[-105.090697,40.006772],[-105.09058,40.006889],[-105.090512,40.007165],[-105.09054,40.007213],[-105.091338,40.00728]]],[[[-105.099876,39.985186],[-105.100096,39.98521],[-105.100172,39.985175],[-105.100207,39.984741],[-105.10027,39.984627],[-105.1004,39.984515],[-105.101292,39.984107],[-105.101985,39.984016],[-105.102063,39.983962],[-105.10209,39.983883],[-105.102047,39.983687],[-105.102001,39.983625],[-105.101868,39.983548],[-105.101676,39.983576],[-105.101638,39.983782],[-105.101143,39.983813],[-105.100822,39.984018],[-105.100156,39.984291],[-105.100364,39.984533],[-105.100046,39.984324],[-105.099872,39.984365],[-105.099867,39.983334],[-105.102007,39.983356],[-105.102105,39.983385],[-105.102157,39.98345],[-105.102247,39.983846],[-105.102214,39.984006],[-105.10205,39.98413],[-105.101651,39.98418],[-105.101586,39.984233],[-105.101707,39.984496],[-105.101782,39.984588],[-105.101846,39.984606],[-105.102401,39.984325],[-105.102885,39.984203],[-105.102676,39.983354],[-105.104535,39.983369],[-105.104535,39.981157],[-105.104491,39.979226],[-105.104547,39.979212],[-105.10456,39.976099],[-105.097552,39.976106],[-105.097543,39.973747],[-105.09724,39.973742],[-105.097192,39.973766],[-105.097142,39.974116],[-105.096834,39.97457],[-105.096888,39.974637],[-105.097057,39.974644],[-105.097135,39.97468],[-105.097177,39.974753],[-105.097154,39.974834],[-105.097086,39.974882],[-105.096987,39.974888],[-105.096909,39.974854],[-105.096817,39.974749],[-105.096704,39.974746],[-105.09643,39.975124],[-105.096276,39.975418],[-105.09631,39.97548],[-105.096656,39.975605],[-105.096832,39.975604],[-105.096992,39.975497],[-105.097134,39.975497],[-105.097195,39.975539],[-105.097222,39.975605],[-105.097197,39.975678],[-105.097136,39.975721],[-105.096584,39.975718],[-105.09616,39.975565],[-105.095788,39.97571],[-105.095073,39.975728],[-105.09466,39.975789],[-105.092826,39.975807],[-105.092826,39.975839],[-105.091966,39.975809],[-105.09174,39.975731],[-105.091575,39.975593],[-105.091323,39.97514],[-105.091249,39.974947],[-105.091223,39.974766],[-105.091223,39.973977],[-105.091298,39.973824],[-105.091456,39.973718],[-105.091415,39.97367],[-105.090599,39.973665],[-105.090599,39.976074],[-105.095195,39.976077],[-105.095199,39.977154],[-105.095698,39.977297],[-105.096141,39.97734],[-105.096598,39.97727],[-105.096844,39.977177],[-105.098052,39.976555],[-105.09828,39.976507],[-105.098477,39.97651],[-105.098749,39.976593],[-105.099019,39.976496],[-105.099244,39.97648],[-105.099981,39.976605],[-105.100184,39.976465],[-105.100323,39.976419],[-105.101001,39.976413],[-105.10119,39.976463],[-105.101383,39.976594],[-105.102276,39.976417],[-105.103175,39.976415],[-105.103379,39.976449],[-105.103684,39.976565],[-105.103908,39.9765],[-105.104034,39.976561],[-105.104049,39.976654],[-105.10396,39.976784],[-105.10409,39.977043],[-105.104118,39.977389],[-105.104035,39.977656],[-105.103748,39.977949],[-105.103545,39.978101],[-105.103237,39.978264],[-105.102921,39.978369],[-105.102079,39.97851],[-105.101822,39.978525],[-105.101249,39.978442],[-105.100859,39.978273],[-105.100582,39.978382],[-105.100328,39.978406],[-105.098185,39.977949],[-105.097834,39.977916],[-105.097525,39.977946],[-105.09718,39.978051],[-105.096907,39.978209],[-105.09664,39.978479],[-105.097674,39.979085],[-105.098244,39.979648],[-105.09848,39.979645],[-105.098689,39.980445],[-105.09874,39.980426],[-105.09901,39.981466],[-105.098957,39.98302],[-105.0993,39.982981],[-105.09964,39.982843],[-105.099681,39.982798],[-105.099641,39.982609],[-105.099641,39.981093],[-105.099728,39.980914],[-105.099869,39.980819],[-105.100042,39.980778],[-105.100869,39.980777],[-105.101324,39.980677],[-105.101621,39.980658],[-105.101693,39.980708],[-105.101715,39.980762],[-105.101708,39.981681],[-105.101774,39.981712],[-105.102409,39.981712],[-105.10249,39.981655],[-105.102498,39.980831],[-105.102473,39.980751],[-105.10253,39.980662],[-105.102631,39.980632],[-105.103965,39.980629],[-105.104062,39.980656],[-105.104106,39.9807],[-105.104097,39.982719],[-105.104136,39.982794],[-105.104103,39.982883],[-105.104055,39.982916],[-105.102722,39.9829],[-105.102663,39.982956],[-105.102664,39.983354],[-105.102495,39.983353],[-105.10249,39.981892],[-105.102403,39.981843],[-105.101784,39.98184],[-105.101695,39.981896],[-105.101706,39.982805],[-105.101634,39.982895],[-105.099979,39.982899],[-105.099761,39.982941],[-105.099352,39.983101],[-105.098952,39.983148],[-105.098945,39.983331],[-105.099867,39.983334],[-105.099867,39.985025],[-105.099876,39.985186]],[[-105.09139,39.97586],[-105.09141,39.97597],[-105.09122,39.97601],[-105.09072,39.97597],[-105.09065,39.97591],[-105.0906,39.97538],[-105.09063,39.97534],[-105.09078,39.97534],[-105.09084,39.97537],[-105.09117,39.97576],[-105.09139,39.97586]]],[[[-105.099878,39.972263],[-105.099878,39.972234],[-105.099845,39.972234],[-105.099867,39.965262],[-105.090616,39.965265],[-105.090626,39.967292],[-105.091428,39.967294],[-105.09148,39.967272],[-105.091494,39.967238],[-105.091349,39.966642],[-105.091378,39.9664],[-105.091467,39.966239],[-105.091609,39.966099],[-105.09179,39.965993],[-105.091971,39.965933],[-105.092421,39.965863],[-105.093329,39.965856],[-105.093644,39.965922],[-105.094012,39.966102],[-105.094367,39.965943],[-105.094765,39.965863],[-105.095675,39.965855],[-105.095938,39.965928],[-105.09608,39.966051],[-105.096147,39.966201],[-105.096175,39.96674],[-105.096126,39.966969],[-105.095929,39.967241],[-105.095204,39.96777],[-105.095189,39.967808],[-105.095466,39.968054],[-105.09585,39.968259],[-105.095917,39.968244],[-105.095969,39.968171],[-105.095984,39.968042],[-105.096022,39.967984],[-105.096118,39.967941],[-105.096219,39.967959],[-105.096282,39.968022],[-105.096286,39.968089],[-105.096122,39.968215],[-105.096066,39.968301],[-105.096078,39.968347],[-105.096765,39.96861],[-105.096818,39.968592],[-105.097064,39.96824],[-105.097169,39.968013],[-105.097227,39.967786],[-105.097248,39.967511],[-105.097221,39.967422],[-105.097128,39.967415],[-105.097019,39.967525],[-105.096926,39.967553],[-105.096811,39.967522],[-105.096755,39.967433],[-105.096775,39.96737],[-105.096833,39.967326],[-105.097154,39.967271],[-105.097195,39.967238],[-105.097058,39.966817],[-105.097033,39.966647],[-105.097072,39.966408],[-105.09719,39.966203],[-105.097485,39.965977],[-105.097874,39.96586],[-105.098743,39.965843],[-105.098962,39.965892],[-105.099124,39.965981],[-105.099337,39.966208],[-105.099417,39.966453],[-105.099291,39.967378],[-105.099333,39.967892],[-105.099453,39.968487],[-105.099426,39.968624],[-105.099343,39.968766],[-105.099169,39.968915],[-105.098942,39.968998],[-105.097864,39.969067],[-105.097499,39.969025],[-105.096867,39.968809],[-105.096338,39.969389],[-105.096546,39.969515],[-105.096901,39.969659],[-105.097487,39.969819],[-105.097736,39.969826],[-105.098179,39.969767],[-105.098515,39.969766],[-105.098782,39.969807],[-105.099012,39.969896],[-105.099093,39.969848],[-105.099184,39.969692],[-105.099285,39.969674],[-105.099373,39.969699],[-105.099424,39.969775],[-105.099407,39.969845],[-105.099217,39.969926],[-105.099162,39.969991],[-105.099313,39.97018],[-105.099403,39.97037],[-105.099441,39.970576],[-105.099424,39.970792],[-105.099306,39.971079],[-105.099009,39.971446],[-105.099138,39.971558],[-105.099383,39.971586],[-105.099431,39.971662],[-105.099412,39.971744],[-105.099337,39.971802],[-105.099214,39.9718],[-105.098853,39.971542],[-105.098499,39.971689],[-105.098179,39.971756],[-105.097289,39.971759],[-105.096935,39.971665],[-105.096479,39.971404],[-105.096074,39.971705],[-105.095876,39.971781],[-105.095724,39.971796],[-105.095613,39.971716],[-105.095608,39.971654],[-105.095645,39.971598],[-105.095756,39.971554],[-105.095924,39.971594],[-105.09602,39.97158],[-105.096318,39.971342],[-105.096326,39.971296],[-105.096096,39.971175],[-105.095838,39.971099],[-105.095196,39.97107],[-105.095154,39.971105],[-105.095118,39.972254],[-105.099878,39.972263]]],[[[-105.093291,39.968552],[-105.093553,39.96855],[-105.094706,39.968955],[-105.094854,39.969182],[-105.09568,39.969707],[-105.096006,39.969456],[-105.095979,39.969397],[-105.095492,39.969151],[-105.095317,39.969024],[-105.095196,39.968864],[-105.095095,39.968605],[-105.094604,39.968552],[-105.094349,39.968485],[-105.094117,39.968371],[-105.093774,39.968114],[-105.093639,39.96798],[-105.093537,39.96782],[-105.093481,39.96764],[-105.093472,39.967426],[-105.093429,39.967382],[-105.092151,39.967369],[-105.091576,39.967461],[-105.090782,39.967455],[-105.091526,39.967463],[-105.093322,39.967459],[-105.093291,39.968552]]],[[[-105.092484,40.005072],[-105.092556,40.005028],[-105.092561,40.004677],[-105.092511,40.004584],[-105.092401,40.004529],[-105.091448,40.004528],[-105.090957,40.004743],[-105.091109,40.004974],[-105.091265,40.005059],[-105.092484,40.005072]]],[[[-105.091168,39.990645],[-105.091174,39.992235],[-105.091559,39.992229],[-105.09153,39.990523],[-105.095137,39.990508],[-105.095143,39.990288],[-105.09112,39.990301],[-105.091098,39.990632],[-105.091168,39.990645]]],[[[-105.092075,39.97568],[-105.09227,39.975675],[-105.092324,39.975624],[-105.092311,39.975257],[-105.092162,39.974942],[-105.092112,39.974745],[-105.092101,39.973865],[-105.092038,39.973822],[-105.09157,39.97383],[-105.091449,39.9739],[-105.091399,39.974002],[-105.091401,39.974767],[-105.091428,39.974942],[-105.091739,39.97554],[-105.091882,39.97564],[-105.092075,39.97568]]],[[[-105.091664,39.96726],[-105.09173,39.967302],[-105.092057,39.967237],[-105.092468,39.967224],[-105.092487,39.967189],[-105.092443,39.967019],[-105.09244,39.966841],[-105.092368,39.966696],[-105.092422,39.966611],[-105.092515,39.96658],[-105.092621,39.966603],[-105.092682,39.966681],[-105.092675,39.966746],[-105.092596,39.966866],[-105.092607,39.967049],[-105.092668,39.967225],[-105.093448,39.967233],[-105.093476,39.967199],[-105.09348,39.966878],[-105.093539,39.966673],[-105.093857,39.966189],[-105.093596,39.966044],[-105.093257,39.965979],[-105.092347,39.965998],[-105.091839,39.966116],[-105.091619,39.966283],[-105.09151,39.966519],[-105.091514,39.966658],[-105.091664,39.96726]]],[[[-105.092536,39.992221],[-105.092529,39.990726],[-105.091748,39.990733],[-105.091768,39.992225],[-105.092536,39.992221]]],[[[-105.091878,40.00753],[-105.091848,40.007571],[-105.091851,40.008647],[-105.091968,40.008862],[-105.092288,40.009197],[-105.092345,40.009211],[-105.092484,40.009131],[-105.092546,40.009015],[-105.092565,40.007568],[-105.092508,40.00753],[-105.091878,40.00753]]],[[[-105.092825,39.975696],[-105.093979,39.975671],[-105.094028,39.975651],[-105.094084,39.975438],[-105.094348,39.975051],[-105.094037,39.974946],[-105.093697,39.975405],[-105.093483,39.975406],[-105.093483,39.975681],[-105.092816,39.975694],[-105.092818,39.975008],[-105.09285,39.974883],[-105.09302,39.974704],[-105.093241,39.974624],[-105.09449,39.974652],[-105.094873,39.974099],[-105.094919,39.973916],[-105.0949,39.973745],[-105.094816,39.973708],[-105.094479,39.973723],[-105.094443,39.973947],[-105.094351,39.974113],[-105.094361,39.974239],[-105.094302,39.974303],[-105.094206,39.974329],[-105.094069,39.974291],[-105.094013,39.974188],[-105.094049,39.97411],[-105.094192,39.974039],[-105.094263,39.973926],[-105.094279,39.973762],[-105.094223,39.973709],[-105.09361,39.973714],[-105.0932,39.973769],[-105.093174,39.973815],[-105.093228,39.974055],[-105.093329,39.974142],[-105.093352,39.974218],[-105.093298,39.974308],[-105.093183,39.974348],[-105.093071,39.974325],[-105.093002,39.974254],[-105.092998,39.974181],[-105.093055,39.974077],[-105.09297,39.973808],[-105.092298,39.973845],[-105.092286,39.974702],[-105.092327,39.974879],[-105.092488,39.975243],[-105.092506,39.975632],[-105.092575,39.975682],[-105.092825,39.975696]]],[[[-105.092748,39.992219],[-105.093515,39.992215],[-105.093523,39.990718],[-105.092745,39.990725],[-105.092748,39.992219]]],[[[-105.093434,40.012439],[-105.097693,40.012455],[-105.097683,40.011074],[-105.10263,40.011084],[-105.102633,40.010529],[-105.10258,40.010505],[-105.10203,40.010506],[-105.101398,40.010742],[-105.101066,40.010808],[-105.098984,40.010799],[-105.098939,40.010836],[-105.098946,40.011075],[-105.098769,40.011074],[-105.098765,40.010835],[-105.098729,40.010795],[-105.097863,40.010787],[-105.097578,40.010747],[-105.097433,40.011081],[-105.093439,40.011052],[-105.093434,40.012439]]],[[[-105.093945,40.001139],[-105.093945,40.001053],[-105.095065,40.001051],[-105.095057,40.000315],[-105.093457,40.000319],[-105.093454,40.001141],[-105.093945,40.001139]]],[[[-105.093501,40.007491],[-105.093512,40.009653],[-105.093525,40.009831],[-105.09358,40.009871],[-105.094019,40.00988],[-105.094187,40.009833],[-105.094132,40.009657],[-105.09399,40.009443],[-105.093939,40.00931],[-105.093932,40.008708],[-105.094107,40.008713],[-105.094108,40.008953],[-105.094145,40.008989],[-105.0948,40.008987],[-105.095294,40.009042],[-105.095714,40.009042],[-105.095763,40.009005],[-105.095744,40.008801],[-105.095452,40.008258],[-105.095396,40.008082],[-105.095409,40.007872],[-105.095515,40.007611],[-105.095372,40.007562],[-105.095057,40.007525],[-105.095057,40.007457],[-105.094108,40.007457],[-105.094082,40.007484],[-105.093501,40.007491]]],[[[-105.093524,40.01026],[-105.095052,40.010266],[-105.095086,40.009867],[-105.094842,40.009879],[-105.094109,40.010004],[-105.093579,40.010003],[-105.093533,40.010031],[-105.093524,40.01026]]],[[[-105.095096,39.967681],[-105.095798,39.967173],[-105.095974,39.966939],[-105.096017,39.966751],[-105.095992,39.966232],[-105.095938,39.96611],[-105.09581,39.966015],[-105.095658,39.965981],[-105.094885,39.965981],[-105.094446,39.966055],[-105.094217,39.966152],[-105.094004,39.966296],[-105.093826,39.966483],[-105.093694,39.96671],[-105.093629,39.966962],[-105.093642,39.967222],[-105.094301,39.967287],[-105.094954,39.966603],[-105.095055,39.966569],[-105.095169,39.9666],[-105.09522,39.966677],[-105.095192,39.966765],[-105.095114,39.96681],[-105.094955,39.966818],[-105.094897,39.966858],[-105.0945,39.967312],[-105.094524,39.967352],[-105.094812,39.96749],[-105.095096,39.967681]]],[[[-105.095087,39.968477],[-105.095142,39.968456],[-105.095344,39.968162],[-105.094785,39.967652],[-105.094544,39.967515],[-105.094235,39.967417],[-105.093913,39.96738],[-105.093702,39.967381],[-105.093644,39.967411],[-105.093639,39.967608],[-105.093693,39.967785],[-105.093815,39.967961],[-105.093981,39.968099],[-105.094055,39.968105],[-105.094162,39.968035],[-105.094231,39.967904],[-105.094301,39.967854],[-105.094416,39.967845],[-105.09451,39.967903],[-105.094528,39.967971],[-105.094498,39.968033],[-105.094189,39.968177],[-105.094167,39.968214],[-105.094189,39.968255],[-105.094528,39.968409],[-105.095087,39.968477]]],[[[-105.094517,39.990715],[-105.093733,39.990717],[-105.09373,39.992214],[-105.0945,39.992211],[-105.094517,39.990715]]],[[[-105.093879,39.972527],[-105.093861,39.973041],[-105.093929,39.973166],[-105.093925,39.973567],[-105.094217,39.973568],[-105.094272,39.973536],[-105.094284,39.973092],[-105.094213,39.973001],[-105.0942,39.972934],[-105.094261,39.972844],[-105.094377,39.972812],[-105.094497,39.972844],[-105.094556,39.972932],[-105.094538,39.973002],[-105.094461,39.973086],[-105.094463,39.973537],[-105.094517,39.973568],[-105.094822,39.973567],[-105.094899,39.973534],[-105.094923,39.97324],[-105.094904,39.972725],[-105.094878,39.972677],[-105.094705,39.972644],[-105.094705,39.972524],[-105.093879,39.972527]]],[[[-105.094359,40.00977],[-105.094417,40.009815],[-105.095017,40.009729],[-105.096517,40.009717],[-105.09655,40.009686],[-105.096548,40.009211],[-105.096508,40.009185],[-105.095221,40.009177],[-105.094755,40.009125],[-105.094132,40.009131],[-105.094103,40.009214],[-105.094125,40.009319],[-105.094292,40.009592],[-105.094359,40.00977]]],[[[-105.094272,39.975669],[-105.094622,39.975667],[-105.09509,39.975603],[-105.095707,39.975597],[-105.096002,39.975492],[-105.096127,39.975367],[-105.096292,39.975059],[-105.096977,39.974104],[-105.097024,39.97397],[-105.097015,39.973767],[-105.096954,39.973738],[-105.096129,39.973754],[-105.0961,39.974037],[-105.09604,39.974204],[-105.095481,39.974982],[-105.095324,39.975048],[-105.094529,39.975054],[-105.094221,39.975505],[-105.094207,39.975628],[-105.094272,39.975669]]],[[[-105.09463,39.974921],[-105.095356,39.974905],[-105.095893,39.974153],[-105.095945,39.973968],[-105.095926,39.973747],[-105.095272,39.973711],[-105.095182,39.973757],[-105.095105,39.974041],[-105.094637,39.974704],[-105.094578,39.974865],[-105.09463,39.974921]]],[[[-105.094731,39.990713],[-105.094712,39.992212],[-105.095483,39.992207],[-105.095535,39.990732],[-105.095495,39.990711],[-105.095126,39.990737],[-105.095127,39.990716],[-105.094731,39.990713]]],[[[-105.094989,40.001218],[-105.094986,40.001749],[-105.095694,40.001752],[-105.095692,40.00122],[-105.094989,40.001218]]],[[[-105.095119,39.992376],[-105.095108,39.993284],[-105.09502,39.993285],[-105.095016,39.994186],[-105.095453,39.99419],[-105.095483,39.994158],[-105.095504,39.992413],[-105.095457,39.992377],[-105.095119,39.992376]]],[[[-105.095023,39.972644],[-105.095022,39.973036],[-105.095051,39.973054],[-105.095076,39.973034],[-105.095085,39.972645],[-105.095023,39.972644]]],[[[-105.098349,39.970498],[-105.098471,39.970565],[-105.098468,39.970685],[-105.097621,39.971202],[-105.097452,39.971444],[-105.097408,39.971598],[-105.097439,39.971642],[-105.098085,39.971647],[-105.098263,39.97162],[-105.098616,39.971506],[-105.098899,39.971338],[-105.099118,39.971132],[-105.099274,39.970822],[-105.0993,39.970539],[-105.099215,39.970285],[-105.099014,39.970057],[-105.098715,39.969918],[-105.098326,39.969876],[-105.09773,39.969942],[-105.097356,39.969918],[-105.096713,39.96972],[-105.096208,39.969494],[-105.095795,39.9698],[-105.095578,39.970029],[-105.095885,39.970158],[-105.096253,39.970235],[-105.096453,39.970243],[-105.096536,39.970314],[-105.096523,39.970407],[-105.096445,39.970462],[-105.09634,39.970464],[-105.09616,39.970331],[-105.095785,39.970253],[-105.095474,39.970135],[-105.095258,39.970477],[-105.095173,39.970701],[-105.095136,39.970915],[-105.095182,39.97095],[-105.095758,39.970959],[-105.09608,39.971031],[-105.096362,39.971159],[-105.096931,39.971516],[-105.09721,39.971611],[-105.09725,39.971586],[-105.097363,39.971284],[-105.097538,39.971076],[-105.097399,39.970932],[-105.097229,39.970852],[-105.097203,39.970778],[-105.097241,39.970703],[-105.097345,39.97066],[-105.097456,39.970683],[-105.097513,39.970739],[-105.097542,39.970868],[-105.097694,39.970973],[-105.098095,39.970772],[-105.098167,39.970705],[-105.098199,39.970546],[-105.098349,39.970498]]],[[[-105.095146,40.000315],[-105.095157,40.001052],[-105.096787,40.001051],[-105.096784,40.000739],[-105.09626,40.000739],[-105.096259,40.000636],[-105.096784,40.000636],[-105.096781,40.000308],[-105.095146,40.000315]]],[[[-105.09517,39.973479],[-105.09519,39.973538],[-105.095243,39.973566],[-105.095884,39.973609],[-105.095947,39.973564],[-105.095948,39.973276],[-105.095316,39.973275],[-105.095339,39.972679],[-105.095203,39.972684],[-105.09517,39.973479]]],[[[-105.0952,39.977295],[-105.095203,39.977975],[-105.09589,39.978165],[-105.0965,39.97841],[-105.096817,39.978103],[-105.097245,39.977887],[-105.097649,39.977803],[-105.098208,39.977791],[-105.098621,39.976725],[-105.098572,39.976673],[-105.098459,39.97664],[-105.098189,39.976652],[-105.096931,39.977288],[-105.096428,39.977443],[-105.095897,39.977461],[-105.0952,39.977295]]],[[[-105.095212,39.990236],[-105.095241,39.990296],[-105.09522,39.990566],[-105.096492,39.990573],[-105.096493,39.990242],[-105.095212,39.990236]]],[[[-105.095502,39.968271],[-105.095378,39.968368],[-105.095296,39.968528],[-105.095292,39.968695],[-105.095353,39.968844],[-105.095533,39.969021],[-105.096109,39.969311],[-105.096208,39.969289],[-105.096675,39.968768],[-105.096659,39.96872],[-105.095502,39.968271]]],[[[-105.096497,40.009047],[-105.096551,40.009008],[-105.096545,40.008617],[-105.096503,40.008419],[-105.096415,40.008227],[-105.096259,40.008023],[-105.096056,40.007851],[-105.095791,40.007692],[-105.095693,40.007676],[-105.095583,40.007899],[-105.095578,40.008107],[-105.095901,40.008734],[-105.095948,40.009021],[-105.095994,40.009046],[-105.096497,40.009047]]],[[[-105.095628,40.007443],[-105.095911,40.007551],[-105.096114,40.007668],[-105.096591,40.008092],[-105.096802,40.007996],[-105.096957,40.007859],[-105.097072,40.007678],[-105.097124,40.007469],[-105.095628,40.007443]]],[[[-105.095698,39.992389],[-105.095676,39.992419],[-105.095654,39.994163],[-105.095685,39.994192],[-105.096323,39.994198],[-105.096355,39.994165],[-105.096376,39.99373],[-105.09639,39.992412],[-105.096354,39.992389],[-105.095698,39.992389]]],[[[-105.095726,39.990712],[-105.095683,39.992189],[-105.095736,39.992216],[-105.096368,39.992216],[-105.096397,39.992181],[-105.096435,39.990735],[-105.09639,39.99071],[-105.095726,39.990712]]],[[[-105.095691,40.003861],[-105.096162,40.003866],[-105.100398,40.003841],[-105.100395,40.002939],[-105.100851,40.002527],[-105.100574,40.002334],[-105.100167,40.002682],[-105.100041,40.00291],[-105.10002,40.003361],[-105.099955,40.003457],[-105.099856,40.003524],[-105.099685,40.003564],[-105.098751,40.003568],[-105.098589,40.003534],[-105.098465,40.003443],[-105.098407,40.003311],[-105.098387,40.001791],[-105.098444,40.001671],[-105.098561,40.001585],[-105.098695,40.001551],[-105.098916,40.001548],[-105.098908,40.001295],[-105.098855,40.001228],[-105.098753,40.001192],[-105.097638,40.001214],[-105.097678,40.003509],[-105.097626,40.003576],[-105.097528,40.003612],[-105.097369,40.003569],[-105.096829,40.003572],[-105.096833,40.003859],[-105.096632,40.00386],[-105.096639,40.001688],[-105.096676,40.001556],[-105.096771,40.001412],[-105.096773,40.001216],[-105.095776,40.001217],[-105.095777,40.001941],[-105.095705,40.001943],[-105.095691,40.003861]]],[[[-105.096232,40.010134],[-105.096471,40.010295],[-105.096728,40.010205],[-105.096554,40.009859],[-105.095693,40.00987],[-105.095692,40.010139],[-105.096232,40.010134]]],[[[-105.095783,39.994358],[-105.0958,39.995192],[-105.096333,39.995215],[-105.096509,39.995266],[-105.096668,39.995422],[-105.096698,39.995658],[-105.0967,39.99649],[-105.096663,39.996609],[-105.096548,39.996727],[-105.096398,39.996788],[-105.095822,39.996816],[-105.095798,39.996837],[-105.095801,39.997119],[-105.096581,39.997063],[-105.096875,39.996908],[-105.097041,39.996689],[-105.097047,39.995659],[-105.097411,39.995642],[-105.097411,39.994351],[-105.095783,39.994358]]],[[[-105.095851,39.996689],[-105.096352,39.996679],[-105.096478,39.996622],[-105.096546,39.996532],[-105.096551,39.995515],[-105.096504,39.995416],[-105.096402,39.995347],[-105.095853,39.995326],[-105.095787,39.995363],[-105.095797,39.99665],[-105.095851,39.996689]]],[[[-105.097543,39.973628],[-105.097545,39.972618],[-105.095933,39.972613],[-105.095937,39.973101],[-105.096021,39.972988],[-105.096152,39.972936],[-105.097059,39.972953],[-105.09714,39.972999],[-105.097192,39.973085],[-105.097198,39.9736],[-105.097543,39.973628]]],[[[-105.096171,39.973615],[-105.09701,39.973595],[-105.097018,39.973083],[-105.096174,39.973061],[-105.096122,39.973087],[-105.09612,39.973591],[-105.096171,39.973615]]],[[[-105.096545,39.994189],[-105.096883,39.994211],[-105.097202,39.994189],[-105.097244,39.994162],[-105.097287,39.992436],[-105.097263,39.992399],[-105.096617,39.99239],[-105.096574,39.992415],[-105.096545,39.994189]]],[[[-105.097242,39.99223],[-105.097289,39.9922],[-105.097336,39.990772],[-105.097303,39.990745],[-105.096976,39.990718],[-105.09664,39.990719],[-105.096613,39.990752],[-105.096575,39.992191],[-105.096623,39.992223],[-105.097242,39.99223]]],[[[-105.096614,39.990573],[-105.097511,39.990578],[-105.097516,39.990247],[-105.096603,39.990243],[-105.096614,39.990573]]],[[[-105.097387,40.007479],[-105.09745,40.007573],[-105.09742,40.007663],[-105.097267,40.007737],[-105.097157,40.007917],[-105.097004,40.008076],[-105.096674,40.008272],[-105.096764,40.008638],[-105.096776,40.009794],[-105.096864,40.010047],[-105.097013,40.010228],[-105.097317,40.010033],[-105.09743,40.00988],[-105.097456,40.009765],[-105.097445,40.008743],[-105.09748,40.008528],[-105.097637,40.008206],[-105.097932,40.007957],[-105.097946,40.007824],[-105.098054,40.007747],[-105.098161,40.007747],[-105.098275,40.007801],[-105.098662,40.007737],[-105.099123,40.007746],[-105.099415,40.007801],[-105.099743,40.007926],[-105.099969,40.007775],[-105.10018,40.007723],[-105.102036,40.007726],[-105.102134,40.007773],[-105.102182,40.007862],[-105.102186,40.008678],[-105.102639,40.008682],[-105.102634,40.007461],[-105.097387,40.007479]]],[[[-105.097469,40.001215],[-105.096966,40.001215],[-105.096963,40.001438],[-105.09683,40.001715],[-105.096831,40.003429],[-105.097335,40.003423],[-105.097437,40.003371],[-105.097487,40.003287],[-105.097469,40.001215]]],[[[-105.097799,39.968944],[-105.098888,39.968877],[-105.099067,39.968812],[-105.09921,39.968685],[-105.099268,39.968575],[-105.099284,39.968451],[-105.099182,39.968001],[-105.099125,39.967337],[-105.099099,39.967298],[-105.098164,39.967267],[-105.097447,39.967366],[-105.097396,39.967397],[-105.097347,39.967938],[-105.097371,39.967984],[-105.097632,39.968029],[-105.098129,39.967932],[-105.098244,39.967983],[-105.098273,39.968085],[-105.098223,39.968149],[-105.098131,39.968177],[-105.097931,39.96811],[-105.097612,39.968153],[-105.097308,39.968117],[-105.096968,39.968681],[-105.097536,39.968911],[-105.097799,39.968944]]],[[[-105.098557,40.000305],[-105.097006,40.000307],[-105.097021,40.001051],[-105.098038,40.001051],[-105.098039,40.000712],[-105.098557,40.000716],[-105.098557,40.000305]]],[[[-105.09944,40.010635],[-105.10005,40.01064],[-105.1001,40.010603],[-105.100112,40.008746],[-105.100072,40.008541],[-105.099973,40.008348],[-105.099821,40.008179],[-105.099624,40.008041],[-105.099389,40.00794],[-105.099131,40.007883],[-105.098734,40.007869],[-105.098477,40.007896],[-105.098218,40.007972],[-105.09799,40.008095],[-105.097749,40.008326],[-105.09763,40.008623],[-105.097627,40.009767],[-105.097601,40.009899],[-105.097492,40.010078],[-105.097166,40.01032],[-105.09716,40.010374],[-105.097397,40.01051],[-105.097658,40.010593],[-105.09792,40.010625],[-105.09831,40.01061],[-105.098324,40.008695],[-105.098407,40.008561],[-105.098553,40.008464],[-105.098705,40.008425],[-105.098988,40.008422],[-105.099256,40.008522],[-105.099342,40.008613],[-105.099387,40.008721],[-105.099393,40.010602],[-105.09944,40.010635]]],[[[-105.097184,39.966642],[-105.097207,39.966789],[-105.097349,39.967193],[-105.097395,39.967235],[-105.098067,39.967127],[-105.098089,39.966914],[-105.098006,39.966742],[-105.098055,39.966672],[-105.098146,39.966641],[-105.098251,39.966662],[-105.098316,39.96674],[-105.098249,39.966915],[-105.098252,39.967084],[-105.098282,39.96712],[-105.09908,39.967155],[-105.099145,39.967109],[-105.099251,39.966421],[-105.099211,39.966285],[-105.099128,39.966162],[-105.099032,39.966074],[-105.098881,39.966001],[-105.09867,39.965962],[-105.097922,39.965977],[-105.097617,39.966056],[-105.097379,39.966209],[-105.097231,39.96641],[-105.097184,39.966642]]],[[[-105.097492,39.992401],[-105.097465,39.992431],[-105.097425,39.994153],[-105.097476,39.994187],[-105.09814,39.994169],[-105.098167,39.992435],[-105.09809,39.992382],[-105.097492,39.992401]]],[[[-105.098087,39.992248],[-105.098178,39.992187],[-105.098185,39.991449],[-105.098237,39.991362],[-105.098167,39.9913],[-105.097849,39.991296],[-105.097858,39.990718],[-105.097546,39.990722],[-105.097517,39.990755],[-105.097466,39.992199],[-105.097519,39.992237],[-105.098087,39.992248]]],[[[-105.097596,39.994624],[-105.099812,39.994619],[-105.099819,39.99655],[-105.100288,39.996542],[-105.100308,39.994314],[-105.097592,39.994347],[-105.097596,39.994624]]],[[[-105.098353,39.992453],[-105.09832,39.994048],[-105.100278,39.994074],[-105.100269,39.993827],[-105.100059,39.993769],[-105.099987,39.993673],[-105.100025,39.993582],[-105.100211,39.993521],[-105.100237,39.993449],[-105.100123,39.993284],[-105.099688,39.992848],[-105.099603,39.99286],[-105.099524,39.992933],[-105.099262,39.993556],[-105.099348,39.993687],[-105.099333,39.993774],[-105.099195,39.993843],[-105.099042,39.993788],[-105.099017,39.993686],[-105.099338,39.992919],[-105.099508,39.992742],[-105.099517,39.992694],[-105.099372,39.992603],[-105.098754,39.992395],[-105.098435,39.992389],[-105.098353,39.992453]]],[[[-105.098951,39.992295],[-105.099034,39.992261],[-105.099207,39.991986],[-105.099227,39.991899],[-105.099197,39.991814],[-105.098778,39.991384],[-105.0987,39.991375],[-105.098394,39.99146],[-105.09836,39.991516],[-105.098363,39.992214],[-105.09843,39.99225],[-105.098951,39.992295]]],[[[-105.098579,39.977302],[-105.098392,39.977795],[-105.0984,39.977843],[-105.098462,39.977876],[-105.100308,39.978266],[-105.100554,39.978246],[-105.100677,39.978193],[-105.100712,39.978146],[-105.100547,39.977848],[-105.100502,39.977571],[-105.10044,39.977526],[-105.099675,39.977463],[-105.098646,39.977269],[-105.098579,39.977302]]],[[[-105.098552,40.010629],[-105.099158,40.010631],[-105.099211,40.010593],[-105.099218,40.008766],[-105.099182,40.008665],[-105.099086,40.008587],[-105.09875,40.00855],[-105.09858,40.00861],[-105.09849,40.008748],[-105.098496,40.010587],[-105.098552,40.010629]]],[[[-105.098743,40.00169],[-105.098622,40.001728],[-105.098566,40.001814],[-105.09858,40.002731],[-105.098981,40.002713],[-105.098981,40.002531],[-105.098937,40.002531],[-105.098925,40.00169],[-105.098743,40.00169]]],[[[-105.098781,39.976794],[-105.098664,39.977079],[-105.098717,39.977145],[-105.099865,39.977356],[-105.100446,39.977397],[-105.100537,39.977344],[-105.100608,39.976846],[-105.100562,39.976781],[-105.099932,39.976731],[-105.099199,39.976606],[-105.098952,39.976655],[-105.098781,39.976794]]],[[[-105.098757,40.003143],[-105.098748,40.003431],[-105.099708,40.003423],[-105.099801,40.003385],[-105.099852,40.003302],[-105.099854,40.003143],[-105.098757,40.003143]]],[[[-105.099685,39.992588],[-105.09998,39.992421],[-105.099985,39.992287],[-105.100038,39.99222],[-105.100143,39.992187],[-105.100249,39.992209],[-105.099178,39.991006],[-105.098936,39.991141],[-105.098851,39.991238],[-105.099333,39.991722],[-105.099392,39.991822],[-105.099388,39.992001],[-105.099192,39.992356],[-105.099234,39.992398],[-105.099685,39.992588]]],[[[-105.099553,40.002672],[-105.099489,40.002868],[-105.099494,40.003056],[-105.099854,40.003067],[-105.099866,40.002858],[-105.099947,40.002685],[-105.100447,40.002244],[-105.100214,40.002064],[-105.099825,40.002421],[-105.099646,40.002532],[-105.099553,40.002672]]],[[[-105.102175,39.993267],[-105.102868,39.994088],[-105.104297,39.994074],[-105.104313,39.993412],[-105.104286,39.993302],[-105.104192,39.993173],[-105.103876,39.992928],[-105.103719,39.992717],[-105.1032,39.992895],[-105.102738,39.992968],[-105.102811,39.993194],[-105.103069,39.993549],[-105.103204,39.993586],[-105.103442,39.993541],[-105.103569,39.99363],[-105.103566,39.993727],[-105.103486,39.993794],[-105.103202,39.993791],[-105.103041,39.993727],[-105.102929,39.993644],[-105.102633,39.993236],[-105.102564,39.993017],[-105.10255,39.992601],[-105.102464,39.992439],[-105.102494,39.992367],[-105.10256,39.992322],[-105.102736,39.992327],[-105.102794,39.992374],[-105.102819,39.992443],[-105.102725,39.992602],[-105.102736,39.992789],[-105.102912,39.992801],[-105.10314,39.992765],[-105.10441,39.992246],[-105.104358,39.991971],[-105.103224,39.992434],[-105.102941,39.992037],[-105.102182,39.992029],[-105.10219,39.990581],[-105.101895,39.990579],[-105.101834,39.990647],[-105.101824,39.992102],[-105.101901,39.992261],[-105.102113,39.992327],[-105.102181,39.992414],[-105.102179,39.992463],[-105.102119,39.992528],[-105.101959,39.992546],[-105.101883,39.992498],[-105.101696,39.992227],[-105.101643,39.991853],[-105.101343,39.991786],[-105.101161,39.991691],[-105.100434,39.990923],[-105.100407,39.990841],[-105.100425,39.990757],[-105.100492,39.990682],[-105.100637,39.990611],[-105.100652,39.990528],[-105.099585,39.99052],[-105.09983,39.990823],[-105.102172,39.993317],[-105.102175,39.993267]]],[[[-105.100028,39.98091],[-105.099893,39.980963],[-105.09981,39.981095],[-105.099818,39.98267],[-105.099844,39.982743],[-105.099909,39.982775],[-105.100524,39.98276],[-105.100585,39.982682],[-105.100585,39.980961],[-105.100522,39.980908],[-105.100028,39.98091]]],[[[-105.099824,39.996686],[-105.099828,39.99802],[-105.100274,39.998018],[-105.10029,39.996704],[-105.099824,39.996686]]],[[[-105.100232,39.993121],[-105.100709,39.992878],[-105.100875,39.992881],[-105.100319,39.992284],[-105.100283,39.992405],[-105.099834,39.992723],[-105.100168,39.993099],[-105.100232,39.993121]]],[[[-105.099864,39.985341],[-105.099859,39.986816],[-105.101321,39.986816],[-105.101319,39.986312],[-105.101155,39.985706],[-105.101127,39.985476],[-105.100455,39.985367],[-105.100378,39.985396],[-105.100363,39.985649],[-105.100386,39.985691],[-105.100472,39.985713],[-105.100694,39.985659],[-105.100779,39.985702],[-105.100812,39.985782],[-105.100777,39.985853],[-105.100697,39.985892],[-105.100455,39.985837],[-105.100374,39.985871],[-105.100363,39.986344],[-105.100438,39.986406],[-105.10085,39.986411],[-105.100934,39.986389],[-105.101054,39.9863],[-105.101177,39.986298],[-105.101254,39.986346],[-105.101278,39.986431],[-105.101229,39.986502],[-105.101135,39.986534],[-105.100433,39.98653],[-105.100272,39.986471],[-105.100201,39.986345],[-105.100196,39.985391],[-105.100131,39.985346],[-105.099864,39.985341]]],[[[-105.100233,40.008377],[-105.100573,40.008307],[-105.101955,40.008311],[-105.102006,40.008267],[-105.102003,40.007969],[-105.101948,40.007894],[-105.101848,40.007861],[-105.100132,40.007866],[-105.100008,40.007918],[-105.099904,40.008029],[-105.100189,40.008361],[-105.100233,40.008377]]],[[[-105.102246,39.99042],[-105.102247,39.990237],[-105.102538,39.990199],[-105.102671,39.990149],[-105.102867,39.99],[-105.102949,39.989794],[-105.102916,39.989674],[-105.102738,39.989573],[-105.103125,39.988818],[-105.103229,39.988703],[-105.102925,39.988542],[-105.10303,39.988417],[-105.103121,39.988383],[-105.103105,39.98834],[-105.103021,39.988351],[-105.102815,39.988245],[-105.102991,39.988051],[-105.103059,39.987839],[-105.103061,39.987428],[-105.103029,39.987428],[-105.103027,39.987153],[-105.101616,39.987155],[-105.101563,39.987178],[-105.101528,39.987216],[-105.101532,39.9874],[-105.101572,39.987425],[-105.102801,39.987427],[-105.102843,39.987524],[-105.102792,39.987604],[-105.102788,39.98778],[-105.10273,39.987974],[-105.102666,39.988032],[-105.102571,39.98805],[-105.10249,39.988026],[-105.10243,39.987963],[-105.102451,39.987854],[-105.102611,39.987766],[-105.102612,39.987607],[-105.102574,39.987566],[-105.101545,39.987567],[-105.101511,39.987584],[-105.101381,39.987863],[-105.100864,39.988545],[-105.100894,39.988592],[-105.101072,39.988663],[-105.10113,39.988656],[-105.101613,39.988013],[-105.101729,39.98797],[-105.101858,39.988013],[-105.101894,39.988077],[-105.101875,39.988151],[-105.101801,39.988204],[-105.101653,39.988232],[-105.101295,39.988742],[-105.101721,39.988932],[-105.101957,39.988662],[-105.102108,39.98862],[-105.102707,39.988883],[-105.102739,39.988946],[-105.102728,39.989],[-105.102288,39.989618],[-105.102412,39.989739],[-105.102589,39.989801],[-105.102615,39.989882],[-105.102569,39.989956],[-105.102478,39.989991],[-105.102388,39.989981],[-105.102314,39.989928],[-105.102286,39.989834],[-105.102165,39.989743],[-105.101942,39.989773],[-105.101768,39.989753],[-105.100835,39.98937],[-105.100689,39.989554],[-105.100667,39.989742],[-105.100727,39.989865],[-105.100836,39.989959],[-105.10104,39.989922],[-105.10116,39.989985],[-105.10118,39.990049],[-105.101148,39.990118],[-105.101075,39.990161],[-105.100983,39.990167],[-105.100681,39.99004],[-105.100513,39.989829],[-105.100493,39.989591],[-105.100645,39.989321],[-105.100633,39.989272],[-105.100447,39.989195],[-105.100378,39.989205],[-105.100192,39.989529],[-105.100179,39.989766],[-105.100272,39.990007],[-105.100444,39.990196],[-105.10067,39.990329],[-105.10102,39.990415],[-105.101682,39.990417],[-105.101702,39.990386],[-105.101661,39.990318],[-105.10167,39.990245],[-105.101738,39.990186],[-105.101827,39.990172],[-105.101966,39.99025],[-105.101949,39.990415],[-105.102246,39.99042]]],[[[-105.100356,39.976639],[-105.101061,39.97663],[-105.101115,39.976567],[-105.101069,39.976521],[-105.100962,39.976506],[-105.100397,39.976507],[-105.100258,39.976548],[-105.100262,39.976614],[-105.100356,39.976639]]],[[[-105.100332,40.01064],[-105.101029,40.010645],[-105.10129,40.010588],[-105.101298,40.010549],[-105.101221,40.010444],[-105.101102,40.010387],[-105.101049,40.010311],[-105.101071,40.010219],[-105.101169,40.010158],[-105.101277,40.010159],[-105.101369,40.010213],[-105.101398,40.010283],[-105.101371,40.010376],[-105.101482,40.010512],[-105.101972,40.010344],[-105.102005,40.010301],[-105.102002,40.009889],[-105.100652,40.009875],[-105.100652,40.008669],[-105.102006,40.008677],[-105.101986,40.008457],[-105.100568,40.008445],[-105.100263,40.008525],[-105.100295,40.008765],[-105.100283,40.0106],[-105.100332,40.01064]]],[[[-105.100476,39.993639],[-105.101209,39.99367],[-105.101365,39.993563],[-105.101513,39.993566],[-105.100953,39.992966],[-105.100945,39.993041],[-105.100871,39.993106],[-105.100604,39.993101],[-105.100341,39.993269],[-105.100476,39.993639]]],[[[-105.100371,39.984753],[-105.100344,39.985159],[-105.100369,39.985208],[-105.101103,39.985322],[-105.101177,39.985288],[-105.101365,39.984984],[-105.101657,39.984751],[-105.101674,39.984702],[-105.101518,39.984479],[-105.101423,39.984267],[-105.10134,39.98423],[-105.10102,39.984389],[-105.101051,39.984472],[-105.101191,39.984538],[-105.101235,39.984591],[-105.101232,39.984672],[-105.101169,39.984731],[-105.101071,39.984752],[-105.100974,39.984721],[-105.100926,39.98466],[-105.100904,39.984522],[-105.100809,39.984477],[-105.10049,39.984619],[-105.100371,39.984753]]],[[[-105.100438,39.994074],[-105.101162,39.994078],[-105.101948,39.994086],[-105.101595,39.99366],[-105.101566,39.993749],[-105.101459,39.993804],[-105.100534,39.993796],[-105.100463,39.993835],[-105.100438,39.994074]]],[[[-105.100521,39.997875],[-105.101317,39.997879],[-105.101346,39.997857],[-105.10135,39.996509],[-105.101321,39.99648],[-105.100535,39.996475],[-105.100499,39.9965],[-105.100489,39.997852],[-105.100521,39.997875]]],[[[-105.100536,39.996336],[-105.101313,39.99634],[-105.101356,39.996308],[-105.101359,39.994352],[-105.101326,39.994325],[-105.10056,39.994315],[-105.100527,39.994343],[-105.1005,39.996311],[-105.100536,39.996336]]],[[[-105.101903,39.989636],[-105.102028,39.989614],[-105.102121,39.989553],[-105.102509,39.989025],[-105.102502,39.988952],[-105.102097,39.988788],[-105.10186,39.989062],[-105.101725,39.989101],[-105.100775,39.988709],[-105.100735,39.988719],[-105.100506,39.989031],[-105.100542,39.989078],[-105.10178,39.989611],[-105.101903,39.989636]]],[[[-105.101563,39.991702],[-105.101634,39.991684],[-105.101664,39.991632],[-105.101654,39.990603],[-105.101609,39.990578],[-105.100888,39.99056],[-105.10059,39.990782],[-105.100583,39.990873],[-105.101232,39.991566],[-105.101379,39.991661],[-105.101563,39.991702]]],[[[-105.100684,39.977718],[-105.100778,39.977949],[-105.10096,39.978149],[-105.101186,39.978276],[-105.101503,39.978364],[-105.101766,39.978395],[-105.102028,39.978385],[-105.102827,39.978255],[-105.103027,39.978198],[-105.103079,39.978148],[-105.102755,39.977501],[-105.102648,39.977404],[-105.102465,39.977335],[-105.102297,39.977332],[-105.101896,39.977415],[-105.10185,39.977472],[-105.101897,39.977567],[-105.101888,39.97764],[-105.101785,39.977712],[-105.101618,39.977678],[-105.101581,39.977625],[-105.101572,39.977505],[-105.101506,39.977475],[-105.100739,39.977529],[-105.100674,39.977585],[-105.100684,39.977718]]],[[[-105.102873,39.977166],[-105.103006,39.977248],[-105.103002,39.977334],[-105.102923,39.977412],[-105.102919,39.977458],[-105.103128,39.977901],[-105.103258,39.978064],[-105.103347,39.978056],[-105.103589,39.97789],[-105.103841,39.977655],[-105.103928,39.977496],[-105.10394,39.977126],[-105.103826,39.976864],[-105.103564,39.976659],[-105.103181,39.976538],[-105.102341,39.97654],[-105.1016,39.976693],[-105.100833,39.976775],[-105.10078,39.976825],[-105.100708,39.977334],[-105.100774,39.977397],[-105.101114,39.977385],[-105.101681,39.97732],[-105.10229,39.977205],[-105.102665,39.977245],[-105.102773,39.977181],[-105.102873,39.977166]]],[[[-105.101416,39.980798],[-105.10081,39.980912],[-105.100756,39.98096],[-105.100751,39.982696],[-105.100797,39.982754],[-105.101442,39.982761],[-105.101527,39.982699],[-105.101532,39.980879],[-105.101503,39.980823],[-105.101416,39.980798]]],[[[-105.101399,39.985894],[-105.102889,39.985903],[-105.102889,39.985609],[-105.10207,39.985589],[-105.101389,39.985502],[-105.10133,39.98554],[-105.101321,39.985619],[-105.101399,39.985894]]],[[[-105.102894,39.98434],[-105.102484,39.984444],[-105.102129,39.984623],[-105.101552,39.985025],[-105.101406,39.985209],[-105.10137,39.985332],[-105.101428,39.98537],[-105.101686,39.985385],[-105.101908,39.985128],[-105.102386,39.984811],[-105.102658,39.984683],[-105.102801,39.984687],[-105.102885,39.984787],[-105.102894,39.98434]]],[[[-105.101444,39.998284],[-105.102548,39.998283],[-105.102553,39.994696],[-105.102113,39.994333],[-105.101567,39.994327],[-105.101567,39.994928],[-105.102017,39.994932],[-105.102162,39.994877],[-105.102257,39.994913],[-105.102298,39.994995],[-105.102253,39.995072],[-105.102155,39.995104],[-105.102017,39.995046],[-105.101567,39.995042],[-105.101567,39.995662],[-105.102016,39.995668],[-105.10208,39.995619],[-105.102164,39.995608],[-105.102267,39.995654],[-105.102292,39.995743],[-105.102246,39.995804],[-105.102156,39.995833],[-105.102019,39.995775],[-105.101566,39.995775],[-105.101565,39.996393],[-105.102012,39.996399],[-105.102075,39.99635],[-105.102165,39.996339],[-105.102259,39.99638],[-105.102289,39.996473],[-105.102246,39.996535],[-105.102156,39.996565],[-105.102016,39.996508],[-105.101564,39.996505],[-105.101564,39.997128],[-105.102011,39.997133],[-105.102074,39.997083],[-105.10216,39.997071],[-105.102258,39.997112],[-105.102292,39.997194],[-105.102247,39.997267],[-105.102151,39.997298],[-105.102018,39.997244],[-105.101564,39.997241],[-105.10156,39.997862],[-105.102011,39.997868],[-105.10207,39.99782],[-105.102155,39.997806],[-105.102257,39.997848],[-105.102288,39.997934],[-105.102252,39.997995],[-105.102167,39.998031],[-105.102079,39.998022],[-105.102014,39.997976],[-105.101559,39.997976],[-105.101558,39.998017],[-105.101454,39.998017],[-105.101444,39.998284]]],[[[-105.102885,39.984806],[-105.102853,39.984873],[-105.102784,39.984913],[-105.102565,39.984892],[-105.102471,39.984919],[-105.101986,39.985246],[-105.101895,39.985353],[-105.1019,39.985412],[-105.102115,39.985463],[-105.10289,39.985464],[-105.102885,39.984806]]],[[[-105.102238,40.010333],[-105.102627,40.01032],[-105.102638,40.009896],[-105.102186,40.009891],[-105.102187,40.010294],[-105.102238,40.010333]]],[[[-105.102733,39.981471],[-105.102659,39.981539],[-105.10266,39.98202],[-105.102731,39.982073],[-105.10295,39.982065],[-105.10301,39.981994],[-105.103008,39.981537],[-105.102921,39.981472],[-105.102733,39.981471]]],[[[-105.102738,39.982769],[-105.103824,39.982776],[-105.103928,39.982717],[-105.103928,39.980856],[-105.103878,39.980786],[-105.102753,39.980776],[-105.102667,39.980837],[-105.102665,39.981328],[-105.102725,39.981373],[-105.103004,39.981388],[-105.103112,39.981468],[-105.103135,39.982008],[-105.103104,39.98209],[-105.103042,39.982142],[-105.102711,39.982173],[-105.102669,39.982205],[-105.102664,39.982716],[-105.102738,39.982769]]],[[[-105.104121,39.998381],[-105.10412,39.998284],[-105.104358,39.998075],[-105.104567,39.99798],[-105.104605,39.997762],[-105.104029,39.997696],[-105.103988,39.997816],[-105.104044,39.997924],[-105.104001,39.998004],[-105.103837,39.998043],[-105.103765,39.998014],[-105.103716,39.997951],[-105.103729,39.997859],[-105.103815,39.99779],[-105.104105,39.996274],[-105.104023,39.995368],[-105.103763,39.994595],[-105.103657,39.994509],[-105.103654,39.994414],[-105.10378,39.994335],[-105.103931,39.994353],[-105.103976,39.994452],[-105.103932,39.994557],[-105.103978,39.994624],[-105.104155,39.994597],[-105.105445,39.994597],[-105.105582,39.994665],[-105.105604,39.994729],[-105.105577,39.994805],[-105.105603,39.994932],[-105.105595,39.997191],[-105.105624,39.997274],[-105.105714,39.997303],[-105.106123,39.997172],[-105.106415,39.997024],[-105.10633,39.99683],[-105.106323,39.995506],[-105.10646,39.995358],[-105.106777,39.99527],[-105.106767,39.994902],[-105.106624,39.994788],[-105.106591,39.994721],[-105.106616,39.994635],[-105.106713,39.994584],[-105.106842,39.994592],[-105.106924,39.99467],[-105.10695,39.995276],[-105.107242,39.995294],[-105.107295,39.995268],[-105.107302,39.99424],[-105.103033,39.99424],[-105.103297,39.994648],[-105.103486,39.99504],[-105.103617,39.99545],[-105.103669,39.995804],[-105.103673,39.996101],[-105.103538,39.997054],[-105.103297,39.998285],[-105.10412,39.998284],[-105.104121,39.998381]]],[[[-105.104516,39.994082],[-105.105197,39.994066],[-105.105197,39.99313],[-105.105157,39.992955],[-105.105053,39.992799],[-105.104507,39.992369],[-105.103903,39.992618],[-105.10388,39.992652],[-105.104005,39.992834],[-105.104327,39.993078],[-105.104457,39.993254],[-105.104494,39.993407],[-105.104494,39.994051],[-105.104516,39.994082]]],[[[-105.104282,39.996147],[-105.10541,39.996133],[-105.105428,39.99493],[-105.105352,39.994794],[-105.105171,39.994733],[-105.104158,39.994735],[-105.104013,39.994764],[-105.104213,39.995377],[-105.104417,39.995383],[-105.10451,39.995325],[-105.1046,39.995314],[-105.10469,39.995344],[-105.104743,39.995417],[-105.104724,39.995505],[-105.104629,39.995566],[-105.104526,39.995567],[-105.104426,39.995514],[-105.104227,39.995544],[-105.104282,39.996147]]],[[[-105.105111,39.997746],[-105.105207,39.997716],[-105.105489,39.997419],[-105.105417,39.997207],[-105.105414,39.996308],[-105.105365,39.99628],[-105.104294,39.996299],[-105.104199,39.996824],[-105.104439,39.996867],[-105.104535,39.996827],[-105.10463,39.99683],[-105.10472,39.996888],[-105.104738,39.996973],[-105.104689,39.997044],[-105.104581,39.997078],[-105.104494,39.997063],[-105.104407,39.997002],[-105.104161,39.996983],[-105.104046,39.99754],[-105.104759,39.997642],[-105.105111,39.997746]]],[[[-105.104245,39.999745],[-105.104531,39.999955],[-105.104988,39.999955],[-105.104998,39.999495],[-105.104893,39.999478],[-105.104797,39.99953],[-105.104697,39.999536],[-105.104601,39.999489],[-105.104566,39.999418],[-105.104597,39.999336],[-105.104687,39.999288],[-105.104797,39.999292],[-105.104884,39.999348],[-105.105002,39.999324],[-105.104976,39.998712],[-105.104541,39.99871],[-105.104548,39.998984],[-105.104489,39.998984],[-105.104241,39.999329],[-105.104245,39.999745]]],[[[-105.104935,39.998571],[-105.104985,39.998541],[-105.104988,39.998267],[-105.10475,39.998269],[-105.104551,39.998331],[-105.104507,39.998571],[-105.104935,39.998571]]],[[[-105.104728,39.991036],[-105.104918,39.991006],[-105.106625,39.991013],[-105.106997,39.991094],[-105.107545,39.991321],[-105.107922,39.991389],[-105.107962,39.99137],[-105.108049,39.991072],[-105.107798,39.991043],[-105.107369,39.990876],[-105.106741,39.990707],[-105.104614,39.990699],[-105.10457,39.990612],[-105.104516,39.99063],[-105.104728,39.991036]]],[[[-105.107663,39.992488],[-105.107724,39.99222],[-105.107385,39.992173],[-105.106992,39.992216],[-105.106291,39.992447],[-105.10609,39.992454],[-105.105901,39.992413],[-105.105752,39.992338],[-105.105486,39.992123],[-105.105349,39.991949],[-105.105305,39.991784],[-105.105288,39.991149],[-105.10493,39.991144],[-105.104782,39.991171],[-105.104644,39.991252],[-105.104557,39.991382],[-105.10454,39.991957],[-105.104587,39.99215],[-105.104725,39.992333],[-105.105205,39.992719],[-105.105306,39.992861],[-105.105391,39.993061],[-105.105522,39.993047],[-105.105635,39.992954],[-105.10574,39.992923],[-105.105874,39.992961],[-105.105929,39.993066],[-105.106235,39.993041],[-105.106403,39.99283],[-105.106369,39.992714],[-105.106497,39.992707],[-105.107389,39.992446],[-105.107663,39.992488]]],[[[-105.104676,39.989605],[-105.104977,39.990028],[-105.105189,39.990201],[-105.105431,39.99],[-105.105172,39.98977],[-105.105034,39.989472],[-105.10502,39.989221],[-105.105068,39.989052],[-105.10544,39.988661],[-105.105164,39.988461],[-105.105053,39.988321],[-105.105004,39.988166],[-105.105007,39.987865],[-105.105064,39.987789],[-105.10515,39.987756],[-105.105248,39.987763],[-105.105333,39.987815],[-105.105357,39.987927],[-105.105204,39.988074],[-105.105203,39.988217],[-105.105328,39.988387],[-105.105549,39.98853],[-105.105596,39.98853],[-105.105935,39.988223],[-105.106088,39.987983],[-105.106131,39.98779],[-105.106134,39.987233],[-105.10578,39.98723],[-105.105781,39.987491],[-105.104853,39.987489],[-105.104653,39.987644],[-105.104676,39.989605]]],[[[-105.104752,39.98337],[-105.107264,39.983378],[-105.107332,39.983095],[-105.106973,39.983035],[-105.105248,39.983013],[-105.105167,39.982961],[-105.105139,39.982882],[-105.105177,39.982803],[-105.105271,39.982755],[-105.10541,39.98277],[-105.105593,39.982892],[-105.105844,39.982896],[-105.105872,39.982868],[-105.105869,39.982563],[-105.105245,39.982432],[-105.104751,39.98266],[-105.104752,39.98337]]],[[[-105.104767,39.982026],[-105.105405,39.982244],[-105.105866,39.982244],[-105.105864,39.982022],[-105.105556,39.981954],[-105.105371,39.981859],[-105.105212,39.981836],[-105.105133,39.981767],[-105.105128,39.981678],[-105.105213,39.981596],[-105.105351,39.981585],[-105.105433,39.981627],[-105.105569,39.981801],[-105.105907,39.981894],[-105.106066,39.981724],[-105.105111,39.981138],[-105.104755,39.981298],[-105.104767,39.982026]]],[[[-105.106028,39.990043],[-105.106877,39.990034],[-105.106918,39.989607],[-105.107154,39.989263],[-105.106613,39.988926],[-105.106306,39.989209],[-105.1063,39.989384],[-105.106257,39.989453],[-105.106141,39.989499],[-105.106014,39.989472],[-105.10595,39.989392],[-105.105965,39.989301],[-105.106463,39.988826],[-105.105944,39.988478],[-105.1059,39.988476],[-105.105245,39.989093],[-105.105204,39.989352],[-105.10525,39.989566],[-105.105432,39.989811],[-105.105732,39.989982],[-105.106028,39.990043]]],[[[-105.105967,39.999959],[-105.10597,40.00012],[-105.109266,40.000102],[-105.109248,39.998391],[-105.108963,39.998392],[-105.108905,39.998429],[-105.108914,39.999509],[-105.108872,39.999616],[-105.108762,39.999708],[-105.108565,39.999758],[-105.10655,39.999771],[-105.106397,39.999689],[-105.106319,39.999564],[-105.106311,39.999224],[-105.106359,39.999099],[-105.106471,39.999003],[-105.106614,39.998956],[-105.107542,39.998939],[-105.107568,39.998902],[-105.107568,39.998437],[-105.107507,39.998396],[-105.106612,39.998397],[-105.106477,39.998352],[-105.10637,39.998263],[-105.106319,39.998135],[-105.10633,39.997665],[-105.106438,39.997523],[-105.106707,39.99737],[-105.10658,39.99719],[-105.106517,39.997186],[-105.105787,39.997503],[-105.105601,39.997626],[-105.105457,39.997775],[-105.105586,39.997889],[-105.105594,39.997959],[-105.105563,39.998013],[-105.105467,39.998061],[-105.105284,39.998062],[-105.105241,39.998248],[-105.105236,39.99854],[-105.105272,39.998565],[-105.105613,39.998559],[-105.105701,39.998458],[-105.105831,39.99843],[-105.105953,39.998493],[-105.105968,39.998601],[-105.105833,39.998689],[-105.105279,39.998703],[-105.105238,39.998728],[-105.105253,39.999322],[-105.105344,39.999335],[-105.105442,39.99928],[-105.105543,39.999276],[-105.105636,39.999327],[-105.105664,39.9994],[-105.105632,39.999475],[-105.105537,39.999529],[-105.105447,39.999529],[-105.105337,39.999477],[-105.105254,39.999496],[-105.105237,39.999988],[-105.105238,39.999958],[-105.105967,39.999959]]],[[[-105.1057,39.994083],[-105.105709,39.993669],[-105.106033,39.993288],[-105.105871,39.993162],[-105.105759,39.993199],[-105.105417,39.993199],[-105.105374,39.99323],[-105.105379,39.994063],[-105.1057,39.994083]]],[[[-105.105454,39.990339],[-105.105734,39.990446],[-105.107925,39.990451],[-105.108035,39.990334],[-105.107783,39.990242],[-105.107522,39.990194],[-105.106047,39.990184],[-105.10561,39.99009],[-105.105454,39.990339]]],[[[-105.106159,39.992318],[-105.106318,39.992295],[-105.107086,39.992051],[-105.107379,39.992032],[-105.107762,39.99207],[-105.107903,39.991544],[-105.107445,39.991439],[-105.106931,39.991223],[-105.106645,39.991158],[-105.106612,39.99118],[-105.106554,39.991573],[-105.106468,39.991642],[-105.106354,39.991653],[-105.106241,39.991597],[-105.10621,39.991509],[-105.106263,39.991419],[-105.106404,39.991321],[-105.106416,39.991145],[-105.1055,39.991149],[-105.105486,39.991771],[-105.105529,39.99192],[-105.10589,39.992245],[-105.106159,39.992318]]],[[[-105.10606,39.982892],[-105.107375,39.982926],[-105.107546,39.982198],[-105.107274,39.982166],[-105.107188,39.982203],[-105.107085,39.982307],[-105.106964,39.982335],[-105.106831,39.982278],[-105.106801,39.982171],[-105.106845,39.982106],[-105.10693,39.982067],[-105.107099,39.982072],[-105.107304,39.982028],[-105.107585,39.98205],[-105.107678,39.981687],[-105.10779,39.981439],[-105.107566,39.981339],[-105.107331,39.98134],[-105.106407,39.981673],[-105.106178,39.981837],[-105.106055,39.98206],[-105.10606,39.982892]]],[[[-105.106564,39.988013],[-105.106271,39.987994],[-105.10605,39.988365],[-105.107259,39.989145],[-105.107321,39.989138],[-105.107714,39.988769],[-105.107409,39.988517],[-105.106709,39.988069],[-105.106564,39.988013]]],[[[-105.106309,39.987338],[-105.106328,39.98784],[-105.106615,39.987881],[-105.106819,39.987957],[-105.107836,39.988645],[-105.108062,39.988514],[-105.107831,39.98821],[-105.107694,39.988114],[-105.106494,39.987339],[-105.106309,39.987338]]],[[[-105.106547,39.996429],[-105.106711,39.996358],[-105.106793,39.996219],[-105.106778,39.995478],[-105.106733,39.995436],[-105.106559,39.995467],[-105.106467,39.995567],[-105.106477,39.99637],[-105.106547,39.996429]]],[[[-105.106651,39.999655],[-105.108631,39.999622],[-105.108711,39.999577],[-105.108748,39.999518],[-105.108739,39.999105],[-105.108677,39.999064],[-105.106603,39.999086],[-105.106521,39.999127],[-105.106475,39.999191],[-105.106472,39.999511],[-105.106524,39.99961],[-105.106651,39.999655]]],[[[-105.106599,39.996933],[-105.107041,39.996732],[-105.107176,39.996606],[-105.107268,39.996459],[-105.107315,39.996243],[-105.107303,39.995477],[-105.107265,39.995433],[-105.106992,39.995434],[-105.106944,39.995464],[-105.10695,39.996228],[-105.106928,39.996319],[-105.106783,39.996475],[-105.106514,39.996553],[-105.106484,39.996585],[-105.106486,39.996819],[-105.106537,39.996913],[-105.106599,39.996933]]],[[[-105.106662,39.998278],[-105.108683,39.998267],[-105.108736,39.998213],[-105.108728,39.997773],[-105.108668,39.997681],[-105.108514,39.997595],[-105.108342,39.997689],[-105.10821,39.99772],[-105.107148,39.997713],[-105.106975,39.99766],[-105.10683,39.997516],[-105.106772,39.997506],[-105.106567,39.997589],[-105.106485,39.997721],[-105.106488,39.998166],[-105.106555,39.998246],[-105.106662,39.998278]]],[[[-105.107581,39.995416],[-105.10752,39.995467],[-105.107528,39.996271],[-105.107488,39.996473],[-105.107393,39.996649],[-105.107249,39.996814],[-105.106735,39.997092],[-105.106732,39.997145],[-105.106865,39.997297],[-105.107199,39.997182],[-105.107476,39.997019],[-105.107698,39.996793],[-105.107831,39.996545],[-105.10788,39.9963],[-105.107875,39.99545],[-105.10782,39.995412],[-105.107581,39.995416]]],[[[-105.107101,39.997573],[-105.108193,39.997597],[-105.108298,39.997564],[-105.10834,39.9975],[-105.107877,39.99719],[-105.107647,39.997072],[-105.10698,39.997429],[-105.107018,39.997514],[-105.107101,39.997573]]],[[[-105.107078,39.990043],[-105.107693,39.990053],[-105.107858,39.989736],[-105.10868,39.988961],[-105.108211,39.988629],[-105.108033,39.988722],[-105.10782,39.98889],[-105.107211,39.989456],[-105.107099,39.989625],[-105.107064,39.98978],[-105.107078,39.990043]]],[[[-105.107877,39.994784],[-105.10798,39.994827],[-105.108022,39.994905],[-105.108039,39.996265],[-105.108398,39.996277],[-105.108381,39.994535],[-105.107499,39.99452],[-105.107505,39.99525],[-105.107531,39.995291],[-105.107805,39.995299],[-105.107859,39.995274],[-105.107851,39.995093],[-105.107707,39.994977],[-105.107684,39.994905],[-105.107747,39.99481],[-105.107877,39.994784]]],[[[-105.107562,40.007602],[-105.107561,40.007811],[-105.107866,40.007862],[-105.107866,40.007599],[-105.107562,40.007602]]],[[[-105.107635,39.980004],[-105.107606,39.980262],[-105.10821,39.980968],[-105.108482,39.980789],[-105.108164,39.980389],[-105.108016,39.980292],[-105.108001,39.980209],[-105.108056,39.980131],[-105.108253,39.980086],[-105.108799,39.979842],[-105.108917,39.979738],[-105.109028,39.979714],[-105.109147,39.979766],[-105.109207,39.979903],[-105.109554,39.980254],[-105.109883,39.980064],[-105.110178,39.979836],[-105.110121,39.979737],[-105.110152,39.979644],[-105.110279,39.979586],[-105.11041,39.979613],[-105.110789,39.979196],[-105.110604,39.978933],[-105.11063,39.978818],[-105.110732,39.978771],[-105.110854,39.978795],[-105.110915,39.978877],[-105.110888,39.978964],[-105.11096,39.979004],[-105.111426,39.978464],[-105.111375,39.978441],[-105.110393,39.978437],[-105.110391,39.978765],[-105.107635,39.980004]]],[[[-105.107782,39.998391],[-105.107727,39.998439],[-105.107726,39.998902],[-105.10775,39.998937],[-105.108676,39.998939],[-105.10873,39.99891],[-105.108737,39.998449],[-105.108707,39.998403],[-105.107782,39.998391]]],[[[-105.108399,39.996326],[-105.108035,39.996334],[-105.107965,39.996623],[-105.107774,39.996955],[-105.108735,39.997562],[-105.109016,39.997302],[-105.108403,39.99701],[-105.108399,39.996326]]],[[[-105.107968,39.989857],[-105.107873,39.990112],[-105.108192,39.990246],[-105.108528,39.990463],[-105.109212,39.989834],[-105.109206,39.989292],[-105.108819,39.989058],[-105.108469,39.989392],[-105.10883,39.989645],[-105.108854,39.989725],[-105.108812,39.989806],[-105.108695,39.989855],[-105.108563,39.989826],[-105.108508,39.989766],[-105.108479,39.989619],[-105.108333,39.989521],[-105.107968,39.989857]]],[[[-105.111499,39.99228],[-105.111398,39.992368],[-105.11125,39.992364],[-105.110796,39.991968],[-105.109768,39.992254],[-105.109265,39.992339],[-105.108669,39.99235],[-105.107974,39.992258],[-105.107877,39.992521],[-105.108746,39.992658],[-105.109279,39.992632],[-105.109869,39.992547],[-105.110603,39.992342],[-105.111016,39.992658],[-105.111585,39.992718],[-105.111856,39.992514],[-105.111851,39.992334],[-105.111499,39.99228]]],[[[-105.108322,39.98839],[-105.109754,39.989346],[-105.110044,39.989088],[-105.109755,39.988826],[-105.109649,39.988556],[-105.109662,39.987799],[-105.109746,39.987656],[-105.109901,39.987554],[-105.110065,39.987516],[-105.110406,39.987514],[-105.110642,39.987581],[-105.110745,39.987667],[-105.110804,39.987779],[-105.110806,39.988255],[-105.110901,39.988503],[-105.110955,39.988522],[-105.11122,39.98849],[-105.111537,39.988496],[-105.111572,39.988464],[-105.111595,39.987789],[-105.111647,39.987678],[-105.111759,39.98758],[-105.112004,39.987506],[-105.113576,39.98749],[-105.113606,39.987462],[-105.113605,39.987172],[-105.113571,39.987151],[-105.108703,39.987172],[-105.108694,39.987741],[-105.107952,39.987752],[-105.107967,39.987814],[-105.108104,39.988126],[-105.108322,39.98839]]],[[[-105.10847,39.99219],[-105.109224,39.992203],[-105.109571,39.992152],[-105.110683,39.991852],[-105.11082,39.991774],[-105.110913,39.991664],[-105.110953,39.991524],[-105.110932,39.991392],[-105.110857,39.991232],[-105.110818,39.991216],[-105.109537,39.991576],[-105.109213,39.99164],[-105.108767,39.991653],[-105.108128,39.991587],[-105.108015,39.992113],[-105.10847,39.99219]]],[[[-105.108042,40.007599],[-105.108041,40.007796],[-105.108403,40.007796],[-105.108403,40.007598],[-105.108042,40.007599]]],[[[-105.108925,39.980812],[-105.108411,39.981112],[-105.108211,39.981296],[-105.108143,39.981404],[-105.108536,39.981548],[-105.108617,39.98147],[-105.108647,39.981339],[-105.108703,39.981279],[-105.108824,39.981246],[-105.10894,39.981283],[-105.108996,39.981361],[-105.108975,39.981453],[-105.108775,39.981551],[-105.108699,39.981641],[-105.10887,39.981806],[-105.109069,39.982104],[-105.10939,39.981987],[-105.109613,39.981842],[-105.109663,39.981771],[-105.109673,39.98165],[-105.109731,39.981593],[-105.109852,39.981565],[-105.109966,39.981605],[-105.110017,39.981708],[-105.109966,39.981799],[-105.109531,39.982076],[-105.109147,39.982221],[-105.109377,39.982638],[-105.109564,39.982817],[-105.109875,39.982937],[-105.110234,39.982942],[-105.110261,39.982462],[-105.11036,39.982333],[-105.110528,39.982247],[-105.110355,39.981905],[-105.110439,39.981567],[-105.109961,39.981267],[-105.109512,39.981414],[-105.108925,39.980812]]],[[[-105.112603,39.991796],[-105.112652,39.991301],[-105.111721,39.990702],[-105.110814,39.990712],[-105.110345,39.990848],[-105.110282,39.990717],[-105.108954,39.990735],[-105.108919,39.990822],[-105.108801,39.990867],[-105.108688,39.990834],[-105.108608,39.990716],[-105.108536,39.990709],[-105.108305,39.990992],[-105.108176,39.991406],[-105.108204,39.991435],[-105.108676,39.991506],[-105.109202,39.991502],[-105.10992,39.991324],[-105.109927,39.991288],[-105.109799,39.991198],[-105.109761,39.991121],[-105.109798,39.991031],[-105.109889,39.99098],[-105.109997,39.990981],[-105.110084,39.991031],[-105.110117,39.991107],[-105.110099,39.991233],[-105.110135,39.991259],[-105.110998,39.991015],[-105.111341,39.990991],[-105.111717,39.991098],[-105.112207,39.991429],[-105.11225,39.991532],[-105.112184,39.991625],[-105.112398,39.991866],[-105.112603,39.991796]]],[[[-105.108881,39.979965],[-105.108425,39.980154],[-105.10833,39.98026],[-105.108355,39.98039],[-105.108643,39.980707],[-105.109382,39.980338],[-105.109118,39.980024],[-105.109016,39.979974],[-105.108881,39.979965]]],[[[-105.108616,39.976108],[-105.109241,39.976097],[-105.109273,39.975529],[-105.109175,39.97531],[-105.10862,39.975356],[-105.108616,39.976108]]],[[[-105.109169,39.990154],[-105.108716,39.990549],[-105.108739,39.990611],[-105.108793,39.990625],[-105.10874,39.99054],[-105.111441,39.990532],[-105.110261,39.989744],[-105.109577,39.98977],[-105.109311,39.990008],[-105.109308,39.990042],[-105.109385,39.990102],[-105.109504,39.990125],[-105.11043,39.990118],[-105.11068,39.990061],[-105.11079,39.99014],[-105.110796,39.990205],[-105.110762,39.990259],[-105.110627,39.990304],[-105.110444,39.990238],[-105.109469,39.990246],[-105.109169,39.990154]]],[[[-105.109063,39.99733],[-105.108784,39.997596],[-105.108892,39.997761],[-105.108902,39.998227],[-105.108959,39.998267],[-105.109247,39.998265],[-105.109238,39.997407],[-105.109063,39.99733]]],[[[-105.109334,39.982825],[-105.108972,39.98303],[-105.109237,39.983398],[-105.113703,39.983357],[-105.113234,39.982925],[-105.113042,39.983016],[-105.112783,39.983066],[-105.110021,39.983083],[-105.10964,39.983011],[-105.109334,39.982825]]],[[[-105.110055,39.987652],[-105.109912,39.987711],[-105.109836,39.987819],[-105.109826,39.988543],[-105.109861,39.988671],[-105.109935,39.988786],[-105.110178,39.988956],[-105.110416,39.988757],[-105.110739,39.988561],[-105.110629,39.988282],[-105.110637,39.987836],[-105.110601,39.987744],[-105.110445,39.987656],[-105.110055,39.987652]]],[[[-105.109989,39.9894],[-105.111719,39.990401],[-105.112568,39.990378],[-105.112561,39.990083],[-105.111889,39.990092],[-105.111569,39.990024],[-105.110244,39.989195],[-105.109989,39.9894]]],[[[-105.11025,39.980103],[-105.111265,39.980714],[-105.111733,39.980516],[-105.111758,39.980536],[-105.111919,39.98029],[-105.112241,39.979949],[-105.111042,39.979305],[-105.110634,39.979771],[-105.111164,39.980089],[-105.111393,39.98014],[-105.11145,39.980227],[-105.111413,39.980327],[-105.1113,39.980377],[-105.111183,39.980359],[-105.111048,39.980198],[-105.110529,39.979889],[-105.11025,39.980103]]],[[[-105.111079,39.988671],[-105.110868,39.98872],[-105.110667,39.98881],[-105.110467,39.988951],[-105.110363,39.98908],[-105.110995,39.98949],[-105.111218,39.989323],[-105.111441,39.989242],[-105.112309,39.989222],[-105.112527,39.989179],[-105.112733,39.989074],[-105.112927,39.988883],[-105.112683,39.988747],[-105.112353,39.988668],[-105.111079,39.988671]]],[[[-105.110426,39.982932],[-105.112083,39.982934],[-105.112114,39.982907],[-105.112108,39.98272],[-105.112069,39.9826],[-105.111994,39.982504],[-105.111754,39.982376],[-105.110651,39.982363],[-105.11051,39.982412],[-105.11043,39.982505],[-105.110426,39.982932]]],[[[-105.112148,39.991643],[-105.112041,39.991656],[-105.111951,39.991621],[-105.111901,39.991558],[-105.111868,39.991389],[-105.111578,39.991198],[-105.111285,39.99113],[-105.11103,39.991165],[-105.111118,39.991397],[-105.111134,39.991541],[-105.111096,39.99169],[-105.110971,39.991882],[-105.111184,39.992082],[-105.111458,39.992144],[-105.111506,39.992259],[-105.11185,39.992253],[-105.111848,39.992054],[-105.112288,39.991903],[-105.112148,39.991643]]],[[[-105.111937,39.989955],[-105.112704,39.989941],[-105.112988,39.989882],[-105.113237,39.98974],[-105.113642,39.989336],[-105.113085,39.988983],[-105.112809,39.989209],[-105.112585,39.989314],[-105.112332,39.989362],[-105.111485,39.989375],[-105.111309,39.989442],[-105.111152,39.989579],[-105.111574,39.98987],[-105.111748,39.989932],[-105.111937,39.989955]]],[[[-105.112038,39.981895],[-105.113335,39.982538],[-105.113343,39.981982],[-105.112892,39.981948],[-105.112572,39.981846],[-105.112274,39.981637],[-105.112098,39.981374],[-105.112048,39.981094],[-105.112119,39.980817],[-105.112222,39.980659],[-105.112648,39.98019],[-105.112358,39.980015],[-105.11183,39.980593],[-105.111651,39.980993],[-105.11173,39.98149],[-105.112038,39.981895]]],[[[-105.111686,39.982228],[-105.111963,39.982304],[-105.112173,39.982462],[-105.112275,39.982645],[-105.112304,39.982929],[-105.112922,39.982905],[-105.112788,39.982601],[-105.112335,39.982159],[-105.111733,39.981872],[-105.111686,39.982228]]],[[[-105.112446,39.988511],[-105.112729,39.988577],[-105.113061,39.988739],[-105.113104,39.988735],[-105.113427,39.988437],[-105.113547,39.98826],[-105.113603,39.988048],[-105.113598,39.987644],[-105.112824,39.987638],[-105.112806,39.987705],[-105.112877,39.987806],[-105.112883,39.987887],[-105.112829,39.987957],[-105.112718,39.987992],[-105.112598,39.987964],[-105.112534,39.98789],[-105.112539,39.987811],[-105.112616,39.987717],[-105.112596,39.98764],[-105.112004,39.987642],[-105.111847,39.987697],[-105.111761,39.987834],[-105.111757,39.988477],[-105.112446,39.988511]]],[[[-105.11308,39.981832],[-105.113347,39.981817],[-105.113349,39.981279],[-105.113059,39.981234],[-105.112992,39.981171],[-105.112983,39.981091],[-105.113076,39.980999],[-105.113303,39.980982],[-105.113329,39.980945],[-105.113262,39.980749],[-105.113153,39.98057],[-105.112976,39.980384],[-105.112803,39.98027],[-105.112306,39.980824],[-105.112234,39.981015],[-105.112232,39.981215],[-105.112322,39.981441],[-105.112514,39.98164],[-105.112783,39.981776],[-105.11308,39.981832]]],[[[-105.113715,39.990494],[-105.114807,39.990492],[-105.114589,39.990153],[-105.114304,39.990238],[-105.114243,39.990346],[-105.114163,39.990399],[-105.114046,39.990406],[-105.11395,39.990354],[-105.113922,39.990251],[-105.113989,39.990166],[-105.114239,39.990111],[-105.114508,39.990001],[-105.114284,39.989742],[-105.113813,39.98944],[-105.11323,39.98993],[-105.112966,39.990039],[-105.112684,39.990081],[-105.112645,39.990327],[-105.113524,39.990333],[-105.113715,39.990494]]],[[[-105.114225,39.98715],[-105.11379,39.987168],[-105.113794,39.988013],[-105.113761,39.988206],[-105.113616,39.988468],[-105.113242,39.988847],[-105.114474,39.98964],[-105.114598,39.989567],[-105.114947,39.989242],[-105.115128,39.989136],[-105.11543,39.989061],[-105.115735,39.98909],[-105.115808,39.989194],[-105.115736,39.989313],[-105.115572,39.989335],[-105.115379,39.989213],[-105.11522,39.98925],[-105.115077,39.989334],[-105.114609,39.98976],[-105.115,39.990378],[-105.115216,39.990303],[-105.115347,39.990213],[-105.115404,39.990135],[-105.115401,39.990001],[-105.115464,39.989935],[-105.115615,39.989911],[-105.115725,39.989973],[-105.115751,39.990058],[-105.115707,39.990136],[-105.115566,39.990201],[-105.115382,39.990382],[-105.115177,39.99048],[-105.116113,39.990478],[-105.11612,39.988773],[-105.11494,39.988784],[-105.114947,39.988169],[-105.114217,39.988174],[-105.114225,39.98715]]],[[[-105.113904,39.980318],[-105.113342,39.980554],[-105.113477,39.980828],[-105.113524,39.981108],[-105.113522,39.982488],[-105.113472,39.982667],[-105.11337,39.982813],[-105.113863,39.983089],[-105.113904,39.980318]]],[[[-105.11475,39.992355],[-105.116165,39.992363],[-105.116129,39.992159],[-105.116046,39.992],[-105.115829,39.992074],[-105.115663,39.992086],[-105.114739,39.991955],[-105.114504,39.991879],[-105.114349,39.991777],[-105.114229,39.991632],[-105.114171,39.991474],[-105.114161,39.991271],[-105.113917,39.991249],[-105.113809,39.991163],[-105.113818,39.991055],[-105.11393,39.990985],[-105.114805,39.991005],[-105.115043,39.990947],[-105.115059,39.990911],[-105.11493,39.9907],[-105.113778,39.990708],[-105.113454,39.99101],[-105.113454,39.991164],[-105.114294,39.992156],[-105.11474,39.992155],[-105.11475,39.992355]]],[[[-105.115699,39.991952],[-105.115821,39.991929],[-105.115946,39.991851],[-105.115427,39.991439],[-105.11515,39.991075],[-105.114855,39.991138],[-105.114391,39.991129],[-105.114354,39.991151],[-105.11436,39.991509],[-105.114439,39.991643],[-105.114562,39.991744],[-105.11478,39.991822],[-105.115699,39.991952]]],[[[-105.114591,40.006125],[-105.114956,40.006127],[-105.115505,40.006024],[-105.115996,40.00598],[-105.116347,40.005236],[-105.116387,40.005094],[-105.116374,40.004856],[-105.11631,40.00465],[-105.116208,40.004494],[-105.1161,40.004487],[-105.11591,40.004651],[-105.115993,40.004845],[-105.116005,40.004981],[-105.115863,40.005416],[-105.115805,40.005507],[-105.115661,40.005606],[-105.11531,40.005677],[-105.115159,40.005771],[-105.115033,40.00576],[-105.114961,40.005694],[-105.115039,40.005078],[-105.114965,40.004737],[-105.115011,40.004628],[-105.115157,40.004491],[-105.115121,40.004414],[-105.114983,40.004317],[-105.114993,40.004207],[-105.115095,40.004149],[-105.115217,40.004162],[-105.115293,40.004239],[-105.11527,40.004369],[-105.115306,40.004442],[-105.115571,40.004463],[-105.115771,40.004551],[-105.115826,40.004541],[-105.116045,40.004344],[-105.116031,40.004298],[-105.115796,40.004107],[-105.115696,40.003947],[-105.115651,40.003752],[-105.115687,40.003495],[-105.115668,40.003449],[-105.115381,40.003401],[-105.115157,40.003445],[-105.115069,40.003403],[-105.115033,40.003327],[-105.115075,40.003244],[-105.115172,40.003205],[-105.115268,40.003216],[-105.115401,40.003288],[-105.115659,40.003313],[-105.115731,40.003273],[-105.115863,40.002522],[-105.115811,40.00249],[-105.115404,40.002469],[-105.115163,40.002547],[-105.115055,40.0025],[-105.115023,40.002412],[-105.115075,40.002336],[-105.115169,40.002304],[-105.115372,40.002356],[-105.115825,40.002376],[-105.115886,40.002352],[-105.115897,40.001681],[-105.11584,40.001627],[-105.115458,40.001539],[-105.115365,40.001551],[-105.115239,40.001619],[-105.115118,40.001614],[-105.115025,40.001524],[-105.115032,40.001457],[-105.115077,40.001407],[-105.115213,40.001377],[-105.115938,40.001517],[-105.116376,40.001064],[-105.116546,40.000955],[-105.116879,40.000874],[-105.117285,40.000938],[-105.117497,40.000775],[-105.117816,40.000666],[-105.117955,40.000736],[-105.117973,40.000797],[-105.117943,40.000866],[-105.11782,40.000919],[-105.117657,40.000879],[-105.117574,40.000889],[-105.11745,40.000987],[-105.117452,40.001056],[-105.118032,40.001381],[-105.118313,40.001467],[-105.118374,40.001432],[-105.118499,40.001201],[-105.118798,40.001006],[-105.118821,40.000927],[-105.118762,40.000818],[-105.118766,40.000753],[-105.118823,40.000691],[-105.118927,40.000667],[-105.119055,40.000723],[-105.119069,40.000837],[-105.118886,40.001106],[-105.1186,40.001289],[-105.118527,40.001441],[-105.118595,40.001512],[-105.118888,40.001498],[-105.119145,40.001437],[-105.119807,40.00119],[-105.119843,40.001138],[-105.119814,40.000933],[-105.119879,40.000795],[-105.120032,40.000686],[-105.120254,40.000644],[-105.120911,40.000754],[-105.121143,40.000715],[-105.121239,40.000765],[-105.121265,40.000859],[-105.121202,40.000936],[-105.121094,40.00096],[-105.120897,40.000869],[-105.120279,40.000759],[-105.120155,40.000762],[-105.120029,40.000816],[-105.119958,40.000901],[-105.119948,40.001014],[-105.12,40.001097],[-105.120443,40.001105],[-105.121729,40.001382],[-105.122032,40.001478],[-105.122102,40.001445],[-105.1222,40.001295],[-105.122328,40.001212],[-105.122748,40.001144],[-105.122775,40.000926],[-105.122699,40.000763],[-105.122767,40.00068],[-105.122877,40.000658],[-105.122978,40.000701],[-105.123019,40.000776],[-105.122923,40.000934],[-105.122903,40.001213],[-105.122959,40.001468],[-105.123044,40.001593],[-105.123023,40.001682],[-105.122887,40.001745],[-105.122744,40.001682],[-105.122724,40.001592],[-105.122805,40.001442],[-105.122777,40.001323],[-105.122711,40.001281],[-105.12239,40.001315],[-105.122186,40.001482],[-105.122165,40.001542],[-105.122593,40.001953],[-105.123078,40.002197],[-105.12335,40.00185],[-105.123407,40.001723],[-105.12341,40.0016],[-105.123328,40.00121],[-105.12342,40.000822],[-105.123416,40.000349],[-105.117712,40.000326],[-105.116036,40.000946],[-105.114689,40.001088],[-105.11455,40.001136],[-105.114591,40.006125]]],[[[-105.114585,40.007458],[-105.121621,40.00744],[-105.121667,40.009344],[-105.122583,40.009199],[-105.121914,40.008508],[-105.12175,40.008279],[-105.121647,40.007917],[-105.121615,40.007053],[-105.12155,40.006937],[-105.121448,40.006841],[-105.121177,40.006725],[-105.120951,40.00671],[-105.119781,40.006842],[-105.119557,40.00694],[-105.119107,40.007266],[-105.118698,40.007406],[-105.118289,40.007448],[-105.117452,40.00742],[-105.117121,40.007356],[-105.116837,40.007253],[-105.11661,40.007129],[-105.116328,40.00692],[-105.115786,40.007083],[-105.115376,40.007087],[-105.115242,40.00712],[-105.115121,40.007086],[-105.115074,40.006971],[-105.115188,40.006878],[-105.115309,40.006885],[-105.115462,40.006977],[-105.115671,40.00698],[-105.115984,40.006919],[-105.116213,40.006803],[-105.116065,40.006458],[-105.116004,40.006164],[-105.115928,40.006127],[-105.115641,40.006142],[-105.115006,40.00626],[-105.114594,40.006263],[-105.114585,40.007458]]],[[[-105.11507,40.005617],[-105.115047,40.005657],[-105.115071,40.005692],[-105.115174,40.005674],[-105.11507,40.005617]]],[[[-105.115149,40.004213],[-105.115081,40.004264],[-105.115145,40.004317],[-105.11522,40.004268],[-105.115149,40.004213]]],[[[-105.11523,40.005568],[-105.115534,40.005525],[-105.115662,40.005463],[-105.11572,40.00539],[-105.115849,40.005029],[-105.115858,40.004899],[-105.115808,40.00478],[-105.115536,40.004571],[-105.115437,40.004566],[-105.115208,40.004632],[-105.115113,40.004732],[-105.115186,40.005042],[-105.115133,40.005499],[-105.11517,40.00555],[-105.11523,40.005568]]],[[[-105.115188,40.002375],[-105.115118,40.002414],[-105.115165,40.002475],[-105.115248,40.002436],[-105.115239,40.002398],[-105.115188,40.002375]]],[[[-105.115191,40.003375],[-105.115259,40.003335],[-105.115213,40.003276],[-105.11513,40.003313],[-105.115141,40.003355],[-105.115191,40.003375]]],[[[-105.115212,40.001456],[-105.115134,40.001501],[-105.115189,40.001569],[-105.115283,40.001525],[-105.115264,40.001474],[-105.115212,40.001456]]],[[[-105.115223,40.006946],[-105.115173,40.006974],[-105.115173,40.007017],[-105.115274,40.007035],[-105.115295,40.006978],[-105.115223,40.006946]]],[[[-105.115667,39.99736],[-105.115644,39.996988],[-105.115728,39.996711],[-105.115841,39.996543],[-105.116066,39.996304],[-105.116235,39.996231],[-105.116452,39.996217],[-105.116453,39.995866],[-105.11601,39.995869],[-105.115294,39.996681],[-105.115219,39.997049],[-105.115347,39.997363],[-105.115667,39.99736]]],[[[-105.11808,39.993732],[-105.118196,39.993878],[-105.118251,39.993896],[-105.118476,39.993801],[-105.1186,39.993707],[-105.118749,39.993489],[-105.118886,39.992951],[-105.118995,39.992829],[-105.119134,39.992754],[-105.119355,39.992711],[-105.12041,39.992702],[-105.120756,39.992795],[-105.120814,39.992771],[-105.120884,39.992652],[-105.121009,39.992622],[-105.12111,39.99266],[-105.121154,39.992746],[-105.121091,39.992842],[-105.120916,39.99287],[-105.120869,39.992925],[-105.120912,39.993114],[-105.12087,39.993386],[-105.120868,39.994478],[-105.120894,39.994515],[-105.121171,39.994608],[-105.121565,39.994864],[-105.121829,39.994936],[-105.121938,39.99478],[-105.121981,39.994644],[-105.121945,39.994166],[-105.122105,39.994166],[-105.122141,39.994629],[-105.122034,39.994939],[-105.122087,39.994984],[-105.12229,39.994977],[-105.12255,39.99492],[-105.122802,39.994806],[-105.123582,39.994155],[-105.122321,39.994147],[-105.12234,39.992367],[-105.118546,39.992391],[-105.118561,39.990678],[-105.116035,39.99069],[-105.115333,39.990976],[-105.115522,39.991245],[-105.115924,39.991032],[-105.116183,39.990977],[-105.117684,39.990975],[-105.117863,39.991022],[-105.118003,39.99112],[-105.11807,39.991223],[-105.118092,39.991335],[-105.118082,39.991913],[-105.117999,39.992014],[-105.117895,39.992034],[-105.117793,39.992004],[-105.117692,39.991829],[-105.117055,39.99183],[-105.116992,39.991975],[-105.116857,39.992032],[-105.116717,39.991986],[-105.116653,39.99183],[-105.116412,39.991839],[-105.116247,39.991922],[-105.116353,39.992179],[-105.116422,39.992585],[-105.11656,39.992806],[-105.11671,39.992932],[-105.116884,39.99302],[-105.116973,39.992866],[-105.116892,39.992765],[-105.116912,39.992661],[-105.117022,39.992599],[-105.117168,39.992622],[-105.117228,39.992685],[-105.117234,39.992763],[-105.117153,39.992856],[-105.117122,39.992976],[-105.117038,39.993116],[-105.117607,39.993435],[-105.117646,39.99343],[-105.11781,39.993259],[-105.117889,39.99312],[-105.117899,39.992858],[-105.117813,39.992763],[-105.117827,39.992667],[-105.117969,39.992591],[-105.118129,39.992642],[-105.118167,39.992737],[-105.118078,39.992855],[-105.118081,39.993071],[-105.118051,39.993194],[-105.117788,39.993521],[-105.11808,39.993732]],[[-105.118557,39.991031],[-105.118555,39.991207],[-105.118557,39.991027],[-105.118557,39.991031]],[[-105.12209,39.994151],[-105.121944,39.994152],[-105.121927,39.99399],[-105.121807,39.993562],[-105.121831,39.993426],[-105.121927,39.99327],[-105.121957,39.99315],[-105.122023,39.993094],[-105.12214,39.993071],[-105.122263,39.993133],[-105.12229,39.993237],[-105.122223,39.993323],[-105.122022,39.993386],[-105.121953,39.993543],[-105.122068,39.993956],[-105.12209,39.994151]]],[[[-105.115642,39.991371],[-105.11616,39.991778],[-105.116452,39.991695],[-105.117879,39.99169],[-105.117906,39.991662],[-105.117907,39.991292],[-105.117818,39.991168],[-105.11765,39.991111],[-105.116103,39.991127],[-105.115952,39.99118],[-105.115642,39.991371]]],[[[-105.119578,39.997344],[-105.11895,39.996827],[-105.118646,39.997013],[-105.118462,39.997063],[-105.115869,39.997075],[-105.115802,39.997128],[-105.115827,39.997359],[-105.119578,39.997344]]],[[[-105.115888,39.996952],[-105.118438,39.996942],[-105.118581,39.996896],[-105.118794,39.996745],[-105.118812,39.996704],[-105.117479,39.995481],[-105.117413,39.995461],[-105.117257,39.995583],[-105.117248,39.995745],[-105.11761,39.996218],[-105.117875,39.996316],[-105.1179,39.99639],[-105.117871,39.996461],[-105.117763,39.996507],[-105.117644,39.996483],[-105.117418,39.996212],[-105.117359,39.996189],[-105.116974,39.996331],[-105.116271,39.996353],[-105.11614,39.996421],[-105.115901,39.996702],[-105.115819,39.996893],[-105.115888,39.996952]]],[[[-105.118323,40.007294],[-105.11864,40.007274],[-105.118923,40.00719],[-105.119144,40.007069],[-105.119434,40.006839],[-105.119206,40.006702],[-105.119158,40.006732],[-105.118581,40.006589],[-105.117033,40.00473],[-105.117246,40.002038],[-105.11753,40.001752],[-105.118194,40.001762],[-105.118224,40.001661],[-105.118188,40.001621],[-105.117988,40.001555],[-105.117161,40.001062],[-105.116937,40.001013],[-105.116752,40.001033],[-105.116526,40.001143],[-105.116167,40.001533],[-105.116218,40.001597],[-105.116567,40.001711],[-105.116728,40.001618],[-105.116781,40.001497],[-105.116851,40.001444],[-105.116983,40.001436],[-105.117081,40.00151],[-105.117088,40.001585],[-105.117041,40.001648],[-105.116831,40.001702],[-105.11668,40.00183],[-105.116746,40.002058],[-105.116699,40.002316],[-105.11671,40.002595],[-105.116797,40.002714],[-105.1168,40.002781],[-105.116747,40.002846],[-105.116658,40.002875],[-105.116502,40.002816],[-105.116484,40.002724],[-105.116562,40.002593],[-105.116552,40.002302],[-105.116599,40.002087],[-105.116583,40.001981],[-105.116507,40.001863],[-105.116394,40.001779],[-105.11617,40.001708],[-105.116101,40.001721],[-105.116064,40.001764],[-105.116074,40.002451],[-105.115912,40.003274],[-105.115949,40.003336],[-105.116236,40.003428],[-105.116478,40.003626],[-105.116622,40.00368],[-105.116666,40.003729],[-105.116673,40.003797],[-105.116584,40.003882],[-105.116433,40.003879],[-105.116363,40.003819],[-105.116348,40.003692],[-105.11628,40.003607],[-105.116131,40.003509],[-105.115966,40.00346],[-105.115873,40.003494],[-105.115832,40.003679],[-105.115842,40.003837],[-105.115903,40.003976],[-105.116381,40.004413],[-105.116501,40.004607],[-105.116567,40.004819],[-105.116581,40.004998],[-105.116549,40.005187],[-105.116279,40.005748],[-105.116215,40.005963],[-105.116282,40.006016],[-105.116546,40.006024],[-105.116849,40.005994],[-105.117041,40.00594],[-105.11712,40.005851],[-105.117116,40.005736],[-105.117056,40.00566],[-105.116889,40.005585],[-105.116857,40.005503],[-105.116887,40.005442],[-105.116957,40.005399],[-105.117111,40.005409],[-105.117169,40.005472],[-105.11718,40.005578],[-105.117287,40.005801],[-105.117399,40.005903],[-105.117414,40.005984],[-105.117305,40.006081],[-105.117083,40.006062],[-105.116836,40.006128],[-105.11683,40.006241],[-105.116913,40.006432],[-105.117145,40.006668],[-105.117485,40.006817],[-105.117834,40.006855],[-105.118053,40.006734],[-105.1182,40.006755],[-105.118258,40.006835],[-105.118256,40.007239],[-105.118323,40.007294]]],[[[-105.117624,40.007296],[-105.118072,40.007282],[-105.118108,40.007231],[-105.118097,40.006996],[-105.11803,40.006963],[-105.117548,40.006947],[-105.117219,40.006848],[-105.117016,40.006731],[-105.11685,40.006577],[-105.116737,40.006405],[-105.116641,40.006151],[-105.116276,40.00613],[-105.116211,40.006161],[-105.116213,40.00632],[-105.116295,40.006557],[-105.116425,40.006758],[-105.116622,40.00695],[-105.116844,40.007094],[-105.117099,40.007202],[-105.117624,40.007296]]],[[[-105.116511,40.003823],[-105.116578,40.003768],[-105.116502,40.003722],[-105.116446,40.003777],[-105.116511,40.003823]]],[[[-105.11664,40.002701],[-105.116575,40.002753],[-105.116642,40.002803],[-105.116707,40.002751],[-105.11664,40.002701]]],[[[-105.117104,39.99513],[-105.116664,39.99541],[-105.116882,39.996214],[-105.11685,39.996215],[-105.11685,39.996216],[-105.116874,39.996215],[-105.116896,39.996214],[-105.116903,39.996213],[-105.116906,39.996213],[-105.116959,39.996205],[-105.117075,39.996172],[-105.11727,39.996053],[-105.117109,39.995807],[-105.117077,39.995669],[-105.11713,39.995509],[-105.117302,39.995331],[-105.117104,39.99513]]],[[[-105.116919,40.001606],[-105.116993,40.00156],[-105.116944,40.0015],[-105.116855,40.001541],[-105.116867,40.001584],[-105.116919,40.001606]]],[[[-105.117025,40.005461],[-105.116956,40.0055],[-105.117003,40.005559],[-105.117083,40.005522],[-105.117069,40.005478],[-105.117025,40.005461]]],[[[-105.119639,39.997305],[-105.119704,39.99726],[-105.119462,39.997077],[-105.119686,39.996949],[-105.119704,39.996733],[-105.119841,39.996447],[-105.119189,39.995963],[-105.118775,39.996276],[-105.118706,39.996213],[-105.119113,39.995909],[-105.117564,39.994827],[-105.11717,39.994992],[-105.117139,39.995068],[-105.118524,39.996343],[-105.119639,39.997305]],[[-105.118775,39.996276],[-105.119189,39.99664],[-105.11915,39.996783],[-105.117425,39.995229],[-105.117599,39.995215],[-105.118775,39.996276]]],[[[-105.117261,40.005911],[-105.117194,40.005982],[-105.117218,40.006009],[-105.117317,40.005978],[-105.117311,40.005935],[-105.117261,40.005911]]],[[[-105.117812,40.00074],[-105.117741,40.000784],[-105.117787,40.000841],[-105.117873,40.000802],[-105.117861,40.000761],[-105.117812,40.00074]]],[[[-105.118258,39.994689],[-105.120941,39.995857],[-105.121906,39.995568],[-105.122254,39.995353],[-105.12272,39.994998],[-105.122333,39.995099],[-105.121958,39.995105],[-105.12179,39.995264],[-105.121618,39.995353],[-105.120829,39.995482],[-105.120743,39.995451],[-105.120694,39.995385],[-105.120702,39.995314],[-105.120772,39.995254],[-105.120895,39.995242],[-105.121091,39.99532],[-105.121472,39.995261],[-105.121668,39.995183],[-105.121731,39.995128],[-105.121734,39.995083],[-105.121373,39.994915],[-105.121085,39.994714],[-105.120911,39.994653],[-105.120639,39.99465],[-105.120101,39.994826],[-105.11992,39.994838],[-105.119737,39.994789],[-105.119537,39.994651],[-105.119193,39.994674],[-105.118727,39.994476],[-105.118542,39.99446],[-105.118449,39.994402],[-105.11843,39.994338],[-105.118459,39.994272],[-105.118619,39.994223],[-105.118715,39.994265],[-105.118795,39.994364],[-105.119214,39.994549],[-105.119305,39.99456],[-105.119487,39.994517],[-105.119682,39.993903],[-105.119689,39.993602],[-105.119623,39.993552],[-105.118905,39.993573],[-105.11876,39.993753],[-105.118617,39.993873],[-105.118088,39.994124],[-105.118178,39.994205],[-105.117779,39.994384],[-105.118258,39.994689]]],[[[-105.118033,40.006833],[-105.118159,40.006836],[-105.118097,40.006801],[-105.118033,40.006833]]],[[[-105.118085,40.001472],[-105.11808,40.0015],[-105.118245,40.001533],[-105.118235,40.001517],[-105.118085,40.001472]]],[[[-105.11837,40.001656],[-105.11833,40.001645],[-105.11829,40.001763],[-105.118323,40.00176],[-105.11837,40.001656]]],[[[-105.11905,40.005802],[-105.119533,40.005796],[-105.119563,40.005716],[-105.121475,40.005277],[-105.121563,40.005329],[-105.121823,40.005211],[-105.122703,40.005021],[-105.123076,40.004842],[-105.123019,40.004599],[-105.123143,40.004129],[-105.12313,40.003826],[-105.12321,40.003691],[-105.123203,40.003564],[-105.123054,40.003459],[-105.121183,40.003305],[-105.120084,40.002871],[-105.118943,40.002132],[-105.118536,40.002077],[-105.118434,40.002105],[-105.118517,40.002296],[-105.118641,40.002435],[-105.11932,40.002862],[-105.119772,40.003232],[-105.119962,40.003342],[-105.12094,40.00364],[-105.122366,40.003779],[-105.122551,40.003754],[-105.122644,40.003794],[-105.122685,40.003867],[-105.122603,40.004016],[-105.122585,40.004187],[-105.12249,40.004475],[-105.122539,40.004653],[-105.122425,40.004744],[-105.12222,40.004735],[-105.122017,40.004805],[-105.121408,40.00491],[-105.120957,40.005025],[-105.120646,40.005028],[-105.120427,40.005113],[-105.120345,40.005089],[-105.120291,40.005033],[-105.120314,40.004875],[-105.120289,40.004812],[-105.120104,40.004682],[-105.119836,40.004586],[-105.119628,40.0046],[-105.119574,40.004655],[-105.119436,40.004953],[-105.119413,40.005088],[-105.119529,40.005432],[-105.119614,40.005522],[-105.119632,40.005596],[-105.119561,40.005683],[-105.119422,40.00569],[-105.11932,40.005596],[-105.119368,40.005426],[-105.119265,40.00507],[-105.119287,40.004938],[-105.119436,40.004598],[-105.11944,40.004403],[-105.119332,40.004191],[-105.119,40.003877],[-105.118903,40.003606],[-105.118927,40.00324],[-105.118999,40.003122],[-105.119125,40.003012],[-105.119137,40.002931],[-105.119095,40.002873],[-105.118587,40.00256],[-105.118456,40.002448],[-105.118479,40.002506],[-105.118373,40.004171],[-105.118603,40.004567],[-105.118728,40.005113],[-105.11905,40.005802]]],[[[-105.12153,40.002397],[-105.121932,40.002459],[-105.122508,40.002333],[-105.122696,40.002252],[-105.122865,40.002259],[-105.122455,40.002044],[-105.122122,40.001729],[-105.121916,40.001597],[-105.12168,40.001512],[-105.121055,40.001379],[-105.120944,40.001426],[-105.120871,40.00168],[-105.120889,40.001735],[-105.121664,40.001911],[-105.121853,40.001916],[-105.121945,40.002003],[-105.12192,40.002103],[-105.121839,40.00215],[-105.121744,40.002152],[-105.121664,40.002113],[-105.121593,40.002021],[-105.121446,40.001962],[-105.120541,40.001828],[-105.120209,40.001751],[-105.120019,40.00177],[-105.119939,40.001733],[-105.1199,40.001666],[-105.119912,40.001595],[-105.120052,40.001521],[-105.120159,40.001547],[-105.120289,40.00165],[-105.120642,40.001726],[-105.120747,40.001699],[-105.12084,40.001393],[-105.120827,40.001343],[-105.120364,40.001232],[-105.120063,40.001254],[-105.118979,40.001643],[-105.118827,40.001678],[-105.118502,40.001688],[-105.118412,40.001761],[-105.118784,40.001749],[-105.12153,40.002397]]],[[[-105.118609,40.001569],[-105.118607,40.001603],[-105.118777,40.001582],[-105.118758,40.001565],[-105.118609,40.001569]]],[[[-105.118913,40.000842],[-105.118983,40.000802],[-105.118941,40.000742],[-105.118853,40.000776],[-105.118866,40.000823],[-105.118913,40.000842]]],[[[-105.119015,39.993439],[-105.12066,39.993432],[-105.120707,39.99339],[-105.120748,39.993053],[-105.120638,39.992899],[-105.120435,39.992827],[-105.119264,39.992846],[-105.119109,39.992915],[-105.119018,39.993032],[-105.11894,39.993383],[-105.119015,39.993439]]],[[[-105.120816,40.004911],[-105.121957,40.004693],[-105.122136,40.004625],[-105.12228,40.00451],[-105.122354,40.004399],[-105.12244,40.004119],[-105.122419,40.004007],[-105.122347,40.003928],[-105.122222,40.003873],[-105.12114,40.003798],[-105.120688,40.003711],[-105.119834,40.00343],[-105.119385,40.003106],[-105.119252,40.00311],[-105.119143,40.003187],[-105.119076,40.003318],[-105.119062,40.003599],[-105.119093,40.003738],[-105.119191,40.003891],[-105.119482,40.004154],[-105.119617,40.004403],[-105.119695,40.004445],[-105.120105,40.004533],[-105.120612,40.004855],[-105.120816,40.004911]]],[[[-105.119686,39.997443],[-105.119662,40.00009],[-105.11977,40.00009],[-105.119774,40.000023],[-105.123432,40.000016],[-105.123456,39.999707],[-105.123676,39.999419],[-105.12331,39.999047],[-105.123081,39.998918],[-105.122999,39.998967],[-105.122958,39.999217],[-105.12298,39.999385],[-105.123113,39.999457],[-105.123161,39.999523],[-105.123153,39.999595],[-105.123094,39.999652],[-105.122977,39.999671],[-105.122896,39.999639],[-105.12285,39.999581],[-105.12285,39.999616],[-105.122835,39.999458],[-105.12279,39.999425],[-105.122212,39.999426],[-105.122017,39.99956],[-105.12184,39.999557],[-105.121774,39.999505],[-105.121755,39.999425],[-105.121792,39.999361],[-105.121866,39.999319],[-105.122791,39.99931],[-105.122838,39.999277],[-105.122845,39.999067],[-105.122907,39.99888],[-105.122865,39.998836],[-105.122354,39.998623],[-105.122183,39.998691],[-105.122061,39.998678],[-105.121975,39.998604],[-105.121979,39.998485],[-105.121952,39.998439],[-105.121479,39.998275],[-105.121402,39.998312],[-105.121066,39.998834],[-105.121048,39.999492],[-105.120985,39.999604],[-105.120811,39.999671],[-105.119871,39.999666],[-105.11987,39.999566],[-105.120092,39.999568],[-105.12016,39.999517],[-105.120175,39.998388],[-105.120251,39.998163],[-105.120418,39.997887],[-105.120384,39.997839],[-105.119927,39.997647],[-105.119686,39.997443]]],[[[-105.119953,39.994717],[-105.12008,39.994701],[-105.120702,39.994493],[-105.120709,39.993603],[-105.120684,39.99357],[-105.119918,39.993549],[-105.119853,39.993582],[-105.119821,39.993996],[-105.119668,39.994497],[-105.119697,39.994586],[-105.119763,39.994655],[-105.119953,39.994717]]],[[[-105.123812,39.999683],[-105.123762,39.999802],[-105.123754,40.000019],[-105.12781,40.000016],[-105.127813,39.997505],[-105.123226,39.997494],[-105.123226,39.997318],[-105.124753,39.997315],[-105.124769,39.994154],[-105.123793,39.994172],[-105.123582,39.994265],[-105.123187,39.994583],[-105.123308,39.994671],[-105.123373,39.994629],[-105.123446,39.994696],[-105.123525,39.99482],[-105.123573,39.995008],[-105.124068,39.995106],[-105.1242,39.995188],[-105.12428,39.995299],[-105.124309,39.996635],[-105.124243,39.996796],[-105.124111,39.996915],[-105.123918,39.99699],[-105.123678,39.997002],[-105.123467,39.996948],[-105.123301,39.996837],[-105.123192,39.996626],[-105.1232,39.99609],[-105.123177,39.99597],[-105.123061,39.995782],[-105.122971,39.995692],[-105.122902,39.995674],[-105.122578,39.995886],[-105.122431,39.996044],[-105.122411,39.996783],[-105.122364,39.996885],[-105.122268,39.996965],[-105.122103,39.99701],[-105.120315,39.997022],[-105.120036,39.99711],[-105.11979,39.99731],[-105.120049,39.997543],[-105.120385,39.997686],[-105.120453,39.997679],[-105.120581,39.997585],[-105.120733,39.997599],[-105.120811,39.997677],[-105.120797,39.997809],[-105.120823,39.997851],[-105.121328,39.998053],[-105.121421,39.998028],[-105.121524,39.997885],[-105.121499,39.997713],[-105.121535,39.997634],[-105.121632,39.997589],[-105.121734,39.997605],[-105.121806,39.99767],[-105.121812,39.99774],[-105.121691,39.997862],[-105.121559,39.998068],[-105.121559,39.998122],[-105.12214,39.998346],[-105.122222,39.998319],[-105.122508,39.997896],[-105.122475,39.99774],[-105.122493,39.997673],[-105.122591,39.997615],[-105.122716,39.997626],[-105.122787,39.997692],[-105.122787,39.997775],[-105.122667,39.997886],[-105.122345,39.998412],[-105.12255,39.998547],[-105.12295,39.998702],[-105.12304,39.998671],[-105.123355,39.998263],[-105.123516,39.997932],[-105.123628,39.997848],[-105.123778,39.997797],[-105.123934,39.997791],[-105.124564,39.99788],[-105.125505,39.997831],[-105.126336,39.997883],[-105.126887,39.997822],[-105.127127,39.997851],[-105.127291,39.997807],[-105.12739,39.997834],[-105.127453,39.997899],[-105.127459,39.997972],[-105.127397,39.998079],[-105.127424,39.998189],[-105.127416,39.998651],[-105.127355,39.998774],[-105.127218,39.99888],[-105.126191,39.999301],[-105.125901,39.999311],[-105.125509,39.999214],[-105.125253,39.999519],[-105.124951,39.999659],[-105.124759,39.999683],[-105.124438,39.999669],[-105.123964,39.99956],[-105.123901,39.999583],[-105.123812,39.999683]]],[[[-105.119999,39.996649],[-105.11986,39.997054],[-105.120196,39.996915],[-105.120666,39.996888],[-105.120576,39.996888],[-105.120577,39.996845],[-105.120188,39.996609],[-105.119999,39.996649]]],[[[-105.120057,40.0017],[-105.120126,40.001655],[-105.120079,40.001595],[-105.119995,40.001635],[-105.120002,40.001675],[-105.120057,40.0017]]],[[[-105.122605,40.008746],[-105.1225,40.008786],[-105.122478,40.008854],[-105.12278,40.009164],[-105.123566,40.008987],[-105.123661,40.008844],[-105.123966,40.00778],[-105.123178,40.00683],[-105.122279,40.006221],[-105.121848,40.005791],[-105.121652,40.005644],[-105.12138,40.005858],[-105.121142,40.005977],[-105.120899,40.005995],[-105.120921,40.006021],[-105.120869,40.006046],[-105.120885,40.006064],[-105.120192,40.006385],[-105.120218,40.006652],[-105.120945,40.006575],[-105.121238,40.00659],[-105.121301,40.006561],[-105.121524,40.006276],[-105.121604,40.006241],[-105.121709,40.006248],[-105.121794,40.006314],[-105.121788,40.006414],[-105.121693,40.006477],[-105.121531,40.006493],[-105.121434,40.006631],[-105.121676,40.006834],[-105.121814,40.007052],[-105.121973,40.007066],[-105.122134,40.007034],[-105.122242,40.006985],[-105.122319,40.006855],[-105.122455,40.006824],[-105.122544,40.006857],[-105.122604,40.006939],[-105.122936,40.007203],[-105.123319,40.007664],[-105.123394,40.007825],[-105.123403,40.008005],[-105.123256,40.008542],[-105.123273,40.008644],[-105.123231,40.008709],[-105.123155,40.008743],[-105.122962,40.008707],[-105.122605,40.008746]]],[[[-105.120382,39.999545],[-105.120814,39.999549],[-105.120879,39.99951],[-105.120907,39.998815],[-105.120977,39.998658],[-105.121263,39.998232],[-105.121226,39.998171],[-105.120631,39.99794],[-105.120553,39.997969],[-105.120421,39.998171],[-105.120323,39.998394],[-105.120285,39.998585],[-105.120323,39.999497],[-105.120382,39.999545]]],[[[-105.120441,40.005038],[-105.120538,40.004965],[-105.12045,40.004905],[-105.12038,40.004985],[-105.120441,40.005038]]],[[[-105.120611,39.997821],[-105.120671,39.9978],[-105.120714,39.997739],[-105.120676,39.997664],[-105.120598,39.997666],[-105.120536,39.997743],[-105.120552,39.9978],[-105.120611,39.997821]]],[[[-105.123194,39.994694],[-105.123057,39.994785],[-105.123007,39.994992],[-105.122951,39.995056],[-105.122197,39.995567],[-105.12203,39.995716],[-105.121695,39.995822],[-105.121691,39.996549],[-105.120856,39.996568],[-105.120855,39.996885],[-105.122078,39.996883],[-105.122217,39.996828],[-105.122254,39.996749],[-105.122254,39.996111],[-105.122317,39.99594],[-105.122431,39.995822],[-105.123148,39.995325],[-105.123369,39.995082],[-105.123389,39.994965],[-105.123361,39.994849],[-105.123271,39.994726],[-105.123194,39.994694]]],[[[-105.121097,40.000786],[-105.121037,40.000836],[-105.121065,40.000876],[-105.121123,40.000883],[-105.121168,40.000829],[-105.121097,40.000786]]],[[[-105.121639,40.00641],[-105.121707,40.006361],[-105.121646,40.006309],[-105.121573,40.006358],[-105.121639,40.00641]]],[[[-105.121656,39.997664],[-105.121596,39.997709],[-105.12165,39.997759],[-105.121721,39.997712],[-105.121656,39.997664]]],[[[-105.121698,40.011064],[-105.123249,40.011059],[-105.123219,40.010816],[-105.12244,40.010163],[-105.12245,40.009828],[-105.122972,40.009507],[-105.12288,40.009432],[-105.122759,40.009441],[-105.122432,40.009706],[-105.122338,40.010098],[-105.122151,40.01037],[-105.12217,40.010531],[-105.122074,40.010613],[-105.12198,40.010625],[-105.121869,40.010584],[-105.121823,40.010519],[-105.12183,40.010435],[-105.121913,40.010362],[-105.122069,40.01033],[-105.12216,40.010224],[-105.122268,40.010032],[-105.122351,40.009675],[-105.122715,40.009363],[-105.121957,40.009684],[-105.12168,40.009888],[-105.121698,40.011064]]],[[[-105.124958,40.021869],[-105.125782,40.021853],[-105.126971,40.021896],[-105.130361,40.021848],[-105.130285,40.021965],[-105.124965,40.021977],[-105.125005,40.022339],[-105.125665,40.022432],[-105.125936,40.022443],[-105.126726,40.022386],[-105.12733,40.022584],[-105.127397,40.022533],[-105.127374,40.022397],[-105.1274,40.022338],[-105.127483,40.022288],[-105.127585,40.022287],[-105.127673,40.02234],[-105.127697,40.022416],[-105.127565,40.022558],[-105.127526,40.022649],[-105.127584,40.022691],[-105.127747,40.022721],[-105.128516,40.022708],[-105.128698,40.022667],[-105.128733,40.022621],[-105.128712,40.022576],[-105.128552,40.022486],[-105.128512,40.022414],[-105.128541,40.022333],[-105.128637,40.022284],[-105.1288,40.022328],[-105.128839,40.022497],[-105.128936,40.022565],[-105.129368,40.022421],[-105.130023,40.02235],[-105.130477,40.022265],[-105.13085,40.022252],[-105.130867,40.020641],[-105.130543,40.020639],[-105.130031,40.02069],[-105.130152,40.020946],[-105.130162,40.021311],[-105.130099,40.021426],[-105.129951,40.021494],[-105.127166,40.021503],[-105.126967,40.02146],[-105.126796,40.021381],[-105.126425,40.021063],[-105.125862,40.021432],[-105.125773,40.021594],[-105.125653,40.021631],[-105.125567,40.021615],[-105.125493,40.02156],[-105.125471,40.021488],[-105.125506,40.021412],[-105.125588,40.021364],[-105.125771,40.021332],[-105.126314,40.02094],[-105.125754,40.020364],[-105.125233,40.020694],[-105.124651,40.021168],[-105.124316,40.021279],[-105.124013,40.02126],[-105.122595,40.020891],[-105.122367,40.020789],[-105.122202,40.020626],[-105.122127,40.020407],[-105.122135,40.018936],[-105.122224,40.018766],[-105.122424,40.018675],[-105.122787,40.018681],[-105.123519,40.018958],[-105.1236,40.018899],[-105.123597,40.018772],[-105.123632,40.018701],[-105.123725,40.018652],[-105.123834,40.018654],[-105.123932,40.018716],[-105.123953,40.018809],[-105.123902,40.018883],[-105.12374,40.018964],[-105.123712,40.019008],[-105.123729,40.019052],[-105.124856,40.019532],[-105.124905,40.019529],[-105.125108,40.019342],[-105.125383,40.019159],[-105.12518,40.018923],[-105.124952,40.018813],[-105.124931,40.018717],[-105.125,40.018633],[-105.125114,40.018606],[-105.125235,40.018648],[-105.12528,40.01871],[-105.125301,40.018843],[-105.125544,40.019069],[-105.126044,40.018802],[-105.126385,40.018704],[-105.126393,40.017959],[-105.12645,40.017823],[-105.126697,40.017473],[-105.126728,40.017352],[-105.12673,40.017079],[-105.126399,40.017078],[-105.126375,40.014897],[-105.122034,40.014903],[-105.122035,40.015332],[-105.122061,40.015376],[-105.122433,40.015414],[-105.122681,40.015476],[-105.122903,40.015579],[-105.123126,40.015739],[-105.123197,40.015737],[-105.123806,40.015496],[-105.124307,40.015459],[-105.125574,40.015749],[-105.125725,40.015834],[-105.125815,40.015955],[-105.125841,40.016286],[-105.125936,40.016449],[-105.125881,40.016536],[-105.125761,40.016565],[-105.125663,40.01653],[-105.12562,40.016468],[-105.12568,40.016303],[-105.125676,40.016055],[-105.125599,40.01591],[-105.12549,40.015856],[-105.124903,40.01571],[-105.124794,40.015751],[-105.124597,40.016286],[-105.12477,40.016902],[-105.124777,40.017143],[-105.124688,40.0174],[-105.124494,40.017649],[-105.124576,40.017748],[-105.124727,40.017796],[-105.124796,40.017857],[-105.124794,40.017953],[-105.124701,40.018019],[-105.124536,40.017992],[-105.124464,40.01784],[-105.124349,40.017758],[-105.123872,40.017912],[-105.123304,40.017924],[-105.122834,40.017986],[-105.122515,40.017921],[-105.122356,40.017831],[-105.122248,40.017728],[-105.122175,40.017603],[-105.122146,40.017478],[-105.122203,40.017228],[-105.122375,40.017044],[-105.122805,40.01684],[-105.123022,40.016659],[-105.123158,40.016395],[-105.123151,40.016114],[-105.122717,40.016108],[-105.122727,40.016278],[-105.122511,40.016567],[-105.122082,40.01675],[-105.1217,40.017065],[-105.121698,40.021025],[-105.124958,40.021869]]],[[[-105.121778,40.002075],[-105.121845,40.002025],[-105.121782,40.001971],[-105.121712,40.002023],[-105.121778,40.002075]]],[[[-105.121842,40.007999],[-105.122006,40.008337],[-105.122298,40.008663],[-105.122375,40.008688],[-105.122602,40.008619],[-105.123003,40.00858],[-105.123072,40.008549],[-105.123242,40.007996],[-105.123169,40.00793],[-105.122733,40.007901],[-105.122603,40.007905],[-105.122438,40.007998],[-105.122344,40.007986],[-105.122278,40.00794],[-105.122265,40.007829],[-105.122382,40.007755],[-105.123043,40.007826],[-105.123137,40.007814],[-105.123182,40.007769],[-105.123176,40.007724],[-105.122842,40.007313],[-105.12256,40.00707],[-105.122467,40.007045],[-105.122146,40.007161],[-105.121878,40.007194],[-105.121824,40.00723],[-105.121816,40.007762],[-105.121842,40.007999]]],[[[-105.121893,40.014905],[-105.121861,40.014926],[-105.12186,40.015328],[-105.121892,40.015352],[-105.121925,40.015331],[-105.121925,40.014927],[-105.121893,40.014905]]],[[[-105.121989,40.010571],[-105.12209,40.010515],[-105.122084,40.010463],[-105.122041,40.010428],[-105.121951,40.010427],[-105.121898,40.01048],[-105.121914,40.010538],[-105.121989,40.010571]]],[[[-105.122137,39.998624],[-105.122205,39.998605],[-105.12223,39.998555],[-105.122089,39.9985],[-105.122053,39.99857],[-105.122137,39.998624]]],[[[-105.124196,40.02116],[-105.124373,40.021142],[-105.124535,40.02108],[-105.124922,40.020759],[-105.124572,40.020503],[-105.124213,40.020447],[-105.124154,40.020342],[-105.124215,40.020243],[-105.124315,40.020209],[-105.124419,40.020224],[-105.124547,40.020352],[-105.125056,40.020643],[-105.125618,40.02027],[-105.125628,40.02022],[-105.125249,40.019896],[-105.124761,40.01963],[-105.122833,40.01882],[-105.122489,40.018793],[-105.122356,40.018835],[-105.122295,40.018938],[-105.122301,40.019456],[-105.122652,40.019504],[-105.122937,40.019592],[-105.123304,40.019825],[-105.123459,40.019877],[-105.123519,40.019974],[-105.123497,40.020045],[-105.123443,40.020092],[-105.123266,40.020106],[-105.123174,40.020036],[-105.123137,40.019872],[-105.122953,40.019746],[-105.122642,40.019631],[-105.122311,40.019604],[-105.122289,40.019638],[-105.122287,40.020402],[-105.122374,40.020608],[-105.122608,40.020761],[-105.124196,40.02116]]],[[[-105.122829,40.017865],[-105.123266,40.017804],[-105.123679,40.017808],[-105.123951,40.017768],[-105.12424,40.017649],[-105.124474,40.017453],[-105.124593,40.017247],[-105.124628,40.017023],[-105.124439,40.016261],[-105.124641,40.015714],[-105.124622,40.015652],[-105.124302,40.015582],[-105.123947,40.015596],[-105.123675,40.015668],[-105.123259,40.015861],[-105.123244,40.015908],[-105.123316,40.016078],[-105.123335,40.016319],[-105.123296,40.016495],[-105.123183,40.016726],[-105.123358,40.016829],[-105.123582,40.016864],[-105.123634,40.016916],[-105.123644,40.016986],[-105.123568,40.017069],[-105.123437,40.017081],[-105.123359,40.017039],[-105.123276,40.016934],[-105.123051,40.016846],[-105.122537,40.017102],[-105.122406,40.017203],[-105.122307,40.017407],[-105.122314,40.017521],[-105.122364,40.017635],[-105.122561,40.017801],[-105.122829,40.017865]]],[[[-105.122388,40.004589],[-105.122329,40.004644],[-105.122356,40.004671],[-105.122438,40.004643],[-105.12243,40.004599],[-105.122388,40.004589]]],[[[-105.122423,40.007824],[-105.122354,40.007864],[-105.122397,40.007923],[-105.122485,40.007884],[-105.12247,40.007841],[-105.122423,40.007824]]],[[[-105.122517,40.00383],[-105.122468,40.003863],[-105.122528,40.003926],[-105.122571,40.003912],[-105.122577,40.003854],[-105.122517,40.00383]]],[[[-105.122633,39.997687],[-105.122574,39.997738],[-105.122641,39.99778],[-105.122696,39.997732],[-105.122633,39.997687]]],[[[-105.122856,40.000731],[-105.122795,40.000783],[-105.12286,40.000827],[-105.122919,40.000778],[-105.122856,40.000731]]],[[[-105.122888,40.001567],[-105.122819,40.001616],[-105.12288,40.00167],[-105.122951,40.001622],[-105.122888,40.001567]]],[[[-105.122987,39.99961],[-105.123076,39.99956],[-105.123066,39.99951],[-105.123014,39.99948],[-105.122952,39.999487],[-105.12291,39.999532],[-105.122927,39.999586],[-105.122987,39.99961]]],[[[-105.123723,39.996881],[-105.123999,39.996828],[-105.124093,39.996753],[-105.124144,39.996663],[-105.124146,39.995372],[-105.124106,39.995285],[-105.124017,39.995222],[-105.123552,39.995137],[-105.123267,39.995414],[-105.123084,39.995538],[-105.123068,39.995582],[-105.123252,39.995785],[-105.123337,39.99596],[-105.123363,39.996618],[-105.123392,39.996711],[-105.123516,39.996829],[-105.123723,39.996881]]],[[[-105.124737,39.999559],[-105.124971,39.999521],[-105.125157,39.999415],[-105.125515,39.998906],[-105.125639,39.998797],[-105.125826,39.998723],[-105.1261,39.998696],[-105.126242,39.998617],[-105.126306,39.998479],[-105.126252,39.998033],[-105.125829,39.99797],[-105.125395,39.997981],[-105.125357,39.998041],[-105.125378,39.998317],[-105.125319,39.998474],[-105.125163,39.998627],[-105.124949,39.998718],[-105.124361,39.998783],[-105.124176,39.998776],[-105.123395,39.998493],[-105.12333,39.998518],[-105.123181,39.998732],[-105.123195,39.998795],[-105.123406,39.998922],[-105.123596,39.999121],[-105.123981,39.999409],[-105.12433,39.99953],[-105.124737,39.999559]]],[[[-105.125046,40.009266],[-105.124799,40.009529],[-105.124981,40.009662],[-105.12506,40.009768],[-105.125087,40.009905],[-105.125042,40.010033],[-105.125542,40.010274],[-105.125549,40.009783],[-105.126683,40.008987],[-105.126603,40.00873],[-105.125606,40.008355],[-105.125086,40.008508],[-105.124174,40.009337],[-105.123429,40.009522],[-105.12338,40.009575],[-105.123694,40.009701],[-105.124166,40.009784],[-105.124689,40.009459],[-105.125399,40.008784],[-105.125516,40.008755],[-105.125648,40.008771],[-105.12586,40.008854],[-105.125938,40.008949],[-105.125908,40.00909],[-105.125741,40.009198],[-105.12558,40.009216],[-105.125222,40.009144],[-105.125046,40.009266]]],[[[-105.124285,39.998663],[-105.124846,39.998613],[-105.125076,39.998519],[-105.125167,39.998428],[-105.125215,39.998319],[-105.125185,39.998003],[-105.125108,39.997965],[-105.124466,39.997999],[-105.123892,39.997913],[-105.123766,39.997929],[-105.123665,39.997985],[-105.123495,39.99833],[-105.123512,39.99839],[-105.124089,39.998626],[-105.124285,39.998663]]],[[[-105.124368,40.010244],[-105.125162,40.010311],[-105.125476,40.010429],[-105.125486,40.010405],[-105.125049,40.010191],[-105.124673,40.01005],[-105.123514,40.009786],[-105.124368,40.010244]]],[[[-105.12375,39.99951],[-105.123656,39.999592],[-105.123584,39.999726],[-105.123561,39.999995],[-105.123587,40.000018],[-105.123624,39.999997],[-105.123659,39.999708],[-105.123781,39.999538],[-105.12375,39.99951]]],[[[-105.124535,40.001458],[-105.125279,40.00181],[-105.125579,40.001853],[-105.126022,40.001673],[-105.126863,40.001089],[-105.127228,40.000747],[-105.127188,40.000349],[-105.123739,40.00035],[-105.123739,40.000839],[-105.12365,40.001218],[-105.123706,40.001253],[-105.124016,40.001177],[-105.124027,40.001115],[-105.123877,40.00089],[-105.123874,40.000772],[-105.123933,40.000674],[-105.124096,40.000572],[-105.124159,40.000466],[-105.12423,40.000425],[-105.124386,40.00044],[-105.124455,40.000543],[-105.124375,40.000647],[-105.124136,40.000663],[-105.123996,40.000768],[-105.123999,40.000899],[-105.124121,40.001065],[-105.124172,40.001087],[-105.124449,40.001009],[-105.124781,40.001008],[-105.125109,40.000682],[-105.125167,40.000491],[-105.125296,40.000449],[-105.125409,40.000493],[-105.125445,40.000563],[-105.125415,40.000643],[-105.125214,40.000724],[-105.124908,40.001045],[-105.124921,40.001096],[-105.125087,40.001194],[-105.125551,40.000939],[-105.125728,40.000809],[-105.125847,40.00068],[-105.12584,40.000538],[-105.125889,40.000473],[-105.126003,40.000441],[-105.126105,40.000474],[-105.126154,40.000553],[-105.126121,40.000638],[-105.125968,40.000709],[-105.125713,40.000945],[-105.125211,40.001258],[-105.125216,40.001321],[-105.125345,40.001409],[-105.125435,40.00143],[-105.125631,40.001391],[-105.126227,40.001029],[-105.126526,40.000741],[-105.126543,40.000576],[-105.126597,40.000511],[-105.126739,40.000488],[-105.126845,40.00056],[-105.126857,40.000623],[-105.126827,40.000685],[-105.126658,40.000765],[-105.12631,40.001106],[-105.125592,40.001513],[-105.125415,40.001526],[-105.125264,40.00149],[-105.124844,40.001183],[-105.124602,40.001111],[-105.124385,40.001133],[-105.124048,40.001295],[-105.123676,40.001375],[-105.123736,40.001686],[-105.124245,40.00161],[-105.124535,40.001458]]],[[[-105.124643,40.022059],[-105.124037,40.022277],[-105.123767,40.022463],[-105.123715,40.022583],[-105.123716,40.022667],[-105.123838,40.022888],[-105.124326,40.022887],[-105.124203,40.022813],[-105.124219,40.022695],[-105.124458,40.022531],[-105.124812,40.022356],[-105.124643,40.022059]]],[[[-105.124296,40.000595],[-105.124364,40.000548],[-105.124297,40.000494],[-105.124231,40.000542],[-105.124296,40.000595]]],[[[-105.124503,40.022807],[-105.124378,40.022887],[-105.130847,40.02286],[-105.130849,40.022376],[-105.130512,40.022386],[-105.130051,40.022471],[-105.129404,40.022541],[-105.128599,40.022824],[-105.127759,40.022844],[-105.127539,40.022811],[-105.126715,40.022509],[-105.125832,40.022568],[-105.124927,40.022461],[-105.124819,40.022488],[-105.124545,40.02264],[-105.124509,40.022698],[-105.124503,40.022807]]],[[[-105.124775,40.009548],[-105.124458,40.009739],[-105.124433,40.009811],[-105.124471,40.009847],[-105.125017,40.010023],[-105.125057,40.0099],[-105.125024,40.009758],[-105.12495,40.009667],[-105.124775,40.009548]]],[[[-105.126481,40.018839],[-105.126251,40.018863],[-105.126059,40.018935],[-105.125281,40.019389],[-105.125102,40.019539],[-105.125059,40.019619],[-105.125486,40.019904],[-105.125777,40.020169],[-105.126126,40.019867],[-105.12592,40.019656],[-105.125975,40.019499],[-105.126482,40.019226],[-105.126481,40.018839]]],[[[-105.125287,40.000524],[-105.125217,40.00057],[-105.125264,40.000624],[-105.12535,40.000581],[-105.125287,40.000524]]],[[[-105.125609,40.009142],[-105.125725,40.009122],[-105.125815,40.009058],[-105.125845,40.008998],[-105.125816,40.008926],[-105.125614,40.008841],[-105.125514,40.008832],[-105.125421,40.008867],[-105.12531,40.008974],[-105.12531,40.009041],[-105.125364,40.009092],[-105.125609,40.009142]]],[[[-105.130018,40.008583],[-105.129387,40.007832],[-105.129303,40.007832],[-105.129082,40.007986],[-105.128858,40.008067],[-105.128598,40.008086],[-105.128365,40.008041],[-105.127164,40.007533],[-105.126168,40.006837],[-105.126063,40.006728],[-105.12601,40.006539],[-105.126035,40.006202],[-105.126078,40.006095],[-105.126213,40.005971],[-105.126695,40.005772],[-105.126909,40.005614],[-105.127037,40.005447],[-105.127228,40.005059],[-105.127368,40.004856],[-105.127384,40.004721],[-105.127454,40.004655],[-105.127052,40.004657],[-105.126651,40.005446],[-105.12616,40.005679],[-105.125457,40.005794],[-105.125667,40.006324],[-105.125452,40.006782],[-105.126889,40.007802],[-105.128319,40.008364],[-105.129724,40.008336],[-105.130018,40.008583]]],[[[-105.126001,39.999196],[-105.126248,39.999155],[-105.127205,39.998724],[-105.127263,39.998605],[-105.127263,39.998199],[-105.127192,39.998052],[-105.127076,39.997977],[-105.126941,39.997947],[-105.126454,39.99802],[-105.126425,39.998181],[-105.126464,39.99851],[-105.126388,39.998674],[-105.126189,39.998803],[-105.125783,39.998871],[-105.125621,39.999019],[-105.12562,39.999068],[-105.125659,39.999103],[-105.125844,39.999174],[-105.126001,39.999196]]],[[[-105.128611,40.020981],[-105.127227,40.020988],[-105.12633,40.02008],[-105.125901,40.02025],[-105.125849,40.020197],[-105.125823,40.020217],[-105.1268,40.021212],[-105.126992,40.021333],[-105.127267,40.021386],[-105.128609,40.021362],[-105.128611,40.020981]]],[[[-105.125992,40.000614],[-105.126063,40.000574],[-105.126027,40.000517],[-105.125968,40.000518],[-105.125933,40.000557],[-105.125992,40.000614]]],[[[-105.126364,40.006041],[-105.126261,40.006104],[-105.126202,40.006191],[-105.12617,40.006538],[-105.126203,40.006664],[-105.126315,40.006769],[-105.126361,40.006745],[-105.126396,40.006645],[-105.126427,40.00615],[-105.126403,40.006065],[-105.126364,40.006041]]],[[[-105.12742,40.010913],[-105.128183,40.010893],[-105.128232,40.010671],[-105.128285,40.010571],[-105.128623,40.010329],[-105.128627,40.010278],[-105.128561,40.010199],[-105.128556,40.010136],[-105.128599,40.010074],[-105.128682,40.010039],[-105.128824,40.010069],[-105.128871,40.010184],[-105.128718,40.010449],[-105.128474,40.010591],[-105.128403,40.010669],[-105.128375,40.010847],[-105.128438,40.010906],[-105.128789,40.010909],[-105.128958,40.01088],[-105.129111,40.010813],[-105.129354,40.010643],[-105.129653,40.010548],[-105.129685,40.010492],[-105.129619,40.010083],[-105.129652,40.010018],[-105.12972,40.00998],[-105.129852,40.009987],[-105.129936,40.010073],[-105.129919,40.010159],[-105.129806,40.010255],[-105.129849,40.010458],[-105.129945,40.010482],[-105.13016,40.010378],[-105.130407,40.010145],[-105.130523,40.009846],[-105.13051,40.009611],[-105.130328,40.009056],[-105.13035,40.009524],[-105.127544,40.00988],[-105.126175,40.010553],[-105.126748,40.010765],[-105.126977,40.010524],[-105.127287,40.010376],[-105.127391,40.010259],[-105.127531,40.01025],[-105.127626,40.010331],[-105.127593,40.010444],[-105.127505,40.010485],[-105.127357,40.010489],[-105.12709,40.010616],[-105.126947,40.010791],[-105.127017,40.010864],[-105.12742,40.010913]]],[[[-105.128638,40.007963],[-105.128831,40.007944],[-105.129001,40.007878],[-105.129224,40.007711],[-105.129234,40.007646],[-105.12745,40.006754],[-105.127346,40.006653],[-105.127284,40.006539],[-105.127264,40.006414],[-105.127297,40.006252],[-105.127256,40.006199],[-105.126973,40.006076],[-105.126743,40.005912],[-105.126447,40.006008],[-105.126484,40.006155],[-105.126453,40.006654],[-105.126384,40.006818],[-105.127303,40.007455],[-105.128409,40.007918],[-105.128638,40.007963]]],[[[-105.129105,40.017086],[-105.129031,40.017622],[-105.129382,40.017637],[-105.129536,40.017555],[-105.129637,40.017544],[-105.129756,40.017619],[-105.129767,40.017687],[-105.129732,40.017746],[-105.129617,40.017792],[-105.129477,40.017765],[-105.128653,40.017746],[-105.128462,40.017673],[-105.127914,40.017321],[-105.12772,40.017543],[-105.127683,40.017711],[-105.127615,40.017755],[-105.127513,40.017762],[-105.127409,40.017701],[-105.127397,40.017604],[-105.127579,40.01748],[-105.127739,40.017274],[-105.127736,40.017232],[-105.127403,40.017148],[-105.126915,40.017145],[-105.126852,40.017507],[-105.126548,40.017983],[-105.126554,40.018694],[-105.127117,40.01878],[-105.127586,40.019057],[-105.127938,40.018831],[-105.128297,40.018737],[-105.129383,40.018737],[-105.129608,40.01879],[-105.129789,40.018891],[-105.129916,40.019021],[-105.129993,40.019203],[-105.129988,40.019384],[-105.129918,40.019538],[-105.129747,40.019702],[-105.129521,40.019802],[-105.128708,40.019859],[-105.128685,40.019898],[-105.128751,40.020073],[-105.128767,40.020313],[-105.128796,40.020345],[-105.129367,40.020321],[-105.130223,40.020094],[-105.130848,40.020068],[-105.130873,40.020038],[-105.130903,40.017092],[-105.130236,40.017088],[-105.130182,40.01717],[-105.13007,40.0172],[-105.129966,40.017167],[-105.129916,40.017092],[-105.129105,40.017086]]],[[[-105.126569,40.01885],[-105.126561,40.019217],[-105.126874,40.019258],[-105.12724,40.01951],[-105.127573,40.019218],[-105.127053,40.018892],[-105.126833,40.018844],[-105.126569,40.01885]]],[[[-105.126691,40.000552],[-105.126641,40.000579],[-105.126638,40.000622],[-105.12673,40.000651],[-105.126766,40.000592],[-105.126691,40.000552]]],[[[-105.126724,40.011063],[-105.127006,40.011064],[-105.127323,40.011063],[-105.127005,40.011019],[-105.126711,40.010937],[-105.126724,40.011063]]],[[[-105.130155,40.003465],[-105.130433,40.003748],[-105.130765,40.003761],[-105.130766,40.003227],[-105.130689,40.003336],[-105.130545,40.003359],[-105.130452,40.003316],[-105.130384,40.003211],[-105.130321,40.003172],[-105.129863,40.003118],[-105.129712,40.003065],[-105.129517,40.002912],[-105.129377,40.00274],[-105.129328,40.002628],[-105.129299,40.002401],[-105.129189,40.002281],[-105.129089,40.002287],[-105.12877,40.00253],[-105.128709,40.002659],[-105.128655,40.002704],[-105.128552,40.002723],[-105.12845,40.002682],[-105.128409,40.002605],[-105.128449,40.002519],[-105.128663,40.002451],[-105.128941,40.002277],[-105.129008,40.0022],[-105.128988,40.002152],[-105.128497,40.00176],[-105.128428,40.001755],[-105.128368,40.00179],[-105.128157,40.00197],[-105.128044,40.002125],[-105.127867,40.002252],[-105.127836,40.002322],[-105.127852,40.002463],[-105.127751,40.002543],[-105.127613,40.002532],[-105.127488,40.002374],[-105.12717,40.002194],[-105.127027,40.002155],[-105.126974,40.002098],[-105.126967,40.002035],[-105.126836,40.002249],[-105.126872,40.002361],[-105.127337,40.002701],[-105.127509,40.002792],[-105.127601,40.002824],[-105.127951,40.002834],[-105.12834,40.002964],[-105.128912,40.003069],[-105.129107,40.003128],[-105.129246,40.00323],[-105.129303,40.003313],[-105.130155,40.003465]]],[[[-105.127612,40.004654],[-105.127685,40.00473],[-105.127671,40.004821],[-105.127503,40.00491],[-105.12744,40.004978],[-105.127156,40.005518],[-105.126892,40.005818],[-105.127044,40.005966],[-105.127361,40.006104],[-105.12743,40.006098],[-105.127832,40.005901],[-105.127866,40.00568],[-105.128023,40.00535],[-105.128149,40.005182],[-105.128478,40.004855],[-105.128517,40.004711],[-105.12859,40.00465],[-105.127612,40.004654]]],[[[-105.127563,40.00226],[-105.127654,40.002239],[-105.127932,40.002051],[-105.128059,40.001887],[-105.128345,40.001693],[-105.128371,40.001636],[-105.127995,40.001308],[-105.127833,40.001327],[-105.12771,40.00145],[-105.127595,40.001475],[-105.127463,40.001406],[-105.127445,40.001341],[-105.127469,40.001281],[-105.127555,40.001229],[-105.127713,40.001232],[-105.127903,40.001181],[-105.127979,40.000983],[-105.12815,40.000832],[-105.128205,40.000709],[-105.128285,40.000666],[-105.128384,40.000665],[-105.128482,40.000729],[-105.128485,40.000833],[-105.128418,40.000891],[-105.128261,40.000923],[-105.128142,40.000998],[-105.128086,40.001085],[-105.128072,40.001205],[-105.128137,40.001298],[-105.128404,40.001516],[-105.128521,40.001523],[-105.129016,40.001145],[-105.128906,40.000895],[-105.128952,40.000377],[-105.128871,40.000377],[-105.128871,40.000346],[-105.128242,40.000343],[-105.127593,40.000785],[-105.127388,40.001114],[-105.12713,40.001313],[-105.127109,40.00138],[-105.127158,40.001598],[-105.12703,40.001831],[-105.126985,40.001996],[-105.127084,40.001937],[-105.127204,40.001951],[-105.127269,40.002006],[-105.127327,40.002146],[-105.127563,40.00226]]],[[[-105.127117,40.002006],[-105.12707,40.002028],[-105.127062,40.002073],[-105.127152,40.002104],[-105.127189,40.002043],[-105.127117,40.002006]]],[[[-105.12728,39.997884],[-105.127243,39.997898],[-105.127242,39.997935],[-105.127301,39.997981],[-105.127347,39.997976],[-105.127354,39.997919],[-105.12728,39.997884]]],[[[-105.127304,40.019544],[-105.128033,40.020044],[-105.128268,40.020268],[-105.128607,40.020267],[-105.128579,40.020039],[-105.128453,40.019837],[-105.127632,40.019259],[-105.127304,40.019544]]],[[[-105.127466,40.010315],[-105.127408,40.010377],[-105.127492,40.010413],[-105.127536,40.010353],[-105.127466,40.010315]]],[[[-105.1276,40.001299],[-105.127549,40.001322],[-105.127544,40.00137],[-105.127638,40.001398],[-105.127672,40.00134],[-105.1276,40.001299]]],[[[-105.127739,40.00237],[-105.127639,40.002378],[-105.127629,40.002418],[-105.127663,40.002468],[-105.127728,40.002472],[-105.127767,40.002415],[-105.127739,40.00237]]],[[[-105.127683,40.017077],[-105.12804,40.017225],[-105.128586,40.017589],[-105.128769,40.01764],[-105.128856,40.017614],[-105.128948,40.017207],[-105.128945,40.017087],[-105.127683,40.017077]]],[[[-105.1286,40.019752],[-105.128816,40.019715],[-105.129372,40.019706],[-105.129589,40.019641],[-105.12973,40.01954],[-105.129817,40.019408],[-105.129841,40.019269],[-105.129804,40.01913],[-105.129719,40.019016],[-105.129599,40.01893],[-105.129449,40.018875],[-105.129264,40.018857],[-105.128217,40.018876],[-105.127962,40.018967],[-105.127753,40.019133],[-105.127755,40.019177],[-105.1286,40.019752]]],[[[-105.129512,40.00461],[-105.128741,40.00465],[-105.128821,40.004728],[-105.128806,40.004821],[-105.128595,40.004921],[-105.128222,40.005298],[-105.128019,40.00568],[-105.128007,40.005842],[-105.128544,40.005929],[-105.129481,40.006366],[-105.129588,40.006362],[-105.129193,40.006214],[-105.128708,40.00595],[-105.128463,40.005682],[-105.128476,40.005503],[-105.128557,40.005384],[-105.128971,40.005085],[-105.129473,40.004672],[-105.129512,40.00461]]],[[[-105.128339,40.000733],[-105.12827,40.000772],[-105.128317,40.000832],[-105.128403,40.00079],[-105.128339,40.000733]]],[[[-105.128384,40.011801],[-105.128719,40.01179],[-105.129022,40.011845],[-105.130809,40.011852],[-105.13069,40.011844],[-105.130695,40.011233],[-105.130568,40.011063],[-105.130819,40.011061],[-105.130766,40.00801],[-105.130297,40.008049],[-105.129977,40.008184],[-105.129944,40.008234],[-105.129971,40.008292],[-105.130393,40.008706],[-105.130538,40.009054],[-105.130526,40.0091],[-105.130687,40.009591],[-105.130706,40.009777],[-105.130654,40.010038],[-105.130521,40.010265],[-105.130371,40.010416],[-105.130173,40.010545],[-105.129912,40.010648],[-105.129486,40.010747],[-105.129074,40.010994],[-105.12875,40.011059],[-105.128343,40.011059],[-105.12835,40.011295],[-105.12839,40.011331],[-105.129766,40.011384],[-105.129964,40.011324],[-105.130189,40.011327],[-105.130303,40.011389],[-105.130304,40.011495],[-105.130202,40.011558],[-105.129979,40.011561],[-105.129784,40.011504],[-105.128392,40.011451],[-105.128351,40.01149],[-105.128384,40.011801]]],[[[-105.128557,40.00255],[-105.128509,40.002576],[-105.128505,40.002618],[-105.128551,40.00265],[-105.128609,40.002639],[-105.12863,40.00258],[-105.128557,40.00255]]],[[[-105.129177,40.00123],[-105.128611,40.001649],[-105.129151,40.002087],[-105.129716,40.001669],[-105.129177,40.00123]]],[[[-105.128713,40.010108],[-105.128662,40.010126],[-105.128648,40.01017],[-105.128743,40.010206],[-105.128776,40.010148],[-105.128713,40.010108]]],[[[-105.128826,40.021378],[-105.129901,40.021375],[-105.129982,40.02134],[-105.129987,40.020937],[-105.129725,40.020467],[-105.128778,40.02056],[-105.128772,40.02134],[-105.128826,40.021378]]],[[[-105.129096,40.000377],[-105.129053,40.000402],[-105.129025,40.000626],[-105.129057,40.000652],[-105.129087,40.000637],[-105.129111,40.000542],[-105.129096,40.000377]]],[[[-105.130612,40.003087],[-105.130722,40.003133],[-105.130766,40.003219],[-105.130785,40.001372],[-105.130756,40.000375],[-105.129233,40.000377],[-105.129206,40.000649],[-105.129083,40.00085],[-105.129092,40.000926],[-105.129149,40.001005],[-105.129262,40.001012],[-105.12956,40.000777],[-105.129677,40.000721],[-105.129821,40.000705],[-105.130014,40.000741],[-105.13019,40.000705],[-105.130317,40.000789],[-105.13029,40.000957],[-105.130369,40.001134],[-105.130363,40.001298],[-105.130319,40.00139],[-105.12998,40.00163],[-105.129959,40.001681],[-105.130319,40.002004],[-105.130362,40.0021],[-105.130364,40.002245],[-105.130413,40.002336],[-105.130401,40.002403],[-105.130276,40.002477],[-105.130123,40.002428],[-105.130095,40.002329],[-105.130207,40.002198],[-105.130204,40.002083],[-105.12992,40.001796],[-105.129827,40.001781],[-105.129279,40.002193],[-105.129445,40.002426],[-105.129491,40.00266],[-105.129853,40.002969],[-105.130612,40.003087]]],[[[-105.129864,40.001564],[-105.129934,40.001546],[-105.130188,40.001338],[-105.130224,40.001148],[-105.130189,40.001074],[-105.129935,40.000859],[-105.129772,40.000817],[-105.129401,40.00103],[-105.12932,40.001128],[-105.129864,40.001564]]],[[[-105.129781,40.010147],[-105.129831,40.010128],[-105.129843,40.010086],[-105.129763,40.010046],[-105.129713,40.0101],[-105.129781,40.010147]]],[[[-105.130761,40.006864],[-105.130763,40.005172],[-105.130111,40.005189],[-105.129999,40.005259],[-105.129931,40.005366],[-105.129906,40.006056],[-105.12973,40.006465],[-105.130333,40.006773],[-105.130572,40.006746],[-105.130659,40.006791],[-105.130692,40.00686],[-105.130761,40.006864]]],[[[-105.130242,40.007908],[-105.129925,40.008034],[-105.129914,40.008066],[-105.129954,40.008078],[-105.130309,40.007945],[-105.130717,40.007909],[-105.130741,40.007882],[-105.130711,40.007858],[-105.130548,40.00786],[-105.130242,40.007908]]],[[[-105.13016,40.011486],[-105.130218,40.01145],[-105.13018,40.011403],[-105.129974,40.011401],[-105.129926,40.011433],[-105.129965,40.011484],[-105.13016,40.011486]]],[[[-105.130163,40.000885],[-105.130232,40.000836],[-105.130179,40.000782],[-105.130099,40.00083],[-105.130163,40.000885]]],[[[-105.130238,40.002303],[-105.130193,40.002329],[-105.13019,40.002371],[-105.130292,40.002395],[-105.130316,40.002339],[-105.130238,40.002303]]],[[[-105.130522,40.006816],[-105.130465,40.006875],[-105.130556,40.006912],[-105.130593,40.006856],[-105.130522,40.006816]]],[[[-105.130578,40.00317],[-105.130533,40.003185],[-105.130524,40.003242],[-105.130615,40.003269],[-105.13065,40.003209],[-105.130578,40.00317]]],[[[-105.131244,40.018328],[-105.1358,40.018331],[-105.135833,40.014879],[-105.134164,40.014883],[-105.134152,40.015293],[-105.134194,40.015344],[-105.135014,40.015346],[-105.13522,40.015285],[-105.135318,40.015314],[-105.135372,40.015384],[-105.135341,40.015486],[-105.135236,40.015531],[-105.135014,40.015471],[-105.134208,40.015487],[-105.134188,40.015542],[-105.134355,40.015866],[-105.134436,40.016126],[-105.135367,40.016143],[-105.135592,40.016063],[-105.135678,40.016087],[-105.135743,40.016146],[-105.135744,40.016269],[-105.135603,40.016308],[-105.135416,40.016267],[-105.134441,40.016268],[-105.134405,40.016298],[-105.134295,40.016609],[-105.134289,40.016789],[-105.134342,40.01684],[-105.134653,40.016874],[-105.13556,40.016875],[-105.135686,40.016939],[-105.135688,40.017056],[-105.135557,40.017122],[-105.135461,40.017104],[-105.135289,40.016999],[-105.134637,40.016997],[-105.134357,40.016968],[-105.1343,40.017004],[-105.134296,40.017716],[-105.134318,40.017759],[-105.134377,40.017783],[-105.134806,40.017778],[-105.135238,40.017648],[-105.135322,40.017678],[-105.135375,40.017754],[-105.135358,40.017831],[-105.135293,40.017881],[-105.135193,40.017895],[-105.135038,40.017859],[-105.134808,40.017902],[-105.134397,40.017907],[-105.134255,40.017946],[-105.134148,40.017921],[-105.134085,40.017829],[-105.134136,40.017702],[-105.134133,40.017008],[-105.134074,40.01697],[-105.133794,40.01697],[-105.133301,40.017034],[-105.133292,40.017662],[-105.133371,40.017827],[-105.133293,40.017924],[-105.133146,40.01793],[-105.133077,40.017884],[-105.133051,40.017821],[-105.133132,40.017664],[-105.133118,40.017032],[-105.132254,40.016879],[-105.132189,40.016926],[-105.132181,40.017597],[-105.132214,40.01766],[-105.132316,40.017733],[-105.132339,40.017807],[-105.132276,40.017896],[-105.13213,40.017916],[-105.132052,40.017874],[-105.132017,40.017806],[-105.132016,40.016913],[-105.131966,40.01689],[-105.131262,40.016884],[-105.131244,40.018328]]],[[[-105.131286,40.014889],[-105.131264,40.016718],[-105.131997,40.016716],[-105.132031,40.016673],[-105.132036,40.01624],[-105.131941,40.016063],[-105.131997,40.015977],[-105.13212,40.015949],[-105.132149,40.0158],[-105.132012,40.015575],[-105.131581,40.01573],[-105.131584,40.015419],[-105.131981,40.015065],[-105.132669,40.014938],[-105.133014,40.014937],[-105.132846,40.015251],[-105.133096,40.015404],[-105.133245,40.015398],[-105.133276,40.015306],[-105.133391,40.015259],[-105.133602,40.015334],[-105.133924,40.015346],[-105.133974,40.015301],[-105.13395,40.014883],[-105.131286,40.014889]]],[[[-105.131275,40.016789],[-105.131279,40.016815],[-105.131708,40.016806],[-105.131691,40.01679],[-105.131275,40.016789]]],[[[-105.131295,40.002966],[-105.131619,40.002977],[-105.13192,40.003187],[-105.133405,40.001892],[-105.13492,40.001193],[-105.134301,40.001216],[-105.133624,40.001499],[-105.133265,40.001537],[-105.133092,40.001767],[-105.132796,40.001886],[-105.132702,40.002101],[-105.132172,40.002558],[-105.132007,40.002628],[-105.131567,40.002697],[-105.131463,40.002607],[-105.131468,40.002539],[-105.131514,40.002487],[-105.13164,40.002456],[-105.131784,40.002516],[-105.131884,40.002519],[-105.132046,40.002478],[-105.132559,40.002045],[-105.132615,40.001936],[-105.1326,40.001891],[-105.132542,40.001862],[-105.131952,40.001848],[-105.131798,40.001747],[-105.131773,40.001672],[-105.131795,40.000899],[-105.131879,40.000765],[-105.132031,40.000716],[-105.133049,40.000732],[-105.133164,40.000778],[-105.133238,40.000872],[-105.133232,40.001343],[-105.133262,40.001392],[-105.133533,40.001399],[-105.133777,40.00129],[-105.133816,40.001236],[-105.133673,40.00093],[-105.133662,40.000412],[-105.133613,40.000354],[-105.131691,40.000345],[-105.131329,40.000647],[-105.131321,40.001163],[-105.131679,40.001166],[-105.131677,40.00131],[-105.131675,40.001443],[-105.131317,40.00144],[-105.131295,40.002966]]],[[[-105.135443,40.006341],[-105.135014,40.006199],[-105.134818,40.006566],[-105.134999,40.006688],[-105.135185,40.00676],[-105.135443,40.006341]]],[[[-105.135443,40.006341],[-105.135829,40.005713],[-105.135635,40.005519],[-105.135032,40.005698],[-105.132108,40.005054],[-105.131528,40.005795],[-105.131534,40.005953],[-105.132023,40.005925],[-105.132566,40.006298],[-105.132725,40.006268],[-105.132916,40.006307],[-105.133702,40.006559],[-105.134064,40.006856],[-105.134855,40.007036],[-105.135096,40.006905],[-105.135134,40.006843],[-105.13442,40.006528],[-105.134128,40.006186],[-105.133229,40.005975],[-105.132312,40.005697],[-105.132232,40.005594],[-105.132243,40.005518],[-105.132329,40.00544],[-105.132478,40.005426],[-105.13284,40.005555],[-105.134862,40.006003],[-105.134988,40.006084],[-105.135014,40.006198],[-105.135443,40.006341]]],[[[-105.131617,40.002627],[-105.13168,40.00259],[-105.131635,40.002535],[-105.13156,40.002576],[-105.131617,40.002627]]],[[[-105.132006,40.001729],[-105.132828,40.001736],[-105.133013,40.001649],[-105.133065,40.001539],[-105.133065,40.000879],[-105.132996,40.000852],[-105.132043,40.00084],[-105.131971,40.000872],[-105.131938,40.001678],[-105.132006,40.001729]]],[[[-105.132233,40.016735],[-105.132508,40.01678],[-105.132586,40.016646],[-105.132588,40.016284],[-105.132653,40.016103],[-105.132656,40.015946],[-105.132541,40.01571],[-105.132344,40.015596],[-105.132213,40.015796],[-105.132174,40.015962],[-105.132235,40.016003],[-105.132262,40.016071],[-105.132197,40.016209],[-105.132194,40.016698],[-105.132233,40.016735]]],[[[-105.133087,40.005856],[-105.133152,40.005837],[-105.133194,40.005781],[-105.133153,40.005697],[-105.13275,40.005602],[-105.132461,40.005496],[-105.132376,40.0055],[-105.132322,40.005549],[-105.132326,40.005605],[-105.132372,40.005643],[-105.133087,40.005856]]],[[[-105.13598,40.001644],[-105.134073,40.003658],[-105.132624,40.004253],[-105.132637,40.00469],[-105.1332,40.00467],[-105.13314,40.004599],[-105.133154,40.004516],[-105.133448,40.004302],[-105.134513,40.003874],[-105.134625,40.003618],[-105.135192,40.003032],[-105.13534,40.002966],[-105.136034,40.002813],[-105.136144,40.002762],[-105.136188,40.002719],[-105.136185,40.002671],[-105.135992,40.002511],[-105.135848,40.002303],[-105.135844,40.00223],[-105.135902,40.002162],[-105.136023,40.002136],[-105.136128,40.00218],[-105.136165,40.002269],[-105.136106,40.002418],[-105.136327,40.002583],[-105.136416,40.002563],[-105.136745,40.002296],[-105.136767,40.002245],[-105.136527,40.002025],[-105.136297,40.001745],[-105.13609,40.001719],[-105.13598,40.001644]]],[[[-105.133417,40.016098],[-105.133556,40.016147],[-105.133608,40.016088],[-105.133697,40.016062],[-105.133924,40.016119],[-105.134167,40.016137],[-105.134221,40.016114],[-105.134198,40.01594],[-105.13399,40.015497],[-105.133584,40.015458],[-105.133423,40.015507],[-105.133306,40.015481],[-105.133199,40.015551],[-105.133201,40.015811],[-105.133417,40.016098]]],[[[-105.133293,40.004524],[-105.133233,40.004567],[-105.133287,40.004617],[-105.133356,40.004572],[-105.133293,40.004524]]],[[[-105.133387,40.005749],[-105.133325,40.005766],[-105.133271,40.005842],[-105.13331,40.00592],[-105.134175,40.00612],[-105.134241,40.006104],[-105.134297,40.006027],[-105.134294,40.005973],[-105.134244,40.005936],[-105.133387,40.005749]]],[[[-105.138584,40.004025],[-105.139149,40.004447],[-105.139658,40.004941],[-105.139676,40.005362],[-105.139783,40.004689],[-105.139749,40.004523],[-105.139628,40.004313],[-105.139394,40.004122],[-105.138729,40.003797],[-105.138528,40.003815],[-105.138393,40.003769],[-105.138321,40.00367],[-105.138336,40.003523],[-105.138191,40.003339],[-105.137683,40.002954],[-105.137617,40.002971],[-105.137257,40.003283],[-105.137481,40.00348],[-105.137662,40.003476],[-105.137757,40.003521],[-105.137788,40.003622],[-105.1377,40.00371],[-105.137544,40.003705],[-105.137157,40.003406],[-105.137068,40.003393],[-105.136949,40.003504],[-105.136797,40.003865],[-105.136595,40.004005],[-105.135151,40.004319],[-105.13483,40.004257],[-105.134687,40.004167],[-105.134569,40.00403],[-105.134481,40.004017],[-105.133552,40.004396],[-105.133448,40.004481],[-105.133455,40.004594],[-105.133404,40.004663],[-105.135695,40.004581],[-105.136884,40.004251],[-105.137706,40.00419],[-105.138014,40.003918],[-105.138584,40.004025]]],[[[-105.133573,40.016315],[-105.133549,40.016584],[-105.133794,40.016597],[-105.134125,40.016563],[-105.134219,40.016311],[-105.134167,40.016263],[-105.133968,40.016249],[-105.133727,40.016308],[-105.133618,40.016287],[-105.133573,40.016315]]],[[[-105.133818,40.000412],[-105.133796,40.000431],[-105.133803,40.000898],[-105.133874,40.001075],[-105.133978,40.001183],[-105.133858,40.000903],[-105.133818,40.000412]]],[[[-105.134654,40.006533],[-105.134742,40.006497],[-105.134917,40.006208],[-105.134918,40.006136],[-105.134843,40.006073],[-105.134446,40.006003],[-105.134297,40.006248],[-105.134474,40.00647],[-105.134654,40.006533]]],[[[-105.135111,40.004194],[-105.13658,40.003873],[-105.136674,40.003781],[-105.136847,40.003387],[-105.137501,40.002882],[-105.137515,40.002807],[-105.13697,40.002384],[-105.136909,40.00237],[-105.136171,40.0029],[-105.135312,40.003115],[-105.134777,40.003663],[-105.134701,40.003801],[-105.134709,40.003937],[-105.134796,40.004071],[-105.134936,40.004159],[-105.135111,40.004194]]],[[[-105.135951,40.00154],[-105.135924,40.001472],[-105.13565,40.00131],[-105.135264,40.001201],[-105.135951,40.00154]]],[[[-105.140509,40.003772],[-105.14048,40.000315],[-105.138383,40.000308],[-105.13833,40.000351],[-105.138254,40.000565],[-105.138278,40.000615],[-105.138631,40.000881],[-105.138711,40.000871],[-105.139009,40.00067],[-105.139271,40.00063],[-105.139429,40.000659],[-105.139573,40.000727],[-105.139684,40.000833],[-105.13974,40.000945],[-105.139749,40.00107],[-105.139708,40.00119],[-105.139433,40.001442],[-105.139418,40.001486],[-105.139687,40.001729],[-105.139822,40.001906],[-105.139908,40.002128],[-105.139916,40.002368],[-105.139873,40.002536],[-105.13979,40.002692],[-105.139461,40.003036],[-105.139852,40.003417],[-105.13987,40.00352],[-105.139761,40.003604],[-105.139604,40.003578],[-105.139551,40.003494],[-105.139583,40.003346],[-105.139365,40.003168],[-105.139306,40.003151],[-105.139247,40.003169],[-105.138829,40.003498],[-105.138803,40.003553],[-105.138851,40.003706],[-105.139508,40.004027],[-105.139682,40.004145],[-105.139819,40.004294],[-105.139923,40.004485],[-105.139959,40.004757],[-105.139854,40.005338],[-105.139864,40.005912],[-105.139931,40.006275],[-105.14009,40.006667],[-105.140102,40.006843],[-105.140176,40.006957],[-105.140147,40.007081],[-105.140045,40.007152],[-105.139894,40.007171],[-105.139679,40.007276],[-105.139456,40.00732],[-105.137277,40.007318],[-105.136506,40.007365],[-105.135833,40.007367],[-105.135465,40.007404],[-105.140526,40.007408],[-105.140527,40.007367],[-105.1405,40.00406],[-105.140488,40.003772],[-105.140509,40.003772]],[[-105.140316,40.007066],[-105.140319,40.007067],[-105.140312,40.007065],[-105.140316,40.007066]],[[-105.140524,40.007097],[-105.140524,40.0071],[-105.140524,40.007045],[-105.140524,40.007097]]],[[[-105.136442,40.007231],[-105.136831,40.007195],[-105.136849,40.007018],[-105.136896,40.006915],[-105.137268,40.006493],[-105.137435,40.006393],[-105.13809,40.006256],[-105.138348,40.006277],[-105.138661,40.006122],[-105.139014,40.006053],[-105.139209,40.00607],[-105.139395,40.006188],[-105.139674,40.006157],[-105.13971,40.006102],[-105.13967,40.005608],[-105.137035,40.006135],[-105.136143,40.007175],[-105.136088,40.007216],[-105.135837,40.007229],[-105.136442,40.007231]]],[[[-105.136006,40.002212],[-105.135943,40.002252],[-105.135995,40.002307],[-105.136062,40.002264],[-105.136006,40.002212]]],[[[-105.136093,40.001505],[-105.136074,40.00156],[-105.136106,40.001614],[-105.136176,40.001638],[-105.136253,40.00162],[-105.136093,40.001505]]],[[[-105.137279,40.001855],[-105.138182,40.001153],[-105.138449,40.001037],[-105.13848,40.000997],[-105.138468,40.000945],[-105.137961,40.000572],[-105.137838,40.000558],[-105.137596,40.000591],[-105.137452,40.000651],[-105.136684,40.00125],[-105.136967,40.001485],[-105.136931,40.001544],[-105.13695,40.001601],[-105.137279,40.001855]]],[[[-105.137044,40.007183],[-105.139479,40.007183],[-105.139709,40.007106],[-105.139735,40.006922],[-105.139909,40.0068],[-105.139919,40.006729],[-105.139755,40.006297],[-105.139702,40.006259],[-105.139425,40.006287],[-105.139325,40.006408],[-105.139228,40.00647],[-105.138743,40.006587],[-105.13845,40.006571],[-105.138359,40.006516],[-105.138279,40.006403],[-105.138125,40.006375],[-105.137513,40.0065],[-105.137416,40.006546],[-105.137029,40.006985],[-105.137005,40.00707],[-105.137044,40.007183]]],[[[-105.137299,40.000592],[-105.137429,40.000509],[-105.137566,40.000469],[-105.137847,40.000433],[-105.138101,40.000463],[-105.138152,40.00043],[-105.138162,40.000365],[-105.138105,40.000309],[-105.137313,40.000311],[-105.137299,40.000592]]],[[[-105.138027,40.002486],[-105.138954,40.001756],[-105.139121,40.001505],[-105.139102,40.001437],[-105.138698,40.001122],[-105.138619,40.001113],[-105.138312,40.001229],[-105.137379,40.001954],[-105.137587,40.002124],[-105.137668,40.00214],[-105.137706,40.00224],[-105.138027,40.002486]]],[[[-105.137625,40.003647],[-105.13769,40.003605],[-105.137652,40.003555],[-105.137569,40.003591],[-105.137625,40.003647]]],[[[-105.138133,40.002578],[-105.138459,40.002822],[-105.138632,40.002837],[-105.138622,40.002949],[-105.138966,40.003215],[-105.139505,40.002795],[-105.13965,40.002635],[-105.139758,40.002365],[-105.139741,40.002107],[-105.139676,40.001953],[-105.139562,40.001805],[-105.139339,40.001623],[-105.139256,40.001609],[-105.139208,40.001635],[-105.139065,40.001845],[-105.138133,40.002578]]],[[[-105.138575,40.006522],[-105.138883,40.006497],[-105.139174,40.006409],[-105.139274,40.006335],[-105.139283,40.006223],[-105.139218,40.006152],[-105.139112,40.006121],[-105.138857,40.006144],[-105.138607,40.006221],[-105.138416,40.006331],[-105.138396,40.00638],[-105.138443,40.006483],[-105.138575,40.006522]]],[[[-105.138481,40.003565],[-105.138435,40.003627],[-105.138469,40.003697],[-105.138562,40.00372],[-105.138645,40.003676],[-105.138637,40.003581],[-105.13856,40.003641],[-105.138481,40.003565]]],[[[-105.139184,40.000756],[-105.139002,40.000821],[-105.138831,40.000956],[-105.13881,40.001007],[-105.139211,40.001348],[-105.13929,40.001362],[-105.139537,40.001174],[-105.139587,40.000999],[-105.139539,40.000888],[-105.139447,40.000809],[-105.139331,40.000764],[-105.139184,40.000756]]],[[[-105.139718,40.003437],[-105.139654,40.003473],[-105.139697,40.00353],[-105.139774,40.003492],[-105.139718,40.003437]]],[[[-105.139943,40.007075],[-105.140015,40.00706],[-105.140061,40.007006],[-105.140046,40.006941],[-105.139981,40.006904],[-105.139886,40.006916],[-105.139838,40.006976],[-105.139861,40.00704],[-105.139943,40.007075]]]]}},{"type":"Feature","properties":{"type":"residential","acres":293.8309449976912,"family1_treatment":"allowed","family2_treatment":"allowed","family3_treatment":"prohibited","family4_treatment":"prohibited","name":"Single-Family and Two-Family Residential"},"geometry":{"type":"MultiPolygon","coordinates":[[[[-105.081032,39.990436],[-105.081033,39.990184],[-105.080983,39.990127],[-105.079484,39.990105],[-105.079241,39.99002],[-105.079084,39.989858],[-105.079039,39.989694],[-105.079078,39.986906],[-105.07184,39.986815],[-105.07184,39.988187],[-105.074787,39.988167],[-105.07476,39.990344],[-105.081032,39.990436]]],[[[-105.077419,39.983664],[-105.077341,39.986679],[-105.080477,39.986711],[-105.08052,39.986681],[-105.08054,39.984629],[-105.080614,39.984595],[-105.077419,39.983664]]],[[[-105.078714,39.99581],[-105.078619,39.995815],[-105.078692,39.996319],[-105.079004,39.997209],[-105.079118,39.997203],[-105.078963,39.996827],[-105.078792,39.996272],[-105.078714,39.99581]]],[[[-105.082671,39.99584],[-105.081658,39.995843],[-105.078934,39.995841],[-105.078995,39.99623],[-105.079165,39.996779],[-105.079344,39.997195],[-105.08273,39.997185],[-105.082719,39.995873],[-105.082671,39.99584]]],[[[-105.079357,40.001506],[-105.0808,40.001489],[-105.080939,40.001403],[-105.081565,40.001382],[-105.081632,40.001431],[-105.081632,40.001474],[-105.082559,40.001479],[-105.082556,40.001197],[-105.079488,40.001199],[-105.079716,40.000886],[-105.079882,40.000493],[-105.079924,40.000308],[-105.079756,40.000309],[-105.079643,40.000695],[-105.079484,40.000967],[-105.079275,40.001205],[-105.079088,40.001341],[-105.079357,40.001506]]],[[[-105.080458,39.989334],[-105.080319,39.989406],[-105.080165,39.989438],[-105.079264,39.989442],[-105.079223,39.989478],[-105.079224,39.989761],[-105.07933,39.989902],[-105.079515,39.989971],[-105.080975,39.989988],[-105.081022,39.989967],[-105.081053,39.989717],[-105.080641,39.9897],[-105.080642,39.989631],[-105.080677,39.989623],[-105.080707,39.98953],[-105.080458,39.989334]]],[[[-105.080037,39.988671],[-105.079791,39.988747],[-105.079259,39.988759],[-105.079236,39.988792],[-105.079233,39.989261],[-105.079302,39.989297],[-105.080118,39.989301],[-105.08035,39.989224],[-105.080453,39.989142],[-105.080197,39.988949],[-105.080237,39.988917],[-105.080037,39.988671]]],[[[-105.081018,39.987381],[-105.079285,39.98738],[-105.079257,39.987409],[-105.079251,39.98858],[-105.079316,39.988611],[-105.07975,39.988615],[-105.079966,39.988545],[-105.081024,39.987713],[-105.081087,39.987597],[-105.081096,39.987425],[-105.081018,39.987381]]],[[[-105.082202,39.986943],[-105.079316,39.986905],[-105.079261,39.986953],[-105.079258,39.987298],[-105.081215,39.987319],[-105.081216,39.98725],[-105.082269,39.987251],[-105.082264,39.987012],[-105.082202,39.986943]]],[[[-105.07946,39.999701],[-105.079468,40.000078],[-105.079827,40.000083],[-105.079821,39.9997],[-105.07946,39.999701]]],[[[-105.083202,39.983892],[-105.083163,39.983944],[-105.082873,39.983861],[-105.082667,39.9843],[-105.082534,39.984261],[-105.082402,39.984221],[-105.082609,39.983792],[-105.082289,39.983697],[-105.081797,39.983478],[-105.08124,39.984191],[-105.082766,39.984638],[-105.082661,39.984845],[-105.08108,39.984384],[-105.080907,39.984587],[-105.082608,39.985073],[-105.083202,39.983892]]],[[[-105.082408,39.99371],[-105.08256,39.993709],[-105.082556,39.993761],[-105.08313,39.993761],[-105.083134,39.993707],[-105.088473,39.99372],[-105.088666,39.993697],[-105.088708,39.99355],[-105.088833,39.99355],[-105.088838,39.993623],[-105.088891,39.993662],[-105.089304,39.993665],[-105.089297,39.99335],[-105.088954,39.993354],[-105.088978,39.991447],[-105.086987,39.991429],[-105.086988,39.991266],[-105.088983,39.991287],[-105.088995,39.990528],[-105.082775,39.990445],[-105.082778,39.990142],[-105.081244,39.990136],[-105.081215,39.99017],[-105.08121,39.990438],[-105.081144,39.990438],[-105.081079,39.993349],[-105.082418,39.993356],[-105.082408,39.99371]]],[[[-105.081301,39.989669],[-105.081199,39.989828],[-105.081201,39.989962],[-105.081229,39.989985],[-105.082147,39.990005],[-105.082194,39.989973],[-105.082204,39.989735],[-105.081528,39.989724],[-105.081301,39.989669]]],[[[-105.082782,39.989731],[-105.082361,39.989731],[-105.082356,39.989964],[-105.082398,39.989989],[-105.082779,39.990003],[-105.082782,39.989731]]],[[[-105.082812,39.987382],[-105.082425,39.987393],[-105.082407,39.987693],[-105.0828,39.987686],[-105.082812,39.987382]]],[[[-105.08251,39.986949],[-105.082445,39.986986],[-105.082449,39.987259],[-105.082803,39.987269],[-105.082798,39.986951],[-105.08251,39.986949]]],[[[-105.082671,40.002251],[-105.083294,40.002241],[-105.083295,40.002227],[-105.082874,40.002209],[-105.08267,40.002095],[-105.082671,40.002251]]],[[[-105.083187,40.001199],[-105.082751,40.001198],[-105.082762,40.001913],[-105.082816,40.001999],[-105.082917,40.002061],[-105.083295,40.002074],[-105.083295,40.001651],[-105.083215,40.00165],[-105.083173,40.001416],[-105.08314,40.00143],[-105.08314,40.001344],[-105.083183,40.001343],[-105.083187,40.001199]]],[[[-105.083337,39.995959],[-105.083229,39.995803],[-105.082863,39.995805],[-105.082865,39.995965],[-105.083337,39.995959]]],[[[-105.083244,39.996015],[-105.082865,39.99602],[-105.082872,39.99676],[-105.083359,39.996754],[-105.083412,39.996719],[-105.083526,39.996486],[-105.083538,39.996392],[-105.083321,39.99604],[-105.083244,39.996015]]],[[[-105.091229,39.994204],[-105.091585,39.994202],[-105.091584,39.993292],[-105.09121,39.993294],[-105.091229,39.994204]]],[[[-105.091586,39.993213],[-105.091689,39.993212],[-105.091692,39.992934],[-105.091588,39.992934],[-105.091586,39.993213]]],[[[-105.092298,39.994198],[-105.092306,39.992386],[-105.09181,39.992388],[-105.091795,39.994201],[-105.092298,39.994198]]],[[[-105.091916,39.999641],[-105.091918,39.999769],[-105.092226,39.999767],[-105.092226,39.999638],[-105.091916,39.999641]]],[[[-105.092868,39.992655],[-105.09287,39.992382],[-105.092375,39.992384],[-105.092375,39.992662],[-105.092574,39.992659],[-105.092868,39.992655]]],[[[-105.092868,39.992655],[-105.092375,39.992662],[-105.092376,39.993208],[-105.092865,39.993208],[-105.092868,39.992655]]],[[[-105.092865,39.993292],[-105.092406,39.993296],[-105.092408,39.994198],[-105.0929,39.994195],[-105.0929,39.993372],[-105.092865,39.993372],[-105.092865,39.993292]]],[[[-105.09357,39.994192],[-105.093568,39.993368],[-105.093074,39.993371],[-105.093075,39.994194],[-105.09357,39.994192]]],[[[-105.093569,39.99238],[-105.093079,39.992362],[-105.093079,39.993206],[-105.093571,39.993202],[-105.093569,39.99238]]],[[[-105.094137,39.9932],[-105.094135,39.992379],[-105.093643,39.992379],[-105.093645,39.993202],[-105.094137,39.9932]]],[[[-105.093643,39.993368],[-105.093644,39.993642],[-105.094136,39.993657],[-105.094134,39.993366],[-105.093643,39.993368]]],[[[-105.095111,39.992376],[-105.09435,39.992375],[-105.094355,39.993289],[-105.094421,39.993288],[-105.094421,39.993504],[-105.095019,39.993505],[-105.09502,39.993285],[-105.095108,39.993284],[-105.095111,39.992376]]],[[[-105.094421,39.993504],[-105.094422,39.99419],[-105.095016,39.994186],[-105.095019,39.993505],[-105.094723,39.993505],[-105.094421,39.993504]]],[[[-105.098165,39.999301],[-105.095845,39.999306],[-105.095853,39.999658],[-105.098171,39.999658],[-105.098165,39.999301]]],[[[-105.097411,39.995642],[-105.097047,39.995659],[-105.097061,39.997338],[-105.098113,39.997332],[-105.098156,39.999139],[-105.098182,39.999139],[-105.098223,39.999],[-105.098433,39.998774],[-105.09849,39.998622],[-105.098478,39.996691],[-105.09776,39.996692],[-105.097613,39.996717],[-105.097482,39.996686],[-105.097414,39.996637],[-105.097359,39.996524],[-105.097404,39.996396],[-105.097411,39.995642]]],[[[-105.097639,39.996551],[-105.098455,39.99655],[-105.098449,39.996442],[-105.098362,39.996226],[-105.09838,39.995016],[-105.097597,39.995026],[-105.097584,39.996517],[-105.097639,39.996551]]],[[[-105.099819,39.99655],[-105.099812,39.994619],[-105.097596,39.994624],[-105.097598,39.994888],[-105.099114,39.994882],[-105.099273,39.99485],[-105.099457,39.994911],[-105.099535,39.995055],[-105.099497,39.995173],[-105.099487,39.996549],[-105.099819,39.99655]]],[[[-105.098377,39.999219],[-105.098384,39.999691],[-105.098717,39.999691],[-105.098706,39.999218],[-105.098377,39.999219]]],[[[-105.098377,39.999219],[-105.09975,39.999214],[-105.099747,39.998448],[-105.099441,39.998448],[-105.099441,39.998482],[-105.098665,39.998483],[-105.098627,39.998758],[-105.098379,39.999061],[-105.098357,39.999136],[-105.098377,39.999219]]],[[[-105.098566,39.995016],[-105.098545,39.996199],[-105.09862,39.996406],[-105.098629,39.996549],[-105.099305,39.996549],[-105.099319,39.995047],[-105.099258,39.995014],[-105.098566,39.995016]]],[[[-105.099745,39.997033],[-105.098654,39.997032],[-105.098655,39.997704],[-105.099735,39.997701],[-105.099745,39.997033]]],[[[-105.099824,39.996686],[-105.09866,39.99669],[-105.098655,39.996961],[-105.099826,39.996961],[-105.099824,39.996686]]],[[[-105.099824,39.997775],[-105.098656,39.997774],[-105.098664,39.998414],[-105.099836,39.99841],[-105.099824,39.997775]]],[[[-105.099867,39.983334],[-105.098797,39.983331],[-105.09878,39.984972],[-105.098968,39.984975],[-105.098982,39.985267],[-105.098902,39.986758],[-105.09986,39.98677],[-105.099867,39.983334]]],[[[-105.105111,39.981138],[-105.106066,39.981724],[-105.106325,39.981549],[-105.10719,39.98122],[-105.106835,39.980372],[-105.105111,39.981138]]],[[[-105.107663,39.992488],[-105.107389,39.992446],[-105.106497,39.992707],[-105.106369,39.992714],[-105.106403,39.99283],[-105.106235,39.993041],[-105.105929,39.993066],[-105.105871,39.993162],[-105.106033,39.993288],[-105.105709,39.993669],[-105.1057,39.994083],[-105.107282,39.994084],[-105.107308,39.99376],[-105.10743,39.993295],[-105.107411,39.993272],[-105.107159,39.993241],[-105.106981,39.993312],[-105.106797,39.993539],[-105.106863,39.993685],[-105.106831,39.993754],[-105.106761,39.993803],[-105.10667,39.993818],[-105.106574,39.993792],[-105.10651,39.99373],[-105.106502,39.993657],[-105.106803,39.993263],[-105.106918,39.993169],[-105.107135,39.993105],[-105.107476,39.993124],[-105.107663,39.992488]]],[[[-105.107635,39.980004],[-105.106991,39.980305],[-105.10734,39.981161],[-105.107868,39.981289],[-105.10821,39.980968],[-105.107606,39.980262],[-105.107635,39.980004]]],[[[-105.108774,39.984519],[-105.108778,39.984056],[-105.108677,39.983898],[-105.10858,39.983883],[-105.108421,39.983791],[-105.107478,39.983664],[-105.107332,39.984264],[-105.107332,39.984634],[-105.108774,39.984519]]],[[[-105.107514,40.007477],[-105.107877,40.007475],[-105.107874,40.006332],[-105.107538,40.006332],[-105.107514,40.007477]]],[[[-105.109227,39.984486],[-105.109237,39.983398],[-105.108972,39.98303],[-105.109334,39.982825],[-105.109235,39.982712],[-105.108678,39.981834],[-105.108457,39.981676],[-105.108051,39.981528],[-105.107942,39.981782],[-105.107519,39.983498],[-105.108465,39.983657],[-105.10863,39.983625],[-105.108753,39.98313],[-105.108895,39.983073],[-105.108943,39.983137],[-105.108876,39.983165],[-105.108757,39.983645],[-105.108833,39.983722],[-105.108836,39.983796],[-105.108794,39.983857],[-105.108908,39.984037],[-105.108902,39.98451],[-105.109227,39.984486]]],[[[-105.107543,40.005933],[-105.10754,40.006184],[-105.108414,40.00618],[-105.108403,40.003468],[-105.10768,40.003495],[-105.107686,40.005627],[-105.107634,40.005623],[-105.107613,40.005929],[-105.107543,40.005933]],[[-105.107692,40.005937],[-105.107686,40.00594],[-105.107689,40.005938],[-105.107692,40.005937]]],[[[-105.109883,40.007011],[-105.108072,40.007023],[-105.108068,40.007474],[-105.108043,40.007478],[-105.109889,40.007482],[-105.109883,40.007011]]],[[[-105.109875,40.006332],[-105.108068,40.006332],[-105.10807,40.006877],[-105.109882,40.006876],[-105.109875,40.006332]]],[[[-105.108403,40.007598],[-105.108403,40.007796],[-105.10866,40.007796],[-105.108662,40.007597],[-105.108403,40.007598]]],[[[-105.10932,40.003183],[-105.1086,40.00342],[-105.108598,40.003777],[-105.109316,40.003776],[-105.10932,40.003183]]],[[[-105.108613,40.005489],[-105.109328,40.005492],[-105.109319,40.003921],[-105.108604,40.003921],[-105.108613,40.005489]]],[[[-105.109873,40.005617],[-105.108611,40.005621],[-105.108613,40.006176],[-105.109874,40.006176],[-105.109873,40.005617]]],[[[-105.10987,40.003774],[-105.109866,40.003918],[-105.109516,40.003921],[-105.109528,40.005489],[-105.109873,40.00549],[-105.10987,40.003774]]],[[[-105.109672,40.009777],[-105.109664,40.009905],[-105.109944,40.009931],[-105.109977,40.009856],[-105.109986,40.009802],[-105.109672,40.009777]]],[[[-105.117712,40.000326],[-105.116431,40.000323],[-105.11642,40.000406],[-105.116349,40.000458],[-105.115724,40.000462],[-105.115138,40.000582],[-105.11491,40.000586],[-105.114912,40.000515],[-105.115001,40.000511],[-105.11506,40.000472],[-105.115074,40.000373],[-105.115151,40.000373],[-105.11517,40.000449],[-105.11525,40.000478],[-105.115685,40.000374],[-105.116238,40.000381],[-105.116298,40.000323],[-105.114569,40.000324],[-105.11455,40.001136],[-105.114689,40.001088],[-105.116036,40.000946],[-105.117712,40.000326]]],[[[-105.114807,39.999291],[-105.114804,40.000071],[-105.115346,40.000067],[-105.115218,40.000009],[-105.115159,39.999914],[-105.115173,39.999427],[-105.114807,39.999291]]],[[[-105.115667,39.99736],[-105.115347,39.997363],[-105.115284,39.999069],[-105.115103,39.999072],[-105.115105,39.999254],[-105.115255,39.999353],[-105.115373,39.99932],[-105.116236,39.99931],[-105.116316,39.999253],[-105.116318,39.998973],[-105.116288,39.998926],[-105.115815,39.998915],[-105.115708,39.998868],[-105.115645,39.998788],[-105.115667,39.99736]]],[[[-105.115775,39.999432],[-105.115363,39.99943],[-105.115291,39.999467],[-105.115284,39.999883],[-105.115317,39.999932],[-105.115741,39.999944],[-105.115823,39.999894],[-105.115831,39.999478],[-105.115775,39.999432]]],[[[-105.115977,39.999455],[-105.11595,39.999915],[-105.115854,40.000012],[-105.115678,40.000065],[-105.116273,40.000061],[-105.116273,39.999466],[-105.116205,39.999425],[-105.116033,39.999427],[-105.115977,39.999455]]],[[[-105.117037,39.997733],[-105.1159,39.997737],[-105.115835,39.997769],[-105.115796,39.998519],[-105.115814,39.998774],[-105.115892,39.998802],[-105.116293,39.99877],[-105.116317,39.998729],[-105.116326,39.998417],[-105.116445,39.998301],[-105.117039,39.998271],[-105.117098,39.998242],[-105.117106,39.997772],[-105.117037,39.997733]]],[[[-105.117957,39.997352],[-105.115827,39.997359],[-105.115827,39.997557],[-105.115899,39.997613],[-105.117764,39.997603],[-105.117861,39.997634],[-105.117914,39.997701],[-105.117969,39.997674],[-105.117957,39.997352]]],[[[-105.116426,39.999484],[-105.116382,39.999473],[-105.116422,40.000003],[-105.116426,39.999484]]],[[[-105.117046,39.998395],[-105.116543,39.9984],[-105.11648,39.998447],[-105.116478,39.999252],[-105.11651,39.999292],[-105.117028,39.999292],[-105.117108,39.999241],[-105.117113,39.998445],[-105.117046,39.998395]]],[[[-105.117741,39.997673],[-105.11769,39.997699],[-105.117689,39.997751],[-105.117743,39.997779],[-105.117803,39.997764],[-105.117816,39.997701],[-105.117741,39.997673]]],[[[-105.128611,40.020981],[-105.128607,40.020347],[-105.12784,40.020346],[-105.127846,40.020659],[-105.128027,40.020823],[-105.128029,40.020964],[-105.128005,40.020984],[-105.128611,40.020981]]],[[[-105.130803,39.994334],[-105.130919,39.994273],[-105.131211,39.994564],[-105.131572,39.995068],[-105.131632,39.995105],[-105.132959,39.994574],[-105.13317,39.994542],[-105.133333,39.994569],[-105.133489,39.994659],[-105.133569,39.994851],[-105.133718,39.995085],[-105.133788,39.995124],[-105.136014,39.994299],[-105.136251,39.994278],[-105.136479,39.994362],[-105.136559,39.994438],[-105.136753,39.994745],[-105.137055,39.994849],[-105.137114,39.994913],[-105.137146,39.99502],[-105.137112,39.995126],[-105.137021,39.995211],[-105.136226,39.995511],[-105.136193,39.995557],[-105.136661,39.99633],[-105.136717,39.99649],[-105.136706,39.996647],[-105.136624,39.996813],[-105.136476,39.996942],[-105.136217,39.99705],[-105.136188,39.997088],[-105.136396,39.997468],[-105.136411,39.997592],[-105.136381,39.997697],[-105.136213,39.997846],[-105.135255,39.998207],[-105.134112,39.998742],[-105.134065,39.998874],[-105.134071,39.99913],[-105.133954,39.999613],[-105.133951,39.999922],[-105.133996,39.999976],[-105.134048,39.999985],[-105.134201,39.999878],[-105.13436,39.999642],[-105.134461,39.999391],[-105.134547,39.999273],[-105.136251,39.998222],[-105.136477,39.998341],[-105.136741,39.998414],[-105.137049,39.998585],[-105.137327,39.998652],[-105.137351,39.994356],[-105.137182,39.994162],[-105.128115,39.994133],[-105.128114,39.994239],[-105.130635,39.994286],[-105.130803,39.994334]]],[[[-105.133064,39.994671],[-105.131765,39.995207],[-105.13173,39.995293],[-105.132017,39.995705],[-105.132109,39.995738],[-105.133574,39.995129],[-105.133585,39.99505],[-105.133366,39.994746],[-105.133246,39.994678],[-105.133064,39.994671]]],[[[-105.132534,39.996366],[-105.134941,39.995456],[-105.13496,39.995391],[-105.134708,39.994993],[-105.134615,39.994964],[-105.132228,39.995867],[-105.132176,39.995942],[-105.132418,39.996322],[-105.132534,39.996366]]],[[[-105.132554,39.996717],[-105.132565,39.996696],[-105.132446,39.996532],[-105.132437,39.99654],[-105.132554,39.996717]]],[[[-105.134099,39.996133],[-105.134002,39.995965],[-105.133896,39.995936],[-105.132593,39.996427],[-105.13256,39.996502],[-105.132667,39.996669],[-105.132758,39.996687],[-105.134055,39.996199],[-105.134099,39.996133]]],[[[-105.132777,39.996855],[-105.133026,39.997261],[-105.133119,39.997301],[-105.134466,39.996799],[-105.134507,39.996723],[-105.134257,39.996311],[-105.134147,39.996276],[-105.132806,39.996782],[-105.132777,39.996855]]],[[[-105.133496,39.997923],[-105.134866,39.997415],[-105.1349,39.997363],[-105.13464,39.996937],[-105.134576,39.99691],[-105.133207,39.997414],[-105.133168,39.997465],[-105.133428,39.997901],[-105.133496,39.997923]]],[[[-105.134285,39.998532],[-105.135117,39.998125],[-105.136165,39.997728],[-105.13624,39.997626],[-105.136246,39.99753],[-105.136043,39.997178],[-105.13593,39.997155],[-105.133565,39.998059],[-105.133569,39.998126],[-105.133854,39.998566],[-105.134035,39.998621],[-105.134285,39.998532]]],[[[-105.133831,39.999585],[-105.13395,39.999078],[-105.133936,39.998919],[-105.133925,39.999039],[-105.133883,39.999099],[-105.133831,39.999585]]],[[[-105.135005,40.000735],[-105.133983,40.000739],[-105.133985,40.000848],[-105.134044,40.001013],[-105.134135,40.001098],[-105.134422,40.001057],[-105.134926,40.001055],[-105.135004,40.000997],[-105.135005,40.000735]]],[[[-105.136782,39.994885],[-105.13426,39.995828],[-105.134217,39.995862],[-105.134214,39.995912],[-105.134311,39.996061],[-105.13442,39.99608],[-105.136933,39.995137],[-105.137006,39.995069],[-105.137014,39.994985],[-105.13693,39.994899],[-105.136782,39.994885]]],[[[-105.135943,39.995617],[-105.134435,39.996184],[-105.134395,39.996253],[-105.134647,39.996658],[-105.134732,39.996692],[-105.136275,39.99612],[-105.136305,39.996047],[-105.136056,39.995648],[-105.135943,39.995617]]],[[[-105.136349,39.996235],[-105.134808,39.996817],[-105.134792,39.996887],[-105.135041,39.997285],[-105.135156,39.997312],[-105.136297,39.996884],[-105.136447,39.996789],[-105.136534,39.996665],[-105.136561,39.996532],[-105.13653,39.996408],[-105.136444,39.996266],[-105.136349,39.996235]]],[[[-105.136093,39.994408],[-105.134868,39.994873],[-105.134857,39.994948],[-105.135101,39.995332],[-105.135156,39.995363],[-105.135227,39.995354],[-105.136591,39.994828],[-105.136589,39.994766],[-105.136392,39.99447],[-105.136247,39.994402],[-105.136093,39.994408]]],[[[-105.13646,40.001249],[-105.135802,40.000744],[-105.135167,40.000734],[-105.135166,40.000998],[-105.135215,40.001052],[-105.135631,40.001143],[-105.136039,40.00136],[-105.136315,40.001352],[-105.13646,40.001249]]],[[[-105.136253,40.00162],[-105.136297,40.001557],[-105.136256,40.001485],[-105.136176,40.001467],[-105.136093,40.001505],[-105.136253,40.00162]]],[[[-105.136684,40.00125],[-105.136448,40.00144],[-105.136437,40.001642],[-105.136705,40.001975],[-105.136873,40.002106],[-105.136964,40.002113],[-105.137279,40.001855],[-105.13695,40.001601],[-105.136931,40.001544],[-105.136967,40.001485],[-105.136684,40.00125]]],[[[-105.137379,40.001954],[-105.137097,40.002192],[-105.137079,40.002239],[-105.137103,40.002284],[-105.13766,40.002702],[-105.137741,40.002689],[-105.138027,40.002486],[-105.137706,40.00224],[-105.137668,40.00214],[-105.137587,40.002124],[-105.137379,40.001954]]],[[[-105.138133,40.002578],[-105.13786,40.002775],[-105.137838,40.002836],[-105.138272,40.003191],[-105.138459,40.003404],[-105.138691,40.003423],[-105.138966,40.003215],[-105.138622,40.002949],[-105.138632,40.002837],[-105.138459,40.002822],[-105.138133,40.002578]]],[[[-105.138637,40.003581],[-105.138565,40.003548],[-105.138481,40.003565],[-105.13856,40.003641],[-105.138637,40.003581]]]]}},{"type":"Feature","properties":{"type":"residential","acres":261.45172433227987,"family1_treatment":"allowed","family2_treatment":"allowed","family3_treatment":"allowed","family4_treatment":"allowed","name":"Multifamily Residential"},"geometry":{"type":"MultiPolygon","coordinates":[[[[-105.079295,39.979566],[-105.07929,39.979696],[-105.081153,39.979678],[-105.083509,39.979701],[-105.083486,39.979619],[-105.079295,39.979566]]],[[[-105.082671,40.002251],[-105.08267,40.002095],[-105.082567,40.001916],[-105.082559,40.001479],[-105.081632,40.001474],[-105.081632,40.001431],[-105.081565,40.001382],[-105.080939,40.001403],[-105.0808,40.001489],[-105.080259,40.001487],[-105.080255,40.002244],[-105.082671,40.002251]]],[[[-105.088799,39.980117],[-105.087372,39.979908],[-105.086048,39.979853],[-105.086047,39.979945],[-105.085244,39.979901],[-105.084465,39.979964],[-105.083509,39.97992],[-105.083509,39.979763],[-105.083197,39.979752],[-105.083196,39.980326],[-105.083044,39.980329],[-105.082651,39.980154],[-105.082188,39.980051],[-105.081545,39.980043],[-105.081464,39.9801],[-105.082357,39.980595],[-105.082358,39.981517],[-105.08238,39.9816],[-105.082361,39.981931],[-105.082362,39.982495],[-105.082559,39.982236],[-105.082745,39.982109],[-105.083021,39.98203],[-105.083333,39.982028],[-105.083403,39.98198],[-105.083402,39.98157],[-105.083355,39.981521],[-105.082414,39.98151],[-105.082413,39.981351],[-105.083315,39.981355],[-105.083402,39.981291],[-105.083379,39.98083],[-105.08331,39.980802],[-105.082427,39.980798],[-105.082435,39.98063],[-105.082533,39.980548],[-105.082637,39.980554],[-105.082831,39.980681],[-105.083309,39.980684],[-105.083309,39.980658],[-105.083615,39.980652],[-105.08365,39.98052],[-105.08376,39.98047],[-105.08514,39.98049],[-105.085133,39.98054],[-105.085242,39.98046],[-105.085372,39.980435],[-105.085484,39.980459],[-105.085655,39.980555],[-105.088695,39.980552],[-105.088897,39.980596],[-105.089153,39.980715],[-105.089258,39.980668],[-105.089303,39.980542],[-105.089355,39.980495],[-105.08954,39.980477],[-105.08976,39.980313],[-105.08972,39.980252],[-105.088799,39.980117]],[[-105.088799,39.980117],[-105.088492,39.980072],[-105.088195,39.980028],[-105.088799,39.980117]],[[-105.08529,39.98009],[-105.0858,39.98012],[-105.08589,39.98017],[-105.08593,39.98028],[-105.08589,39.98035],[-105.08521,39.98034],[-105.08516,39.9803],[-105.08521,39.98014],[-105.08529,39.98009]]],[[[-105.082282,39.982773],[-105.082248,39.982758],[-105.081882,39.983244],[-105.081921,39.983245],[-105.082282,39.982773]]],[[[-105.082424,39.982723],[-105.081977,39.983297],[-105.082553,39.983531],[-105.085102,39.98428],[-105.085337,39.984278],[-105.085542,39.984232],[-105.085585,39.984194],[-105.08559,39.984149],[-105.085299,39.983523],[-105.085255,39.983309],[-105.084469,39.983292],[-105.084223,39.983224],[-105.084049,39.983553],[-105.084076,39.983613],[-105.084177,39.983649],[-105.084155,39.983701],[-105.084126,39.983696],[-105.083743,39.983582],[-105.083773,39.983528],[-105.083873,39.983556],[-105.083948,39.98353],[-105.084099,39.983187],[-105.083201,39.982928],[-105.083023,39.983265],[-105.083051,39.983316],[-105.083162,39.98335],[-105.083137,39.983403],[-105.082716,39.983271],[-105.08275,39.983223],[-105.082852,39.983257],[-105.082924,39.983233],[-105.083082,39.982933],[-105.083074,39.982892],[-105.08253,39.982683],[-105.082424,39.982723]]],[[[-105.083202,39.983892],[-105.082608,39.985073],[-105.084929,39.985758],[-105.084934,39.985015],[-105.085021,39.984826],[-105.085422,39.984585],[-105.085083,39.984425],[-105.084933,39.984405],[-105.08451,39.985222],[-105.084374,39.985307],[-105.084254,39.985304],[-105.083178,39.984985],[-105.083078,39.984915],[-105.083055,39.98481],[-105.083433,39.983999],[-105.083394,39.983947],[-105.083202,39.983892]]],[[[-105.085142,39.982209],[-105.083019,39.982211],[-105.082767,39.982306],[-105.082628,39.982493],[-105.082665,39.982548],[-105.082892,39.982654],[-105.08416,39.98306],[-105.084302,39.982805],[-105.084298,39.982523],[-105.084252,39.982487],[-105.084126,39.982483],[-105.08413,39.982425],[-105.084578,39.982426],[-105.084578,39.982485],[-105.084467,39.982486],[-105.084411,39.982533],[-105.084405,39.98282],[-105.084286,39.983096],[-105.084543,39.983153],[-105.085253,39.983153],[-105.08528,39.982349],[-105.085142,39.982209]]],[[[-105.085834,39.988613],[-105.085811,39.990332],[-105.088334,39.990364],[-105.088685,39.99024],[-105.088686,39.989971],[-105.088574,39.989808],[-105.088473,39.989729],[-105.088474,39.989331],[-105.088297,39.989233],[-105.088072,39.989468],[-105.087817,39.989548],[-105.087345,39.989478],[-105.086732,39.98945],[-105.086532,39.989344],[-105.086058,39.988779],[-105.085834,39.988613]]],[[[-105.085834,39.988613],[-105.085661,39.988492],[-105.085392,39.988572],[-105.084852,39.988576],[-105.084204,39.988436],[-105.084031,39.988451],[-105.083768,39.988526],[-105.083597,39.98853],[-105.083087,39.988347],[-105.082954,39.988373],[-105.082826,39.988467],[-105.082794,39.988443],[-105.083008,39.988605],[-105.085834,39.988613]]],[[[-105.082794,39.988443],[-105.082799,39.988309],[-105.082935,39.988225],[-105.082891,39.988005],[-105.082902,39.987914],[-105.083072,39.987689],[-105.083101,39.987604],[-105.083036,39.987456],[-105.082855,39.987383],[-105.082812,39.987382],[-105.082794,39.988443]]],[[[-105.082809,39.986961],[-105.082814,39.987284],[-105.082955,39.9873],[-105.083087,39.987358],[-105.083174,39.98744],[-105.083221,39.987547],[-105.0832,39.987702],[-105.083018,39.987954],[-105.083082,39.98822],[-105.08323,39.988247],[-105.083613,39.988405],[-105.084211,39.988312],[-105.084889,39.988451],[-105.085418,39.988439],[-105.085553,39.98838],[-105.085646,39.98827],[-105.085665,39.987915],[-105.085557,39.987529],[-105.085707,39.987186],[-105.085691,39.986992],[-105.082809,39.986961]]],[[[-105.08407,39.984118],[-105.083644,39.983994],[-105.083578,39.984021],[-105.083195,39.984821],[-105.083215,39.984876],[-105.083635,39.985],[-105.08372,39.984972],[-105.084108,39.984174],[-105.08407,39.984118]]],[[[-105.085221,39.981517],[-105.083684,39.981507],[-105.083607,39.981557],[-105.083609,39.981986],[-105.083655,39.982034],[-105.085122,39.982048],[-105.085277,39.981934],[-105.085273,39.981571],[-105.085221,39.981517]]],[[[-105.085112,39.980707],[-105.08504,39.98078],[-105.08487,39.98081],[-105.083653,39.980816],[-105.083607,39.980877],[-105.083608,39.981293],[-105.083682,39.98135],[-105.085221,39.981347],[-105.085277,39.981287],[-105.085266,39.980841],[-105.085112,39.980707]]],[[[-105.084749,39.984319],[-105.084312,39.984191],[-105.084247,39.984214],[-105.083854,39.985009],[-105.083867,39.985063],[-105.084299,39.985201],[-105.084382,39.985174],[-105.084782,39.984373],[-105.084749,39.984319]]],[[[-105.085397,39.980541],[-105.085312,39.980548],[-105.08527,39.980586],[-105.085264,39.980656],[-105.085299,39.9807],[-105.085411,39.980712],[-105.085467,39.980669],[-105.085467,39.980586],[-105.085397,39.980541]]],[[[-105.085395,39.982044],[-105.085317,39.982061],[-105.085275,39.98211],[-105.085284,39.982167],[-105.085343,39.982209],[-105.085439,39.982203],[-105.085493,39.982148],[-105.085479,39.982082],[-105.085395,39.982044]]],[[[-105.087106,39.980721],[-105.08562,39.980711],[-105.085475,39.980833],[-105.085484,39.981301],[-105.085578,39.98136],[-105.0871,39.981365],[-105.087153,39.981301],[-105.087149,39.980779],[-105.087106,39.980721]]],[[[-105.088776,39.980728],[-105.087407,39.980717],[-105.087352,39.980778],[-105.087357,39.981331],[-105.087323,39.981411],[-105.087242,39.981482],[-105.087099,39.981523],[-105.085539,39.981519],[-105.085484,39.981568],[-105.085491,39.981934],[-105.085661,39.982053],[-105.087485,39.982059],[-105.087692,39.981959],[-105.087953,39.981964],[-105.088882,39.98155],[-105.089038,39.98139],[-105.089062,39.981021],[-105.08899,39.980854],[-105.088776,39.980728]]],[[[-105.086125,39.982232],[-105.08564,39.982225],[-105.085508,39.982331],[-105.085496,39.983115],[-105.085522,39.983149],[-105.086118,39.983157],[-105.086156,39.983136],[-105.086165,39.98228],[-105.086125,39.982232]]],[[[-105.086197,39.983442],[-105.086189,39.983342],[-105.086137,39.983302],[-105.085544,39.9833],[-105.085501,39.983328],[-105.085525,39.983484],[-105.085943,39.984416],[-105.085968,39.985141],[-105.086049,39.98519],[-105.087251,39.985189],[-105.087281,39.985141],[-105.087282,39.984867],[-105.08728,39.984588],[-105.08725,39.984546],[-105.086025,39.984529],[-105.086023,39.984416],[-105.087254,39.984409],[-105.087279,39.984377],[-105.087263,39.98372],[-105.087158,39.983662],[-105.08642,39.983671],[-105.08627,39.983588],[-105.086197,39.983442]]],[[[-105.085711,39.987534],[-105.085659,39.987574],[-105.085744,39.987804],[-105.085839,39.987683],[-105.085854,39.987557],[-105.085711,39.987534]]],[[[-105.08586,39.986995],[-105.085818,39.987021],[-105.085802,39.98721],[-105.085696,39.987418],[-105.085734,39.987465],[-105.085856,39.987477],[-105.08586,39.986995]]],[[[-105.088001,39.987896],[-105.087576,39.988019],[-105.087372,39.988021],[-105.086886,39.987815],[-105.086497,39.987535],[-105.086365,39.987511],[-105.085986,39.987522],[-105.085946,39.987668],[-105.085831,39.98788],[-105.085824,39.988219],[-105.085772,39.988373],[-105.08615,39.988668],[-105.086721,39.98931],[-105.086834,39.989341],[-105.08733,39.989353],[-105.087863,39.989416],[-105.087983,39.989364],[-105.08814,39.989198],[-105.08853,39.988525],[-105.088471,39.988422],[-105.088163,39.988181],[-105.088001,39.987896]]],[[[-105.088475,39.981931],[-105.088047,39.982108],[-105.087974,39.982251],[-105.087876,39.982321],[-105.087869,39.982826],[-105.087781,39.982898],[-105.087467,39.982938],[-105.086452,39.982932],[-105.086372,39.982976],[-105.086372,39.983395],[-105.08643,39.983505],[-105.086525,39.983536],[-105.087241,39.983527],[-105.0874,39.983612],[-105.087464,39.983711],[-105.087438,39.986655],[-105.087272,39.986672],[-105.087279,39.986376],[-105.087226,39.98632],[-105.086071,39.986317],[-105.08607,39.986198],[-105.086308,39.9862],[-105.086365,39.986153],[-105.08637,39.985507],[-105.086313,39.985318],[-105.086004,39.985307],[-105.085957,39.985343],[-105.08595,39.986243],[-105.085969,39.986734],[-105.086026,39.986788],[-105.088044,39.98683],[-105.088045,39.986002],[-105.088062,39.986016],[-105.088029,39.982891],[-105.088477,39.982894],[-105.088475,39.981931]]],[[[-105.088475,39.981931],[-105.089653,39.981958],[-105.089656,39.98189],[-105.09033,39.981888],[-105.090328,39.981499],[-105.090283,39.981436],[-105.090202,39.981403],[-105.089284,39.981406],[-105.089034,39.981652],[-105.088475,39.981931]]],[[[-105.086365,40.005161],[-105.086375,40.005927],[-105.087039,40.006292],[-105.087153,40.006295],[-105.087275,40.006159],[-105.087337,40.00601],[-105.087038,40.005917],[-105.086826,40.005792],[-105.086737,40.005703],[-105.086697,40.005595],[-105.0867,40.005407],[-105.086812,40.00522],[-105.087008,40.005123],[-105.087333,40.005093],[-105.087488,40.004858],[-105.087726,40.004689],[-105.087979,40.004589],[-105.08823,40.004553],[-105.088818,40.004555],[-105.089,40.00459],[-105.089133,40.004568],[-105.089226,40.0046],[-105.089287,40.004688],[-105.089254,40.004787],[-105.089129,40.004858],[-105.088981,40.005015],[-105.088769,40.005097],[-105.08837,40.005102],[-105.088216,40.005054],[-105.088114,40.004943],[-105.088092,40.004705],[-105.088028,40.004658],[-105.087813,40.004745],[-105.087613,40.00489],[-105.087501,40.005186],[-105.087488,40.006054],[-105.08744,40.006201],[-105.087314,40.006414],[-105.087349,40.006471],[-105.087719,40.006672],[-105.087784,40.006608],[-105.087796,40.005308],[-105.089062,40.00534],[-105.089898,40.004516],[-105.089561,40.004314],[-105.087701,40.004323],[-105.086365,40.005161]]],[[[-105.087494,39.982209],[-105.086407,39.982226],[-105.086369,39.982271],[-105.086375,39.982723],[-105.086466,39.982773],[-105.087615,39.982764],[-105.08766,39.982701],[-105.087658,39.982337],[-105.087494,39.982209]]],[[[-105.086469,39.985436],[-105.086473,39.98533],[-105.086445,39.985313],[-105.086424,39.985432],[-105.086469,39.985436]]],[[[-105.087225,39.985326],[-105.08663,39.985314],[-105.08656,39.985351],[-105.086523,39.985621],[-105.086523,39.986142],[-105.086545,39.986186],[-105.087214,39.986202],[-105.087267,39.986174],[-105.087275,39.985367],[-105.087225,39.985326]]],[[[-105.087271,40.005181],[-105.087082,40.005185],[-105.086945,40.005228],[-105.086832,40.005323],[-105.086791,40.005439],[-105.086798,40.005602],[-105.086854,40.0057],[-105.08711,40.005863],[-105.087239,40.005896],[-105.087327,40.005847],[-105.087334,40.005227],[-105.087271,40.005181]]],[[[-105.08734,40.00626],[-105.0872,40.006393],[-105.087245,40.006388],[-105.08734,40.00626]]],[[[-105.087766,39.982058],[-105.087696,39.982075],[-105.087656,39.982123],[-105.087668,39.982182],[-105.087727,39.982219],[-105.087812,39.982213],[-105.087865,39.982157],[-105.087843,39.982089],[-105.087766,39.982058]]],[[[-105.088839,40.004631],[-105.088228,40.004639],[-105.088193,40.004688],[-105.088203,40.004929],[-105.088262,40.004993],[-105.088363,40.005025],[-105.088381,40.004978],[-105.08873,40.00498],[-105.088733,40.005021],[-105.088864,40.004987],[-105.088965,40.004922],[-105.08901,40.004847],[-105.088914,40.004663],[-105.088839,40.004631]]],[[[-105.089045,40.004749],[-105.089159,40.004764],[-105.0892,40.004681],[-105.089148,40.004638],[-105.089065,40.004644],[-105.089023,40.004696],[-105.089045,40.004749]]],[[[-105.089556,39.981097],[-105.089968,39.980833],[-105.090006,39.980456],[-105.089935,39.980365],[-105.089814,39.98035],[-105.089617,39.980521],[-105.089655,39.980617],[-105.089619,39.980693],[-105.089258,39.980872],[-105.08929,39.981102],[-105.089556,39.981097]]],[[[-105.089258,39.981284],[-105.090338,39.981309],[-105.09037,39.981279],[-105.090336,39.981255],[-105.089272,39.981253],[-105.089258,39.981284]]],[[[-105.093868,39.971067],[-105.093541,39.971062],[-105.093496,39.971103],[-105.093461,39.971262],[-105.093354,39.971377],[-105.09286,39.97163],[-105.092663,39.971669],[-105.092426,39.971664],[-105.092341,39.971613],[-105.092331,39.971102],[-105.092277,39.971044],[-105.091729,39.971105],[-105.091434,39.971095],[-105.091065,39.971153],[-105.090906,39.971135],[-105.090756,39.971067],[-105.090661,39.970972],[-105.090613,39.97084],[-105.090622,39.969093],[-105.09069,39.969064],[-105.090978,39.969064],[-105.091273,39.969128],[-105.091922,39.969132],[-105.092056,39.969163],[-105.092185,39.96924],[-105.092421,39.969628],[-105.09246,39.969778],[-105.09243,39.969937],[-105.092248,39.970263],[-105.092248,39.970442],[-105.092445,39.970717],[-105.092493,39.970922],[-105.092784,39.970947],[-105.092768,39.968849],[-105.090591,39.968868],[-105.090586,39.972158],[-105.090902,39.972262],[-105.093098,39.972266],[-105.093096,39.971872],[-105.093857,39.971481],[-105.093868,39.971067]]],[[[-105.091456,39.973718],[-105.091648,39.973677],[-105.092684,39.97368],[-105.093511,39.973581],[-105.093925,39.973567],[-105.093929,39.973166],[-105.093861,39.973041],[-105.093879,39.972527],[-105.091365,39.972536],[-105.091364,39.972581],[-105.090605,39.97258],[-105.090599,39.973665],[-105.091415,39.97367],[-105.091456,39.973718]]],[[[-105.09187,39.969224],[-105.09125,39.969217],[-105.090977,39.969154],[-105.090799,39.969156],[-105.090739,39.969195],[-105.090734,39.970838],[-105.090772,39.970943],[-105.090868,39.971024],[-105.091072,39.971064],[-105.091415,39.971005],[-105.091726,39.97101],[-105.092304,39.970942],[-105.09235,39.970904],[-105.09234,39.970764],[-105.09216,39.970527],[-105.092113,39.970367],[-105.092142,39.970212],[-105.092328,39.969875],[-105.092328,39.969699],[-105.092115,39.969322],[-105.09201,39.969251],[-105.09187,39.969224]]],[[[-105.091309,40.004114],[-105.093252,40.00412],[-105.093234,40.003262],[-105.091007,40.003259],[-105.091009,40.00424],[-105.091309,40.004114]]],[[[-105.093274,39.971043],[-105.092497,39.971049],[-105.092458,39.971103],[-105.092467,39.971534],[-105.092538,39.971572],[-105.092758,39.971561],[-105.09325,39.97132],[-105.093331,39.971247],[-105.093362,39.971159],[-105.093351,39.97108],[-105.093274,39.971043]]],[[[-105.094459,40.006966],[-105.094257,40.006783],[-105.09402,40.006848],[-105.093883,40.006769],[-105.093889,40.00665],[-105.09403,40.006538],[-105.093952,40.006369],[-105.093921,40.006203],[-105.093917,40.005267],[-105.093857,40.005178],[-105.093529,40.005224],[-105.09349,40.005273],[-105.093477,40.007231],[-105.093499,40.007258],[-105.093501,40.007128],[-105.094053,40.007112],[-105.094306,40.007042],[-105.094459,40.006966]]],[[[-105.095579,40.003862],[-105.093549,40.003872],[-105.093531,40.00505],[-105.093759,40.005032],[-105.094412,40.004782],[-105.094344,40.004514],[-105.094335,40.004261],[-105.094286,40.004136],[-105.094352,40.004007],[-105.094448,40.003981],[-105.094518,40.004004],[-105.09553,40.004009],[-105.095577,40.003973],[-105.095579,40.003862]]],[[[-105.094137,40.006626],[-105.094007,40.00668],[-105.094003,40.006754],[-105.094057,40.006764],[-105.094176,40.006695],[-105.094182,40.006658],[-105.094137,40.006626]]],[[[-105.094124,40.006258],[-105.094095,40.006283],[-105.094186,40.006485],[-105.0943,40.006605],[-105.094352,40.006593],[-105.094372,40.006531],[-105.094124,40.006258]]],[[[-105.096999,40.005991],[-105.096909,40.005856],[-105.096799,40.005877],[-105.09643,40.006018],[-105.095548,40.006237],[-105.095278,40.006234],[-105.095215,40.006381],[-105.095135,40.0064],[-105.095101,40.006336],[-105.095211,40.006206],[-105.095085,40.00611],[-105.09502,40.005962],[-105.094863,40.005899],[-105.0948,40.005779],[-105.094798,40.005703],[-105.094844,40.00564],[-105.094928,40.005605],[-105.09546,40.00562],[-105.095691,40.00556],[-105.095637,40.005223],[-105.095625,40.004845],[-105.095166,40.004826],[-105.094798,40.004855],[-105.094352,40.004958],[-105.094107,40.005079],[-105.09413,40.005224],[-105.094121,40.006126],[-105.09425,40.006205],[-105.09449,40.006476],[-105.094506,40.006581],[-105.09443,40.00669],[-105.094625,40.006881],[-105.095203,40.006535],[-105.095578,40.006364],[-105.096999,40.005991]]],[[[-105.094902,40.00736],[-105.09473,40.007253],[-105.094506,40.007338],[-105.094689,40.007351],[-105.094902,40.00736]]],[[[-105.094545,40.004197],[-105.094548,40.004532],[-105.094636,40.004722],[-105.095071,40.004681],[-105.095595,40.00468],[-105.095639,40.004646],[-105.095633,40.004505],[-105.095529,40.00414],[-105.09463,40.004131],[-105.094545,40.004197]]],[[[-105.095343,40.005718],[-105.09496,40.005699],[-105.094918,40.005738],[-105.094932,40.00581],[-105.094983,40.005859],[-105.09506,40.005858],[-105.095343,40.005718]]],[[[-105.097387,40.007479],[-105.098026,40.007462],[-105.098049,40.006232],[-105.097503,40.006252],[-105.097424,40.006295],[-105.09753,40.006827],[-105.097672,40.006922],[-105.097717,40.006997],[-105.097696,40.007081],[-105.097616,40.007138],[-105.097494,40.007145],[-105.097401,40.007094],[-105.097334,40.00695],[-105.097324,40.006789],[-105.097286,40.006766],[-105.096885,40.006874],[-105.096891,40.007051],[-105.096841,40.007107],[-105.096752,40.007138],[-105.096657,40.00713],[-105.096542,40.007065],[-105.096187,40.007123],[-105.095584,40.007117],[-105.095435,40.007075],[-105.095349,40.007],[-105.095359,40.006891],[-105.095464,40.006816],[-105.095599,40.006831],[-105.095775,40.006965],[-105.096261,40.006967],[-105.096476,40.006914],[-105.096844,40.006723],[-105.097267,40.006609],[-105.097284,40.006574],[-105.097217,40.006348],[-105.09711,40.006296],[-105.095699,40.006673],[-105.095387,40.006826],[-105.094971,40.007076],[-105.094936,40.00713],[-105.094961,40.007188],[-105.095155,40.007297],[-105.095628,40.007443],[-105.097387,40.007479]]],[[[-105.09668,40.005528],[-105.095349,40.00582],[-105.095095,40.005946],[-105.095112,40.006009],[-105.095235,40.006145],[-105.095451,40.006191],[-105.096394,40.005964],[-105.096872,40.0058],[-105.096741,40.005553],[-105.09668,40.005528]]],[[[-105.095529,40.006905],[-105.095463,40.006923],[-105.095465,40.006981],[-105.095646,40.007027],[-105.095529,40.006905]]],[[[-105.096668,40.004036],[-105.096619,40.003997],[-105.095776,40.003995],[-105.095773,40.004241],[-105.095848,40.004663],[-105.09634,40.004721],[-105.096493,40.004679],[-105.096587,40.004553],[-105.096619,40.004111],[-105.096668,40.004036]]],[[[-105.096785,40.004592],[-105.096653,40.004766],[-105.096456,40.004862],[-105.095844,40.004848],[-105.095836,40.005253],[-105.095894,40.005497],[-105.095941,40.005514],[-105.09679,40.005347],[-105.096785,40.004592]]],[[[-105.096732,40.006955],[-105.096678,40.006972],[-105.096664,40.007009],[-105.096739,40.007057],[-105.096787,40.007002],[-105.096732,40.006955]]],[[[-105.096755,40.004214],[-105.096839,40.00415],[-105.096809,40.004079],[-105.096732,40.004113],[-105.096731,40.004204],[-105.096755,40.004214]]],[[[-105.099123,40.005316],[-105.097775,40.005327],[-105.09697,40.005468],[-105.09694,40.005511],[-105.097073,40.005757],[-105.097421,40.00571],[-105.097842,40.005744],[-105.098604,40.005738],[-105.098854,40.005615],[-105.099174,40.005607],[-105.099173,40.005354],[-105.099123,40.005316]]],[[[-105.09901,40.005925],[-105.099176,40.005925],[-105.099175,40.005667],[-105.09901,40.005669],[-105.09901,40.005925]]],[[[-105.09901,40.005925],[-105.098946,40.005924],[-105.098945,40.00567],[-105.098837,40.005685],[-105.098724,40.005764],[-105.098605,40.005799],[-105.097834,40.005806],[-105.097427,40.005771],[-105.097109,40.005813],[-105.097203,40.005957],[-105.09759,40.005925],[-105.09901,40.005925]]],[[[-105.097582,40.006986],[-105.09746,40.006965],[-105.097495,40.007058],[-105.097573,40.007072],[-105.097582,40.006986]]],[[[-105.099116,40.004535],[-105.097919,40.004535],[-105.097742,40.00457],[-105.09764,40.00465],[-105.09758,40.004766],[-105.097606,40.005154],[-105.097656,40.005185],[-105.099139,40.005159],[-105.09917,40.005119],[-105.099165,40.004577],[-105.099116,40.004535]]],[[[-105.098038,40.001051],[-105.098561,40.001054],[-105.098557,40.000716],[-105.098039,40.000712],[-105.098038,40.001051]]],[[[-105.100652,39.990528],[-105.100661,39.990504],[-105.100444,39.990409],[-105.100261,39.990283],[-105.100042,39.990018],[-105.09995,39.989696],[-105.100018,39.98937],[-105.099684,39.989277],[-105.099567,39.989179],[-105.099546,39.989107],[-105.099563,39.988549],[-105.100078,39.987762],[-105.100232,39.98765],[-105.100415,39.987608],[-105.100721,39.987618],[-105.101197,39.987811],[-105.101319,39.987564],[-105.101342,39.98717],[-105.09881,39.98716],[-105.098789,39.988254],[-105.098838,39.989147],[-105.098938,39.989523],[-105.09909,39.98986],[-105.09927,39.990141],[-105.099585,39.99052],[-105.100652,39.990528]]],[[[-105.100387,40.004535],[-105.099384,40.004549],[-105.099376,40.005546],[-105.100304,40.005561],[-105.100377,40.005533],[-105.100387,40.004535]]],[[[-105.10032,40.005646],[-105.099377,40.005645],[-105.099382,40.006027],[-105.099465,40.006083],[-105.100518,40.006078],[-105.10073,40.00605],[-105.100852,40.005996],[-105.101026,40.005838],[-105.101077,40.00572],[-105.101089,40.004877],[-105.101144,40.004651],[-105.101105,40.00458],[-105.100891,40.004534],[-105.100517,40.004534],[-105.100505,40.005512],[-105.100446,40.005602],[-105.10032,40.005646]]],[[[-105.099642,39.988595],[-105.099647,39.989151],[-105.099741,39.989228],[-105.100051,39.989307],[-105.101154,39.987866],[-105.100706,39.987683],[-105.100413,39.987674],[-105.100258,39.987717],[-105.100149,39.987801],[-105.099679,39.988481],[-105.099642,39.988595]]],[[[-105.101148,40.005956],[-105.101077,40.005962],[-105.101039,40.006007],[-105.101039,40.006065],[-105.101089,40.006116],[-105.101148,40.006115],[-105.101148,40.005956]]],[[[-105.107264,39.983378],[-105.102676,39.983354],[-105.102885,39.984203],[-105.103139,39.984184],[-105.103188,39.984154],[-105.103194,39.983761],[-105.103847,39.983766],[-105.104233,39.983845],[-105.104235,39.984204],[-105.104206,39.984297],[-105.104228,39.984343],[-105.10498,39.984493],[-105.105045,39.984461],[-105.105101,39.984293],[-105.105104,39.983726],[-105.107133,39.983739],[-105.107177,39.983719],[-105.107264,39.983378]]],[[[-105.10289,39.985464],[-105.103777,39.985457],[-105.103961,39.985376],[-105.104017,39.985239],[-105.103911,39.984693],[-105.103943,39.984494],[-105.103924,39.984448],[-105.10337,39.98433],[-105.102894,39.98434],[-105.10289,39.985464]]],[[[-105.102889,39.985903],[-105.10454,39.9859],[-105.104965,39.98463],[-105.104214,39.984491],[-105.104158,39.984504],[-105.104104,39.984679],[-105.104208,39.985283],[-105.104127,39.985454],[-105.103985,39.985557],[-105.103815,39.985604],[-105.102889,39.985609],[-105.102889,39.985903]]],[[[-105.103428,39.984197],[-105.103994,39.98429],[-105.104058,39.984188],[-105.104055,39.983966],[-105.103826,39.983903],[-105.103396,39.983905],[-105.103374,39.983931],[-105.10338,39.984159],[-105.103428,39.984197]]],[[[-105.107054,39.983872],[-105.106353,39.983885],[-105.106334,39.984293],[-105.10641,39.984388],[-105.106421,39.984453],[-105.10636,39.984538],[-105.106232,39.984573],[-105.106115,39.984533],[-105.106064,39.984447],[-105.106153,39.984286],[-105.106137,39.983878],[-105.10533,39.983865],[-105.105286,39.983908],[-105.105285,39.984307],[-105.105223,39.98451],[-105.105256,39.984546],[-105.105519,39.984598],[-105.105888,39.98464],[-105.107026,39.98457],[-105.107054,39.984232],[-105.107127,39.983921],[-105.107054,39.983872]]],[[[-105.107713,40.009338],[-105.108062,40.009222],[-105.107879,40.008527],[-105.107866,40.007862],[-105.107561,40.007811],[-105.107584,40.00893],[-105.107713,40.009338]]],[[[-105.108305,40.003214],[-105.107804,40.003359],[-105.107816,40.003495],[-105.108403,40.003468],[-105.108393,40.00338],[-105.108305,40.003214]]],[[[-105.108703,39.987172],[-105.10793,39.987171],[-105.107952,39.987752],[-105.108694,39.987741],[-105.108703,39.987172]]],[[[-105.109774,40.007891],[-105.109727,40.007856],[-105.108041,40.007856],[-105.108041,40.008083],[-105.109755,40.008084],[-105.109774,40.007891]]],[[[-105.109853,40.002081],[-105.108247,40.002523],[-105.108247,40.002651],[-105.108337,40.002828],[-105.109856,40.002431],[-105.109853,40.002081]]],[[[-105.109724,40.011275],[-105.109221,40.011318],[-105.108838,40.011387],[-105.108902,40.01167],[-105.108878,40.011912],[-105.108775,40.012142],[-105.108458,40.012631],[-105.109044,40.012977],[-105.109277,40.012598],[-105.1095,40.012041],[-105.10967,40.011762],[-105.10973,40.011521],[-105.109724,40.011275]]],[[[-105.109724,40.011275],[-105.110239,40.011322],[-105.110898,40.011484],[-105.111223,40.011063],[-105.110484,40.010847],[-105.109699,40.010783],[-105.109724,40.011275]]],[[[-105.109219,40.002949],[-105.108495,40.003159],[-105.1086,40.00342],[-105.10932,40.003183],[-105.109219,40.002949]]],[[[-105.109936,40.007797],[-105.109936,40.007592],[-105.108662,40.007597],[-105.10866,40.007796],[-105.109936,40.007797]]],[[[-105.109862,40.002763],[-105.109396,40.002898],[-105.109502,40.003124],[-105.109514,40.003774],[-105.10987,40.003774],[-105.109862,40.002763]]],[[[-105.110554,40.012857],[-105.11035,40.013062],[-105.110532,40.01319],[-105.111136,40.013391],[-105.111341,40.01323],[-105.110841,40.013059],[-105.110868,40.013011],[-105.110608,40.012925],[-105.110632,40.012901],[-105.110554,40.012857]]],[[[-105.11076,40.012525],[-105.1111,40.01264],[-105.111683,40.01274],[-105.111809,40.012469],[-105.111254,40.012374],[-105.110918,40.012269],[-105.11076,40.012525]]],[[[-105.113913,39.979298],[-105.111957,39.979292],[-105.111755,39.979519],[-105.112932,39.980163],[-105.113158,39.980338],[-105.113342,39.980554],[-105.113904,39.980318],[-105.113913,39.979298]]],[[[-105.113947,39.983353],[-105.113909,39.98682],[-105.114652,39.986819],[-105.114653,39.986511],[-105.113962,39.986559],[-105.113949,39.986468],[-105.114654,39.986413],[-105.114631,39.986279],[-105.114475,39.98591],[-105.113972,39.985908],[-105.113974,39.985714],[-105.114429,39.985713],[-105.114428,39.985181],[-105.114025,39.985135],[-105.114023,39.985],[-105.114467,39.984907],[-105.114568,39.984758],[-105.114479,39.984659],[-105.114438,39.984546],[-105.114449,39.983966],[-105.114506,39.98386],[-105.114606,39.983774],[-105.114883,39.983699],[-105.115611,39.983876],[-105.116559,39.983888],[-105.116714,39.983942],[-105.116834,39.984042],[-105.116895,39.984189],[-105.116892,39.984526],[-105.116842,39.984651],[-105.116727,39.984758],[-105.116476,39.984834],[-105.1155,39.984842],[-105.115515,39.985534],[-105.115763,39.986284],[-105.115784,39.98644],[-105.11623,39.986436],[-105.11623,39.986537],[-105.115783,39.986542],[-105.115784,39.986813],[-105.11731,39.986798],[-105.117303,39.98515],[-105.117397,39.985148],[-105.117412,39.983315],[-105.113947,39.983353]]],[[[-105.114616,39.984037],[-105.114622,39.984539],[-105.11469,39.98464],[-105.114814,39.984698],[-105.116477,39.984697],[-105.116638,39.984638],[-105.116721,39.984522],[-105.116717,39.984171],[-105.116655,39.98408],[-105.116529,39.98402],[-105.115574,39.98401],[-105.114882,39.983836],[-105.114693,39.983899],[-105.114616,39.984037]]],[[[-105.114639,39.985035],[-105.115059,39.985124],[-105.115375,39.985124],[-105.115374,39.984841],[-105.114761,39.984835],[-105.114639,39.985035]]],[[[-105.11464,39.985135],[-105.11464,39.985711],[-105.114683,39.985874],[-105.115029,39.985771],[-105.115453,39.985769],[-105.115389,39.985538],[-105.115372,39.985222],[-105.115047,39.985222],[-105.11464,39.985135]]],[[[-105.114815,39.986175],[-105.114869,39.986443],[-105.115655,39.986439],[-105.115629,39.986266],[-105.115486,39.985867],[-105.115053,39.985868],[-105.114729,39.985973],[-105.114815,39.986175]]],[[[-105.11487,39.986816],[-105.115654,39.986811],[-105.115654,39.98654],[-105.114869,39.986543],[-105.11487,39.986816]]],[[[-105.117969,39.997674],[-105.117914,39.997701],[-105.117872,39.997808],[-105.117792,39.997842],[-105.117678,39.997832],[-105.117506,39.997734],[-105.117342,39.997734],[-105.117278,39.997781],[-105.11727,39.999244],[-105.117341,39.999292],[-105.118362,39.999331],[-105.118466,39.999398],[-105.118468,39.999496],[-105.118395,39.999557],[-105.118307,39.999573],[-105.118216,39.999548],[-105.118111,39.999461],[-105.117851,39.999421],[-105.11654,39.999434],[-105.116483,39.999491],[-105.116481,39.999991],[-105.116564,40.000057],[-105.11899,40.000089],[-105.119033,39.999033],[-105.117958,39.999022],[-105.117969,39.997674]]],[[[-105.118317,39.999395],[-105.118241,39.999436],[-105.118293,39.999504],[-105.118386,39.999461],[-105.118371,39.999415],[-105.118317,39.999395]]],[[[-105.128879,40.007228],[-105.129429,40.006561],[-105.129412,40.00648],[-105.128539,40.006063],[-105.128282,40.005995],[-105.128054,40.005993],[-105.127849,40.006037],[-105.127595,40.006154],[-105.127476,40.006262],[-105.127433,40.006362],[-105.127433,40.00648],[-105.127481,40.006584],[-105.127573,40.006673],[-105.128774,40.007252],[-105.128879,40.007228]]],[[[-105.129588,40.006362],[-105.129687,40.006227],[-105.12975,40.006051],[-105.129759,40.00541],[-105.12981,40.005257],[-105.129928,40.005137],[-105.130115,40.005056],[-105.130763,40.005041],[-105.130763,40.004531],[-105.129512,40.00461],[-105.129473,40.004672],[-105.128971,40.005085],[-105.128557,40.005384],[-105.128476,40.005503],[-105.128463,40.005682],[-105.128708,40.00595],[-105.129193,40.006214],[-105.129588,40.006362]]],[[[-105.130692,40.00686],[-105.130633,40.006963],[-105.130486,40.006984],[-105.129682,40.006609],[-105.129611,40.006603],[-105.129012,40.007296],[-105.129005,40.00734],[-105.12947,40.007613],[-105.129795,40.007954],[-105.130293,40.007789],[-105.130762,40.007754],[-105.130761,40.006864],[-105.130692,40.00686]]],[[[-105.130031,40.02069],[-105.130543,40.020639],[-105.130867,40.020641],[-105.130868,40.020306],[-105.130827,40.020274],[-105.130375,40.020275],[-105.129858,40.020385],[-105.130031,40.02069]]],[[[-105.131001,39.996073],[-105.130943,39.996208],[-105.131354,39.996807],[-105.131905,39.996575],[-105.131151,39.995475],[-105.130903,39.995575],[-105.130826,39.995463],[-105.131074,39.995364],[-105.130804,39.994955],[-105.130849,39.994848],[-105.131066,39.994745],[-105.130897,39.994545],[-105.130674,39.994662],[-105.130372,39.995888],[-105.130831,39.995901],[-105.131001,39.996073]]],[[[-105.130873,39.994519],[-105.130677,39.994651],[-105.130675,39.994659],[-105.130897,39.994543],[-105.130873,39.994519]]],[[[-105.132572,39.997726],[-105.132539,39.997655],[-105.13255,39.997557],[-105.132203,39.997009],[-105.131671,39.997206],[-105.132028,39.997784],[-105.131957,39.997809],[-105.131588,39.997214],[-105.13144,39.997181],[-105.131312,39.997074],[-105.13128,39.99696],[-105.131305,39.996868],[-105.131025,39.996462],[-105.13095,39.996432],[-105.130827,39.99647],[-105.130723,39.996705],[-105.130877,39.99696],[-105.131258,39.997063],[-105.131345,39.997193],[-105.131186,39.997563],[-105.131352,39.997815],[-105.131767,39.997914],[-105.132411,39.997664],[-105.132484,39.99772],[-105.132572,39.997726]]],[[[-105.130906,39.996291],[-105.130864,39.996385],[-105.130913,39.996346],[-105.130906,39.996291]]],[[[-105.131387,39.995196],[-105.131103,39.994798],[-105.130891,39.994905],[-105.130892,39.994963],[-105.131136,39.995321],[-105.131336,39.995259],[-105.131387,39.995196]]],[[[-105.132225,39.996392],[-105.131517,39.995378],[-105.13142,39.995362],[-105.131229,39.995455],[-105.131979,39.996547],[-105.132214,39.996448],[-105.132225,39.996392]]],[[[-105.132442,39.996746],[-105.132348,39.996588],[-105.132239,39.996561],[-105.131483,39.996851],[-105.131434,39.996909],[-105.131423,39.997009],[-105.131499,39.997109],[-105.131598,39.997124],[-105.132405,39.99682],[-105.132442,39.996746]]],[[[-105.13287,39.997436],[-105.132553,39.99693],[-105.132475,39.996909],[-105.132272,39.996984],[-105.132603,39.997488],[-105.132694,39.997501],[-105.13287,39.997436]]],[[[-105.132437,39.99654],[-105.132535,39.996711],[-105.132554,39.996717],[-105.132437,39.99654]]],[[[-105.132932,39.997536],[-105.132905,39.997492],[-105.132647,39.997583],[-105.132622,39.997661],[-105.132656,39.997716],[-105.132762,39.997602],[-105.132932,39.997536]]],[[[-105.13646,40.001249],[-105.13666,40.001089],[-105.136673,40.001031],[-105.13613,40.000589],[-105.136098,40.000516],[-105.13613,40.000435],[-105.136245,40.000383],[-105.136374,40.000415],[-105.136425,40.000487],[-105.136401,40.00059],[-105.136423,40.000641],[-105.136772,40.000914],[-105.136839,40.000928],[-105.137299,40.000592],[-105.137313,40.000311],[-105.134062,40.000319],[-105.133989,40.000371],[-105.133983,40.000739],[-105.135005,40.000735],[-105.135001,40.000647],[-105.13493,40.000555],[-105.134935,40.000484],[-105.13502,40.000412],[-105.135155,40.000412],[-105.135216,40.00045],[-105.13525,40.000522],[-105.135173,40.000647],[-105.135167,40.000734],[-105.135802,40.000744],[-105.13646,40.001249]]],[[[-105.135092,40.000479],[-105.135028,40.000514],[-105.135073,40.000572],[-105.135147,40.000536],[-105.135092,40.000479]]],[[[-105.13627,40.000463],[-105.136204,40.000498],[-105.136235,40.000554],[-105.136322,40.000526],[-105.136315,40.000483],[-105.13627,40.000463]]],[[[-105.137309,40.000763],[-105.137223,40.00083],[-105.13731,40.000779],[-105.137309,40.000763]]]]}},{"type":"Feature","properties":{"type":"residential","acres":103.60943489967607,"family1_treatment":"allowed","family2_treatment":"allowed","family3_treatment":"allowed","family4_treatment":"allowed","name":"High Density Residential"},"geometry":{"type":"MultiPolygon","coordinates":[[[[-105.071986,39.99103],[-105.072092,39.991032],[-105.072093,39.991441],[-105.072172,39.99151],[-105.073914,39.991552],[-105.074393,39.991612],[-105.074883,39.991792],[-105.07544,39.992167],[-105.075647,39.992224],[-105.075744,39.9922],[-105.07599,39.991941],[-105.075755,39.991766],[-105.076064,39.991996],[-105.074759,39.991022],[-105.071986,39.99103]]],[[[-105.072127,39.993784],[-105.072742,39.993744],[-105.075014,39.993787],[-105.075483,39.993751],[-105.075623,39.99367],[-105.075695,39.993528],[-105.075692,39.992725],[-105.07563,39.992626],[-105.075475,39.992493],[-105.075424,39.992368],[-105.074861,39.991987],[-105.074464,39.991809],[-105.073974,39.991725],[-105.072163,39.991687],[-105.072092,39.991763],[-105.07209,39.993726],[-105.072127,39.993784]]],[[[-105.079109,39.975993],[-105.084499,39.976026],[-105.084499,39.97592],[-105.082099,39.975903],[-105.081867,39.975794],[-105.081328,39.975225],[-105.081253,39.975268],[-105.081248,39.975364],[-105.081185,39.975421],[-105.081097,39.975438],[-105.080971,39.975392],[-105.080911,39.975271],[-105.083174,39.973968],[-105.082744,39.97351],[-105.082635,39.973314],[-105.082641,39.972368],[-105.081309,39.972344],[-105.080899,39.97314],[-105.080355,39.974089],[-105.079738,39.975088],[-105.079109,39.975993]]],[[[-105.079818,40.000683],[-105.079614,40.001044],[-105.081501,40.001036],[-105.0815,40.000698],[-105.081291,40.000698],[-105.08129,40.000658],[-105.081499,40.000656],[-105.081491,40.000308],[-105.07992,40.000308],[-105.079818,40.000683]]],[[[-105.08409,39.973661],[-105.083648,39.973894],[-105.08145,39.975154],[-105.081983,39.975721],[-105.082095,39.97578],[-105.084571,39.9758],[-105.084601,39.973866],[-105.084329,39.973689],[-105.08409,39.973661]]],[[[-105.084584,39.976027],[-105.088326,39.976055],[-105.088345,39.975351],[-105.088088,39.975336],[-105.087825,39.975272],[-105.086627,39.974753],[-105.08658,39.974781],[-105.086006,39.975569],[-105.085753,39.975773],[-105.08537,39.975909],[-105.084588,39.975919],[-105.084584,39.976027]]],[[[-105.085209,39.975806],[-105.085503,39.975765],[-105.085798,39.975607],[-105.085894,39.975514],[-105.086475,39.974688],[-105.084618,39.973869],[-105.084588,39.975803],[-105.085209,39.975806]],[[-105.084822,39.974608],[-105.084817,39.974616],[-105.084828,39.974602],[-105.084822,39.974608]]],[[[-105.094681,39.960009],[-105.090843,39.960047],[-105.090828,39.961624],[-105.099893,39.961604],[-105.099958,39.959064],[-105.099933,39.959065],[-105.099933,39.959013],[-105.098037,39.959532],[-105.096494,39.959476],[-105.095707,39.959843],[-105.094908,39.959819],[-105.094681,39.960009]]]]}},{"type":"Feature","properties":{"type":"residential","acres":63.215991855090444,"family1_treatment":"allowed","family2_treatment":"prohibited","family3_treatment":"prohibited","family4_treatment":"prohibited","name":"Rural Estate Residential"},"geometry":{"type":"MultiPolygon","coordinates":[[[[-105.140489,40.000808],[-105.140509,40.003772],[-105.141415,40.003777],[-105.141351,40.003655],[-105.141404,40.00356],[-105.141394,40.002406],[-105.141473,40.002189],[-105.14165,40.001979],[-105.140693,40.001214],[-105.140555,40.00102],[-105.140489,40.000808]]],[[[-105.152651,39.998939],[-105.152621,40.00013],[-105.152692,40.00013],[-105.152694,40.000053],[-105.155156,40.000044],[-105.155102,39.99981],[-105.15516,39.99934],[-105.155441,39.998848],[-105.156029,39.998101],[-105.156197,39.997802],[-105.156235,39.997388],[-105.156802,39.997438],[-105.157108,39.997424],[-105.157205,39.99677],[-105.157242,39.996178],[-105.152733,39.996186],[-105.152725,39.994389],[-105.152111,39.994366],[-105.151409,39.994247],[-105.151205,39.994353],[-105.150821,39.994469],[-105.150572,39.994608],[-105.150382,39.994821],[-105.15015,39.994924],[-105.150031,39.995144],[-105.14999,39.995377],[-105.15004,39.995663],[-105.14999,39.996505],[-105.150041,39.996543],[-105.150066,39.997185],[-105.150145,39.997955],[-105.150004,39.998297],[-105.149886,39.998242],[-105.149831,39.998257],[-105.149825,39.998366],[-105.149932,39.998376],[-105.149973,39.998408],[-105.150003,39.998731],[-105.150043,39.99886],[-105.150093,39.998942],[-105.150154,39.998953],[-105.152651,39.998939]],[[-105.15424,39.99765],[-105.15464,39.99777],[-105.15469,39.9979],[-105.15457,39.99822],[-105.15438,39.99827],[-105.1542,39.99827],[-105.1539,39.99825],[-105.15371,39.99818],[-105.15366,39.99802],[-105.15381,39.99787],[-105.15424,39.99765]]]]}},{"type":"Feature","properties":{"type":"residential","acres":17.368587443504296,"family1_treatment":"hearing","family2_treatment":"hearing","family3_treatment":"hearing","family4_treatment":"hearing","name":"Senior and Special Residential"},"geometry":{"type":"MultiPolygon","coordinates":[[[[-105.079088,40.001341],[-105.078444,40.001833],[-105.078552,40.001931],[-105.078099,40.002234],[-105.080255,40.002244],[-105.080259,40.001487],[-105.079357,40.001506],[-105.079088,40.001341]]],[[[-105.082641,39.972368],[-105.082635,39.973311],[-105.082725,39.973488],[-105.083174,39.973968],[-105.083952,39.973516],[-105.084036,39.973252],[-105.084089,39.972874],[-105.084284,39.97252],[-105.08433,39.97238],[-105.082641,39.972368]]],[[[-105.099828,39.99802],[-105.099866,39.999351],[-105.10144,39.999384],[-105.101451,39.998017],[-105.099828,39.99802]]],[[[-105.126474,40.012678],[-105.126974,40.012905],[-105.127413,40.013028],[-105.12749,40.012996],[-105.127652,40.012793],[-105.127875,40.012632],[-105.128085,40.012543],[-105.128438,40.012463],[-105.128477,40.012403],[-105.128461,40.012297],[-105.128235,40.011858],[-105.128175,40.011507],[-105.128099,40.01146],[-105.127903,40.011457],[-105.127904,40.011743],[-105.126869,40.011745],[-105.126472,40.012132],[-105.126474,40.012678]]]]}},{"type":"Feature","properties":{"type":"mixed","acres":112.26450040841976,"family1_treatment":"allowed","family2_treatment":"allowed","family3_treatment":"allowed","family4_treatment":"allowed","name":"Transitional Business"},"geometry":{"type":"MultiPolygon","coordinates":[[[[-105.085856,39.987477],[-105.085901,39.987441],[-105.08587,39.986995],[-105.08586,39.986995],[-105.085856,39.987477]]],[[[-105.085986,39.987522],[-105.086484,39.987531],[-105.086979,39.987861],[-105.087343,39.988014],[-105.087576,39.988019],[-105.088001,39.987896],[-105.087975,39.987707],[-105.088004,39.987075],[-105.087936,39.987021],[-105.086014,39.986996],[-105.08598,39.987041],[-105.085986,39.987522]]],[[[-105.087414,40.000154],[-105.087954,40.000158],[-105.087957,39.999762],[-105.087417,39.999762],[-105.087414,40.000154]]],[[[-105.08999,39.99436],[-105.089457,39.994366],[-105.089454,39.994751],[-105.089992,39.994751],[-105.08999,39.99436]]],[[[-105.093291,39.968844],[-105.093322,39.967459],[-105.090625,39.967453],[-105.090591,39.968868],[-105.093291,39.968844]]],[[[-105.091224,39.997753],[-105.091225,39.998169],[-105.09175,39.998169],[-105.091749,39.997758],[-105.091224,39.997753]]],[[[-105.093627,39.990287],[-105.095143,39.990288],[-105.095138,39.990454],[-105.095211,39.990454],[-105.09522,39.990566],[-105.095241,39.990296],[-105.095212,39.990236],[-105.095264,39.989556],[-105.094644,39.989546],[-105.094585,39.989456],[-105.094339,39.989273],[-105.09408,39.989397],[-105.093638,39.989403],[-105.093627,39.990287]]],[[[-105.098026,40.007462],[-105.102665,40.007461],[-105.102665,40.006033],[-105.101354,40.006043],[-105.10127,40.006178],[-105.101142,40.006215],[-105.09805,40.006232],[-105.098026,40.007462]]],[[[-105.098557,40.000305],[-105.098561,40.001054],[-105.099091,40.001044],[-105.099082,40.000305],[-105.098557,40.000305]]],[[[-105.100851,40.002527],[-105.100395,40.002939],[-105.100398,40.003841],[-105.101245,40.003836],[-105.101245,40.00358],[-105.101198,40.003544],[-105.100865,40.00354],[-105.100762,40.003454],[-105.10076,40.003134],[-105.100789,40.003079],[-105.100888,40.003029],[-105.101177,40.003021],[-105.101223,40.002977],[-105.101092,40.002732],[-105.100851,40.002527]]],[[[-105.100909,40.003137],[-105.100923,40.003425],[-105.101201,40.003433],[-105.101245,40.003398],[-105.101244,40.003148],[-105.1012,40.003115],[-105.100909,40.003137]]],[[[-105.101202,40.006051],[-105.10115,40.006044],[-105.101148,40.006115],[-105.101184,40.006091],[-105.101202,40.006051]]],[[[-105.106616,40.008963],[-105.106426,40.008827],[-105.106345,40.008684],[-105.106368,40.008799],[-105.10646,40.00893],[-105.106616,40.008963]]],[[[-105.106889,40.007704],[-105.106813,40.008009],[-105.106493,40.008527],[-105.106465,40.00869],[-105.106538,40.008803],[-105.107507,40.009416],[-105.107513,40.0077],[-105.106889,40.007704]]],[[[-105.109227,39.984486],[-105.107332,39.984634],[-105.107405,39.984916],[-105.107533,39.985173],[-105.108489,39.984869],[-105.108623,39.984885],[-105.108705,39.984971],[-105.107613,39.985321],[-105.107811,39.98574],[-105.107916,39.986155],[-105.1086,39.986115],[-105.108612,39.986279],[-105.107934,39.98632],[-105.10795,39.986836],[-105.109228,39.986841],[-105.109227,39.984486]]],[[[-105.108112,40.009364],[-105.107617,40.009543],[-105.107588,40.009581],[-105.107658,40.009816],[-105.107689,40.009836],[-105.107694,40.010483],[-105.107672,40.010501],[-105.107672,40.010738],[-105.107503,40.010738],[-105.107503,40.010773],[-105.107534,40.010773],[-105.107565,40.01456],[-105.110122,40.014543],[-105.110121,40.014481],[-105.108101,40.014477],[-105.108102,40.014446],[-105.10805,40.014446],[-105.108132,40.014138],[-105.108352,40.0138],[-105.108409,40.013824],[-105.108823,40.013459],[-105.109292,40.013137],[-105.108676,40.012739],[-105.108458,40.012631],[-105.108775,40.012142],[-105.108878,40.011912],[-105.108902,40.01167],[-105.108838,40.011387],[-105.109221,40.011318],[-105.109724,40.011275],[-105.109699,40.010783],[-105.109587,40.010242],[-105.109569,40.009994],[-105.10948,40.009996],[-105.109482,40.009907],[-105.108032,40.009543],[-105.108112,40.009364]]],[[[-105.110918,40.012269],[-105.110218,40.012043],[-105.110026,40.012377],[-105.109989,40.012367],[-105.10986,40.012594],[-105.110485,40.012822],[-105.11076,40.012525],[-105.110918,40.012269]]],[[[-105.11612,39.988773],[-105.116113,39.990478],[-105.116159,39.990478],[-105.116159,39.990582],[-105.118562,39.990567],[-105.118576,39.98707],[-105.117556,39.987078],[-105.11749,39.987124],[-105.117477,39.98889],[-105.117631,39.989168],[-105.117646,39.989876],[-105.117908,39.989897],[-105.118004,39.989841],[-105.118009,39.989451],[-105.117917,39.989294],[-105.117963,39.989197],[-105.118065,39.989154],[-105.118162,39.989163],[-105.118255,39.989229],[-105.118274,39.989302],[-105.11818,39.989462],[-105.118181,39.989814],[-105.118216,39.989924],[-105.118169,39.990011],[-105.118057,39.990055],[-105.117629,39.990029],[-105.11743,39.990201],[-105.117207,39.990256],[-105.116778,39.990222],[-105.116639,39.990142],[-105.116543,39.990013],[-105.116539,39.988388],[-105.116503,39.988283],[-105.116413,39.988209],[-105.116314,39.988179],[-105.11561,39.988183],[-105.115488,39.988109],[-105.115484,39.987061],[-105.114226,39.987068],[-105.114217,39.988174],[-105.114947,39.988169],[-105.11494,39.988784],[-105.11612,39.988773]]],[[[-105.116144,39.987099],[-105.116144,39.987056],[-105.115617,39.987061],[-105.115627,39.988017],[-105.115697,39.988046],[-105.116413,39.988067],[-105.116583,39.988149],[-105.116736,39.988338],[-105.117245,39.988346],[-105.1173,39.98832],[-105.117305,39.987123],[-105.117238,39.987095],[-105.116144,39.987099]]],[[[-105.117292,39.988494],[-105.116757,39.988473],[-105.116706,39.988514],[-105.116696,39.989953],[-105.116757,39.99005],[-105.11687,39.990111],[-105.11725,39.990121],[-105.11739,39.990059],[-105.117456,39.989958],[-105.117462,39.989172],[-105.117312,39.988922],[-105.117292,39.988494]]],[[[-105.128181,40.011059],[-105.125177,40.011056],[-105.125191,40.014487],[-105.127805,40.014483],[-105.127844,40.014455],[-105.127814,40.014126],[-105.127465,40.013618],[-105.127417,40.013473],[-105.127385,40.013193],[-105.126853,40.013021],[-105.126277,40.012744],[-105.126092,40.012734],[-105.126025,40.012679],[-105.126006,40.012605],[-105.126078,40.012507],[-105.126227,40.012484],[-105.12631,40.012519],[-105.126369,40.012624],[-105.126474,40.012678],[-105.126472,40.012132],[-105.126869,40.011745],[-105.127904,40.011743],[-105.127903,40.011457],[-105.127002,40.01146],[-105.126895,40.011519],[-105.126796,40.011528],[-105.126702,40.011493],[-105.126651,40.01143],[-105.126649,40.011356],[-105.126703,40.01129],[-105.126829,40.011257],[-105.127003,40.011328],[-105.128094,40.011325],[-105.128179,40.011259],[-105.128181,40.011059]]],[[[-105.128027,39.998335],[-105.129076,39.99834],[-105.129069,39.99999],[-105.129098,39.999918],[-105.129864,39.999139],[-105.129835,39.999072],[-105.129197,39.998668],[-105.129197,39.99858],[-105.129374,39.998388],[-105.129406,39.998255],[-105.129473,39.99825],[-105.129522,39.998369],[-105.129637,39.998455],[-105.129593,39.998501],[-105.129498,39.998449],[-105.12942,39.998457],[-105.12927,39.998604],[-105.129271,39.998649],[-105.129871,39.999013],[-105.130082,39.998963],[-105.130209,39.998993],[-105.13047,39.999354],[-105.130487,39.999417],[-105.130456,39.999478],[-105.129976,39.999943],[-105.129481,39.999961],[-105.129286,39.999885],[-105.129218,39.999919],[-105.129222,39.99999],[-105.130443,39.999993],[-105.130707,39.999716],[-105.130483,39.999251],[-105.130161,39.998836],[-105.128239,39.997107],[-105.128192,39.997213],[-105.128027,39.997317],[-105.128035,39.998073],[-105.128559,39.998066],[-105.128618,39.998015],[-105.128616,39.997873],[-105.128696,39.997873],[-105.128734,39.998314],[-105.128655,39.998314],[-105.128649,39.998183],[-105.128594,39.998136],[-105.128048,39.998138],[-105.128027,39.998335]]],[[[-105.130809,40.011852],[-105.129022,40.011845],[-105.128719,40.01179],[-105.128384,40.011801],[-105.1286,40.012207],[-105.128656,40.012555],[-105.12872,40.012694],[-105.128914,40.012861],[-105.129178,40.012935],[-105.129347,40.012914],[-105.129981,40.012705],[-105.130818,40.012685],[-105.130809,40.011852]]],[[[-105.129928,39.999195],[-105.129366,39.999764],[-105.129369,39.999837],[-105.129527,39.999901],[-105.129942,39.999885],[-105.130394,39.999435],[-105.130399,39.999382],[-105.130158,39.999045],[-105.130022,39.999045],[-105.129928,39.999195]]]]}},{"type":"Feature","properties":{"type":"overlay_not_affecting_use","acres":173.71904325994828,"family1_treatment":"overlay","family2_treatment":"overlay","family3_treatment":"overlay","family4_treatment":"overlay","name":"Old Town Neighborhood Overlay"},"geometry":{"type":"MultiPolygon","coordinates":[[[[-105.078792,39.996272],[-105.078508,39.994461],[-105.078368,39.993991],[-105.078283,39.99399],[-105.078423,39.994464],[-105.078692,39.996319],[-105.078897,39.996953],[-105.07988,39.999247],[-105.080073,39.99925],[-105.080048,39.99916],[-105.082137,39.999164],[-105.082138,39.999277],[-105.082304,39.99932],[-105.082706,39.999321],[-105.082699,39.99878],[-105.079882,39.998777],[-105.079695,39.998348],[-105.079608,39.998368],[-105.078963,39.996827],[-105.078792,39.996272]]],[[[-105.07916,39.994091],[-105.078592,39.994081],[-105.078704,39.994408],[-105.07939,39.994413],[-105.07916,39.994091]]],[[[-105.078726,39.994462],[-105.078833,39.9952],[-105.079183,39.9952],[-105.079189,39.994467],[-105.078726,39.994462]]],[[[-105.082689,39.995364],[-105.081173,39.995372],[-105.078858,39.995364],[-105.078919,39.995749],[-105.080966,39.995753],[-105.082696,39.995748],[-105.082689,39.995364]]],[[[-105.082671,39.99584],[-105.081658,39.995843],[-105.078934,39.995841],[-105.078995,39.99623],[-105.079165,39.996779],[-105.079344,39.997195],[-105.08273,39.997185],[-105.082719,39.995873],[-105.082671,39.99584]]],[[[-105.079262,39.994468],[-105.079256,39.995201],[-105.079939,39.995203],[-105.079429,39.99447],[-105.079262,39.994468]]],[[[-105.079379,39.994096],[-105.079957,39.994922],[-105.080385,39.994927],[-105.079804,39.994103],[-105.079379,39.994096]]],[[[-105.08268,39.997353],[-105.080916,39.997359],[-105.079413,39.997361],[-105.079572,39.997744],[-105.082685,39.997735],[-105.08268,39.997353]]],[[[-105.082685,39.997768],[-105.080819,39.997796],[-105.079596,39.997801],[-105.079753,39.99818],[-105.082691,39.998171],[-105.082685,39.997768]]],[[[-105.079933,39.998728],[-105.082698,39.998723],[-105.082693,39.99834],[-105.079811,39.998345],[-105.079933,39.998728]]],[[[-105.079884,39.994104],[-105.080652,39.995205],[-105.081078,39.995207],[-105.080331,39.994121],[-105.079884,39.994104]]],[[[-105.080386,39.994928],[-105.079959,39.994923],[-105.080147,39.995203],[-105.080574,39.995204],[-105.080386,39.994928]]],[[[-105.080308,40.00014],[-105.082717,40.000146],[-105.082712,39.999765],[-105.08031,39.999733],[-105.080308,40.00014]]],[[[-105.080416,39.999315],[-105.080414,39.999678],[-105.082711,39.999706],[-105.082706,39.999376],[-105.082141,39.999378],[-105.08214,39.999326],[-105.080416,39.999315]]],[[[-105.081711,39.995203],[-105.081009,39.994149],[-105.080519,39.994126],[-105.081278,39.995208],[-105.081711,39.995203]]],[[[-105.082218,39.995203],[-105.081573,39.994204],[-105.081105,39.994169],[-105.081789,39.995203],[-105.082218,39.995203]]],[[[-105.081499,40.000656],[-105.082564,40.000657],[-105.082565,40.000309],[-105.081491,40.000308],[-105.081499,40.000656]]],[[[-105.081501,40.001036],[-105.082564,40.001038],[-105.082564,40.0007],[-105.0815,40.000698],[-105.081501,40.001036]]],[[[-105.082819,39.9952],[-105.082146,39.994248],[-105.081784,39.994225],[-105.082444,39.995202],[-105.082819,39.9952]]],[[[-105.084146,39.99436],[-105.082481,39.994268],[-105.082236,39.994252],[-105.082629,39.994779],[-105.084132,39.994767],[-105.084146,39.99436]]],[[[-105.083398,39.993706],[-105.083134,39.993707],[-105.08313,39.993761],[-105.082556,39.993761],[-105.08256,39.993709],[-105.08233,39.99371],[-105.082318,39.99405],[-105.083384,39.9941],[-105.083398,39.993706]]],[[[-105.084117,39.995193],[-105.08413,39.994824],[-105.082666,39.994833],[-105.082904,39.9952],[-105.084117,39.995193]]],[[[-105.082776,40.001039],[-105.083842,40.00104],[-105.083847,40.0007],[-105.082777,40.0007],[-105.082776,40.001039]]],[[[-105.083852,40.000309],[-105.082777,40.000309],[-105.082777,40.000657],[-105.083848,40.000658],[-105.083852,40.000309]]],[[[-105.083337,39.995959],[-105.083637,39.996398],[-105.0835,39.996735],[-105.083501,39.996808],[-105.082872,39.996815],[-105.082876,39.997184],[-105.084111,39.997181],[-105.084117,39.995357],[-105.082885,39.995363],[-105.082865,39.995965],[-105.083337,39.995959]]],[[[-105.083244,39.996015],[-105.082865,39.99602],[-105.082872,39.99676],[-105.083359,39.996754],[-105.083412,39.996719],[-105.083526,39.996486],[-105.083538,39.996392],[-105.083321,39.99604],[-105.083244,39.996015]]],[[[-105.084113,39.997348],[-105.082891,39.997352],[-105.082897,39.997737],[-105.084112,39.997733],[-105.084113,39.997348]]],[[[-105.082907,39.998169],[-105.08411,39.998164],[-105.084112,39.997787],[-105.082894,39.997789],[-105.082907,39.998169]]],[[[-105.084109,39.998331],[-105.082905,39.998337],[-105.082911,39.998722],[-105.084107,39.998715],[-105.084109,39.998331]]],[[[-105.084107,39.99877],[-105.082912,39.998777],[-105.082917,39.999161],[-105.084105,39.999154],[-105.084107,39.99877]]],[[[-105.084105,39.999316],[-105.082919,39.999323],[-105.082925,39.999705],[-105.084106,39.999702],[-105.084105,39.999316]]],[[[-105.084108,40.000147],[-105.084106,39.999758],[-105.082926,39.999761],[-105.082928,40.000145],[-105.084108,40.000147]]],[[[-105.089237,39.994163],[-105.089233,39.993771],[-105.083411,39.993761],[-105.083405,39.994166],[-105.086623,39.994332],[-105.087373,39.994337],[-105.087372,39.994365],[-105.087417,39.994364],[-105.088099,39.994293],[-105.08822,39.994246],[-105.088219,39.994305],[-105.089162,39.994195],[-105.089237,39.994163]]],[[[-105.085429,40.00227],[-105.084042,40.00227],[-105.08404,40.002655],[-105.085426,40.002654],[-105.085429,40.00227]]],[[[-105.084044,40.002104],[-105.08543,40.002105],[-105.085429,40.001725],[-105.084047,40.001724],[-105.084044,40.002104]]],[[[-105.08405,40.00129],[-105.084047,40.00167],[-105.085428,40.001671],[-105.085423,40.001291],[-105.08405,40.00129]]],[[[-105.084051,40.001125],[-105.08542,40.001128],[-105.085414,40.000749],[-105.084054,40.000745],[-105.084051,40.001125]]],[[[-105.085407,40.000313],[-105.084057,40.000309],[-105.084055,40.000691],[-105.085413,40.000693],[-105.085407,40.000313]]],[[[-105.085378,39.999759],[-105.084298,39.999757],[-105.084298,40.000148],[-105.085382,40.000149],[-105.085378,39.999759]]],[[[-105.085378,39.999703],[-105.085377,39.999322],[-105.084318,39.999317],[-105.08432,39.999702],[-105.085378,39.999703]]],[[[-105.085376,39.998775],[-105.08432,39.99877],[-105.084318,39.999154],[-105.085376,39.999159],[-105.085376,39.998775]]],[[[-105.085377,39.998335],[-105.084321,39.998331],[-105.08432,39.998715],[-105.085376,39.99872],[-105.085377,39.998335]]],[[[-105.08538,39.997788],[-105.084323,39.997787],[-105.084322,39.998164],[-105.085378,39.998167],[-105.08538,39.997788]]],[[[-105.085381,39.997733],[-105.085382,39.997346],[-105.084325,39.997348],[-105.084324,39.997732],[-105.085381,39.997733]]],[[[-105.085379,39.996793],[-105.084327,39.996794],[-105.084326,39.99718],[-105.085382,39.997178],[-105.085379,39.996793]]],[[[-105.085378,39.996352],[-105.084328,39.996352],[-105.084327,39.996741],[-105.085379,39.99674],[-105.085378,39.996352]]],[[[-105.085376,39.995802],[-105.084512,39.995802],[-105.084329,39.995874],[-105.084328,39.996188],[-105.085378,39.996188],[-105.085376,39.995802]]],[[[-105.085373,39.995358],[-105.08433,39.995357],[-105.084329,39.995803],[-105.08487,39.995587],[-105.08487,39.995742],[-105.085376,39.995742],[-105.085373,39.995358]]],[[[-105.08542,39.994415],[-105.08436,39.994372],[-105.084347,39.994767],[-105.084879,39.994767],[-105.084878,39.9948],[-105.084877,39.994822],[-105.084345,39.994825],[-105.084332,39.995193],[-105.085408,39.995192],[-105.085409,39.994851],[-105.085058,39.994838],[-105.085059,39.994807],[-105.085409,39.994821],[-105.08542,39.994415]]],[[[-105.088008,40.002275],[-105.085544,40.002268],[-105.085542,40.002651],[-105.088011,40.00266],[-105.088008,40.002275]]],[[[-105.087421,39.994499],[-105.08742,39.994476],[-105.087191,39.994458],[-105.086198,39.994463],[-105.085599,39.994429],[-105.08559,39.995192],[-105.086808,39.995192],[-105.086804,39.994814],[-105.087177,39.994668],[-105.087172,39.994754],[-105.087945,39.994755],[-105.08795,39.994478],[-105.087421,39.994499]]],[[[-105.086664,39.995356],[-105.085591,39.995356],[-105.085594,39.995742],[-105.086669,39.995743],[-105.086664,39.995356]]],[[[-105.086669,39.995802],[-105.085595,39.995802],[-105.085596,39.996188],[-105.086671,39.996187],[-105.086669,39.995802]]],[[[-105.086669,39.998773],[-105.085595,39.998775],[-105.085596,39.99916],[-105.086667,39.99916],[-105.086669,39.998773]]],[[[-105.086666,39.999324],[-105.085596,39.999323],[-105.085597,39.999704],[-105.086664,39.999707],[-105.086666,39.999324]]],[[[-105.086671,39.996352],[-105.085597,39.996352],[-105.085599,39.99674],[-105.086672,39.996739],[-105.086671,39.996352]]],[[[-105.086664,39.999763],[-105.085597,39.99976],[-105.085601,40.000149],[-105.086663,40.000151],[-105.086664,39.999763]]],[[[-105.086673,39.996792],[-105.085599,39.996793],[-105.085602,39.997178],[-105.086677,39.997176],[-105.086673,39.996792]]],[[[-105.086675,39.99773],[-105.086677,39.997344],[-105.085602,39.997346],[-105.0856,39.997732],[-105.086675,39.99773]]],[[[-105.08669,40.000317],[-105.085625,40.000314],[-105.08563,40.000694],[-105.086696,40.000697],[-105.08669,40.000317]]],[[[-105.086697,40.000754],[-105.08563,40.00075],[-105.085636,40.001129],[-105.086703,40.001133],[-105.086697,40.000754]]],[[[-105.086705,40.001295],[-105.085638,40.001292],[-105.085643,40.001672],[-105.086712,40.001677],[-105.086705,40.001295]]],[[[-105.086712,40.001731],[-105.085644,40.001726],[-105.08565,40.002105],[-105.086718,40.00211],[-105.086712,40.001731]]],[[[-105.087417,39.999762],[-105.086878,39.999763],[-105.086875,40.000151],[-105.087414,40.000154],[-105.087417,39.999762]]],[[[-105.087059,39.995192],[-105.087945,39.995192],[-105.087945,39.994811],[-105.08706,39.994808],[-105.087059,39.995192]]],[[[-105.08706,39.994808],[-105.086878,39.994869],[-105.086878,39.995192],[-105.087059,39.995192],[-105.08706,39.994808]]],[[[-105.087959,39.999323],[-105.08688,39.999324],[-105.086878,39.999707],[-105.087957,39.999706],[-105.087959,39.999323]]],[[[-105.087946,39.995356],[-105.086879,39.995356],[-105.086884,39.995743],[-105.087952,39.995744],[-105.087946,39.995356]]],[[[-105.087961,39.99877],[-105.086883,39.998772],[-105.086881,39.99916],[-105.08796,39.999158],[-105.087961,39.99877]]],[[[-105.087953,39.995801],[-105.086884,39.995802],[-105.086885,39.996187],[-105.087956,39.996187],[-105.087953,39.995801]]],[[[-105.087957,39.996352],[-105.086886,39.996352],[-105.086887,39.996739],[-105.087961,39.996736],[-105.087957,39.996352]]],[[[-105.087966,39.997174],[-105.087962,39.99679],[-105.086887,39.996792],[-105.086891,39.997176],[-105.087966,39.997174]]],[[[-105.087966,39.997342],[-105.086891,39.997344],[-105.086889,39.99773],[-105.087965,39.997728],[-105.087966,39.997342]]],[[[-105.088,40.001298],[-105.086922,40.001296],[-105.086928,40.001677],[-105.088002,40.001679],[-105.088,40.001298]]],[[[-105.088003,40.001733],[-105.086929,40.001732],[-105.086934,40.002111],[-105.088006,40.002112],[-105.088003,40.001733]]],[[[-105.089235,39.994752],[-105.089239,39.994367],[-105.088721,39.994372],[-105.08816,39.994596],[-105.08816,39.994755],[-105.089235,39.994752]]],[[[-105.089235,39.994807],[-105.08816,39.994809],[-105.08816,39.995192],[-105.089232,39.995192],[-105.089235,39.994807]]],[[[-105.089233,39.995355],[-105.088161,39.995356],[-105.088167,39.995744],[-105.089239,39.995745],[-105.089233,39.995355]]],[[[-105.089245,39.996186],[-105.08924,39.995801],[-105.088168,39.995801],[-105.088172,39.996187],[-105.089245,39.996186]]],[[[-105.089245,39.999771],[-105.088172,39.999763],[-105.088168,40.00016],[-105.089242,40.000167],[-105.089245,39.999771]]],[[[-105.088172,39.999706],[-105.089246,39.999714],[-105.089249,39.999325],[-105.088174,39.999323],[-105.088172,39.999706]]],[[[-105.089247,39.996352],[-105.088173,39.996352],[-105.088177,39.996735],[-105.089253,39.996733],[-105.089247,39.996352]]],[[[-105.089254,39.998716],[-105.088891,39.998714],[-105.088891,39.998769],[-105.088176,39.998769],[-105.088175,39.999158],[-105.08925,39.999158],[-105.089254,39.998716]]],[[[-105.089254,39.996787],[-105.088178,39.996789],[-105.088181,39.997174],[-105.089257,39.997173],[-105.089254,39.996787]]],[[[-105.089257,39.997339],[-105.088182,39.997341],[-105.088181,39.997728],[-105.089256,39.997726],[-105.089257,39.997339]]],[[[-105.089991,39.994806],[-105.089454,39.994806],[-105.08945,39.995192],[-105.089994,39.99519],[-105.089991,39.994806]]],[[[-105.089994,39.995354],[-105.08945,39.995355],[-105.089456,39.995744],[-105.089998,39.99574],[-105.089994,39.995354]]],[[[-105.089999,39.995796],[-105.089457,39.9958],[-105.089462,39.996186],[-105.090001,39.996184],[-105.089999,39.995796]]],[[[-105.090003,39.99635],[-105.089464,39.996351],[-105.089469,39.996732],[-105.090008,39.996727],[-105.090003,39.99635]]],[[[-105.090004,39.997332],[-105.089472,39.997338],[-105.08947,39.997725],[-105.090003,39.997719],[-105.090004,39.997332]]],[[[-105.090009,39.996782],[-105.08947,39.996786],[-105.089473,39.997172],[-105.090006,39.997166],[-105.090009,39.996782]]],[[[-105.090909,39.997174],[-105.091648,39.997173],[-105.091645,39.996786],[-105.090913,39.996787],[-105.090909,39.997174]]],[[[-105.090914,39.99618],[-105.091641,39.996176],[-105.091637,39.995795],[-105.090911,39.995796],[-105.090914,39.99618]]],[[[-105.090914,39.996731],[-105.091645,39.996731],[-105.091642,39.996341],[-105.090915,39.996345],[-105.090914,39.996731]]],[[[-105.091097,39.995194],[-105.091628,39.995196],[-105.091622,39.994811],[-105.091092,39.994811],[-105.091097,39.995194]]],[[[-105.091104,39.995742],[-105.091635,39.995743],[-105.091631,39.995359],[-105.091099,39.995358],[-105.091104,39.995742]]],[[[-105.091169,39.990632],[-105.091174,39.992235],[-105.091559,39.992229],[-105.09153,39.990637],[-105.091169,39.990632]]],[[[-105.091229,39.994204],[-105.091585,39.994202],[-105.091584,39.993292],[-105.09121,39.993294],[-105.091229,39.994204]]],[[[-105.092226,39.999306],[-105.091223,39.999311],[-105.091224,39.999588],[-105.092226,39.999583],[-105.092226,39.999306]]],[[[-105.091749,39.997758],[-105.091748,39.997346],[-105.091223,39.997347],[-105.091224,39.997753],[-105.091749,39.997758]]],[[[-105.091733,39.999144],[-105.09175,39.998336],[-105.091226,39.998337],[-105.091223,39.999145],[-105.091733,39.999144]]],[[[-105.092536,39.992221],[-105.092529,39.990726],[-105.091748,39.990733],[-105.091768,39.992225],[-105.092536,39.992221]]],[[[-105.092298,39.994198],[-105.092306,39.992386],[-105.09181,39.992388],[-105.091795,39.994201],[-105.092298,39.994198]]],[[[-105.093009,39.994361],[-105.091835,39.994365],[-105.09184,39.994752],[-105.093011,39.994747],[-105.093009,39.994361]]],[[[-105.093011,39.994802],[-105.091841,39.994807],[-105.091847,39.995195],[-105.093014,39.995189],[-105.093011,39.994802]]],[[[-105.093016,39.995354],[-105.091848,39.995361],[-105.091852,39.995742],[-105.09302,39.995736],[-105.093016,39.995354]]],[[[-105.09302,39.995788],[-105.091853,39.995796],[-105.091857,39.996175],[-105.093022,39.996177],[-105.09302,39.995788]]],[[[-105.093023,39.996342],[-105.091858,39.99634],[-105.09186,39.996731],[-105.093025,39.996731],[-105.093023,39.996342]]],[[[-105.093025,39.996786],[-105.091861,39.996786],[-105.091863,39.997173],[-105.093028,39.997173],[-105.093025,39.996786]]],[[[-105.093035,39.998759],[-105.091958,39.998764],[-105.09195,39.999142],[-105.093035,39.999135],[-105.093035,39.998759]]],[[[-105.093036,39.99833],[-105.091968,39.998334],[-105.091959,39.998708],[-105.093036,39.998703],[-105.093036,39.99833]]],[[[-105.093033,39.997725],[-105.093029,39.997348],[-105.091966,39.997347],[-105.091967,39.997727],[-105.093033,39.997725]]],[[[-105.092146,39.998169],[-105.093037,39.998165],[-105.093033,39.997781],[-105.092144,39.997783],[-105.092146,39.998169]]],[[[-105.092146,39.998169],[-105.092144,39.997783],[-105.091967,39.997783],[-105.091968,39.998169],[-105.092146,39.998169]]],[[[-105.092868,39.992655],[-105.09287,39.992382],[-105.092375,39.992384],[-105.092375,39.992662],[-105.092574,39.992659],[-105.092868,39.992655]]],[[[-105.092868,39.992655],[-105.092375,39.992662],[-105.092376,39.993208],[-105.092865,39.993208],[-105.092868,39.992655]]],[[[-105.092865,39.993292],[-105.092406,39.993296],[-105.092408,39.994198],[-105.0929,39.994195],[-105.0929,39.993372],[-105.092865,39.993372],[-105.092865,39.993292]]],[[[-105.095634,39.999307],[-105.092425,39.999304],[-105.092431,39.999575],[-105.094714,39.999669],[-105.095641,39.999664],[-105.095634,39.999307]]],[[[-105.092748,39.992219],[-105.093132,39.992217],[-105.093132,39.990721],[-105.092745,39.990725],[-105.092748,39.992219]]],[[[-105.09357,39.994192],[-105.093568,39.993368],[-105.093074,39.993371],[-105.093075,39.994194],[-105.09357,39.994192]]],[[[-105.093569,39.99238],[-105.093079,39.992362],[-105.093079,39.993206],[-105.093571,39.993202],[-105.093569,39.99238]]],[[[-105.093223,39.994747],[-105.094289,39.994745],[-105.094286,39.994359],[-105.09322,39.99436],[-105.093223,39.994747]]],[[[-105.094294,39.995183],[-105.09429,39.9948],[-105.093224,39.994803],[-105.093227,39.995189],[-105.094294,39.995183]]],[[[-105.094295,39.995347],[-105.093229,39.995351],[-105.093233,39.995734],[-105.094297,39.995735],[-105.094295,39.995347]]],[[[-105.094298,39.995789],[-105.093233,39.995789],[-105.093236,39.996177],[-105.094301,39.996177],[-105.094298,39.995789]]],[[[-105.094302,39.996342],[-105.093237,39.996343],[-105.09324,39.996732],[-105.094305,39.99673],[-105.094302,39.996342]]],[[[-105.094305,39.996784],[-105.09324,39.996787],[-105.093243,39.997156],[-105.094308,39.997153],[-105.094305,39.996784]]],[[[-105.09431,39.997345],[-105.093241,39.997348],[-105.093245,39.997724],[-105.094314,39.99772],[-105.09431,39.997345]]],[[[-105.094314,39.997775],[-105.093245,39.99778],[-105.093249,39.998165],[-105.094315,39.99815],[-105.094314,39.997775]]],[[[-105.094328,39.998752],[-105.093249,39.998757],[-105.093248,39.999133],[-105.09434,39.999138],[-105.094328,39.998752]]],[[[-105.094315,39.998312],[-105.093249,39.998328],[-105.093249,39.998701],[-105.094326,39.998695],[-105.094315,39.998312]]],[[[-105.094137,39.9932],[-105.094135,39.992379],[-105.093643,39.992379],[-105.093645,39.993202],[-105.094137,39.9932]]],[[[-105.093643,39.993368],[-105.093644,39.993642],[-105.094136,39.993657],[-105.094134,39.993366],[-105.093643,39.993368]]],[[[-105.095019,39.993505],[-105.094723,39.993505],[-105.094421,39.993504],[-105.094422,39.99419],[-105.095016,39.994186],[-105.095019,39.993505]]],[[[-105.095019,39.993505],[-105.095036,39.992376],[-105.09435,39.992375],[-105.094355,39.993289],[-105.094421,39.993288],[-105.094421,39.993504],[-105.095019,39.993505]]],[[[-105.095564,39.994358],[-105.094499,39.994359],[-105.094503,39.994744],[-105.095564,39.994746],[-105.095564,39.994358]]],[[[-105.095563,39.994804],[-105.094503,39.994798],[-105.094506,39.995183],[-105.095562,39.995187],[-105.095563,39.994804]]],[[[-105.095561,39.995349],[-105.094507,39.995345],[-105.094511,39.995734],[-105.095559,39.995732],[-105.095561,39.995349]]],[[[-105.094511,39.995788],[-105.094514,39.996176],[-105.095565,39.996172],[-105.095559,39.995784],[-105.094511,39.995788]]],[[[-105.095577,39.996725],[-105.095568,39.996337],[-105.094516,39.996341],[-105.094519,39.996729],[-105.095577,39.996725]]],[[[-105.095585,39.99715],[-105.095578,39.996778],[-105.094519,39.996784],[-105.094522,39.997153],[-105.095585,39.99715]]],[[[-105.094528,39.997719],[-105.095599,39.997713],[-105.095587,39.99734],[-105.094523,39.997344],[-105.094528,39.997719]]],[[[-105.0956,39.997767],[-105.094527,39.997772],[-105.094528,39.998146],[-105.09561,39.99815],[-105.0956,39.997767]]],[[[-105.095614,39.998317],[-105.094533,39.998313],[-105.094545,39.998696],[-105.095623,39.998701],[-105.095614,39.998317]]],[[[-105.095624,39.998757],[-105.094547,39.998753],[-105.094558,39.999139],[-105.095634,39.999142],[-105.095624,39.998757]]]]}},{"type":"Feature","properties":{"type":"mixed","acres":1996.5565019243602,"family1_treatment":"overlay","family2_treatment":"overlay","family3_treatment":"overlay","family4_treatment":"overlay","name":"Planned Unit Development"},"geometry":{"type":"MultiPolygon","coordinates":[[[[-105.062359,39.982986],[-105.066064,39.983045],[-105.066252,39.981609],[-105.066901,39.9815],[-105.066186,39.980667],[-105.067017,39.980199],[-105.069105,39.980262],[-105.070461,39.98034],[-105.070454,39.980263],[-105.070394,39.980223],[-105.069764,39.980207],[-105.069354,39.980116],[-105.068313,39.979548],[-105.068227,39.979546],[-105.067777,39.979927],[-105.06754,39.980058],[-105.067238,39.980132],[-105.066539,39.980166],[-105.06635,39.980231],[-105.066189,39.980338],[-105.066076,39.98048],[-105.066024,39.980637],[-105.066099,39.981259],[-105.066031,39.981583],[-105.065844,39.981841],[-105.065177,39.982421],[-105.064811,39.982576],[-105.064398,39.982625],[-105.064008,39.982569],[-105.063647,39.982407],[-105.063304,39.982117],[-105.063196,39.981953],[-105.063131,39.981782],[-105.063112,39.981536],[-105.063212,39.981079],[-105.063219,39.980659],[-105.063145,39.980622],[-105.062365,39.98062],[-105.062365,39.98048],[-105.063149,39.980484],[-105.063232,39.980432],[-105.063251,39.978302],[-105.06328,39.978153],[-105.063356,39.978006],[-105.063569,39.977804],[-105.063853,39.97768],[-105.063987,39.977652],[-105.064687,39.977656],[-105.065071,39.97778],[-105.065965,39.97832],[-105.066733,39.97852],[-105.066826,39.978432],[-105.066873,39.9783],[-105.066781,39.977856],[-105.066825,39.977597],[-105.067042,39.977277],[-105.067401,39.977003],[-105.067461,39.976908],[-105.067455,39.976849],[-105.067393,39.976825],[-105.065409,39.976819],[-105.065147,39.976891],[-105.065057,39.976861],[-105.065002,39.976798],[-105.064997,39.976724],[-105.065041,39.976659],[-105.065179,39.976616],[-105.065395,39.976684],[-105.071644,39.976688],[-105.071749,39.976586],[-105.071754,39.975885],[-105.062391,39.975847],[-105.062368,39.979449],[-105.062359,39.982986]]],[[[-105.064161,39.977777],[-105.063907,39.977809],[-105.063699,39.977898],[-105.063527,39.978051],[-105.063441,39.97823],[-105.063405,39.980906],[-105.063289,39.98164],[-105.063331,39.981832],[-105.063414,39.98199],[-105.063539,39.982133],[-105.063733,39.982281],[-105.064089,39.982439],[-105.064521,39.982479],[-105.064831,39.982417],[-105.065086,39.982297],[-105.065807,39.981633],[-105.065886,39.98148],[-105.06592,39.981298],[-105.065849,39.980747],[-105.065856,39.980594],[-105.065932,39.9804],[-105.066077,39.980234],[-105.066271,39.98011],[-105.066489,39.980036],[-105.06722,39.979993],[-105.06747,39.97993],[-105.067693,39.979799],[-105.068048,39.979486],[-105.068069,39.979437],[-105.068039,39.979386],[-105.066834,39.97873],[-105.065823,39.978416],[-105.064911,39.977866],[-105.064619,39.977789],[-105.064161,39.977777]]],[[[-105.069351,39.982963],[-105.069176,39.98297],[-105.069058,39.981586],[-105.068772,39.981618],[-105.068302,39.981949],[-105.067938,39.982529],[-105.066899,39.983059],[-105.071715,39.983091],[-105.071769,39.980421],[-105.071719,39.980359],[-105.071538,39.980281],[-105.070675,39.980271],[-105.070638,39.980314],[-105.070634,39.980531],[-105.070577,39.980822],[-105.070396,39.980959],[-105.069602,39.981233],[-105.069492,39.981538],[-105.069233,39.981567],[-105.069351,39.982963]]],[[[-105.071484,39.976847],[-105.067677,39.976831],[-105.067569,39.977058],[-105.067192,39.977347],[-105.066999,39.97761],[-105.066963,39.977849],[-105.067056,39.97829],[-105.06694,39.978601],[-105.068161,39.979292],[-105.068236,39.979302],[-105.068451,39.979123],[-105.068597,39.978747],[-105.068801,39.97849],[-105.069237,39.978201],[-105.069335,39.978178],[-105.069436,39.978202],[-105.069512,39.978288],[-105.069486,39.978394],[-105.069363,39.978454],[-105.069138,39.978435],[-105.068917,39.978588],[-105.06876,39.97879],[-105.068626,39.979161],[-105.068409,39.979407],[-105.06844,39.979452],[-105.069216,39.979895],[-105.069462,39.980001],[-105.069434,39.979405],[-105.070018,39.97805],[-105.070021,39.977682],[-105.071484,39.976847]]],[[[-105.071729,39.996971],[-105.071704,40.000039],[-105.074136,40.00002],[-105.074341,39.999864],[-105.074361,39.997741],[-105.074329,39.997422],[-105.074259,39.997145],[-105.071727,39.997151],[-105.071729,39.996971]]],[[[-105.07184,39.988187],[-105.071907,39.988188],[-105.071904,39.988702],[-105.071839,39.98884],[-105.071837,39.990998],[-105.072092,39.991032],[-105.072093,39.991441],[-105.072131,39.991493],[-105.07398,39.991555],[-105.074393,39.991612],[-105.074808,39.991755],[-105.075024,39.991871],[-105.07544,39.992167],[-105.075672,39.992226],[-105.075744,39.9922],[-105.07599,39.991941],[-105.075755,39.991766],[-105.076064,39.991996],[-105.075727,39.991745],[-105.075863,39.991752],[-105.075855,39.991647],[-105.077553,39.992905],[-105.077888,39.993223],[-105.078155,39.993571],[-105.079085,39.99357],[-105.079103,39.993901],[-105.080976,39.993906],[-105.081032,39.990436],[-105.07476,39.990344],[-105.074787,39.988167],[-105.07184,39.988187]],[[-105.075727,39.991745],[-105.07554,39.991606],[-105.07554,39.991606],[-105.075727,39.991745]]],[[[-105.071954,39.972283],[-105.07195,39.972959],[-105.072039,39.973061],[-105.072138,39.97309],[-105.073941,39.973098],[-105.07413,39.973122],[-105.074354,39.973205],[-105.074526,39.973334],[-105.074617,39.973471],[-105.074652,39.973654],[-105.074608,39.974277],[-105.074493,39.974473],[-105.074307,39.974624],[-105.074004,39.974732],[-105.073316,39.974801],[-105.072505,39.975119],[-105.072064,39.975158],[-105.071957,39.975219],[-105.071932,39.975257],[-105.071928,39.976841],[-105.071953,39.976803],[-105.072921,39.976271],[-105.073525,39.975381],[-105.075957,39.975165],[-105.075922,39.974601],[-105.076478,39.973686],[-105.076501,39.972304],[-105.071954,39.972283]]],[[[-105.073917,39.973259],[-105.072142,39.973253],[-105.071996,39.973303],[-105.071946,39.973371],[-105.071935,39.974887],[-105.071963,39.974929],[-105.072095,39.974995],[-105.072388,39.974985],[-105.073257,39.974645],[-105.073976,39.974579],[-105.074132,39.974531],[-105.074265,39.974449],[-105.074355,39.974349],[-105.07441,39.974216],[-105.07443,39.973567],[-105.074375,39.97346],[-105.074244,39.973348],[-105.074086,39.973282],[-105.073917,39.973259]]],[[[-105.072127,39.993784],[-105.072742,39.993744],[-105.075014,39.993787],[-105.075483,39.993751],[-105.075623,39.99367],[-105.075695,39.993528],[-105.075692,39.992725],[-105.07563,39.992626],[-105.075475,39.992493],[-105.075424,39.992368],[-105.074861,39.991987],[-105.074464,39.991809],[-105.073974,39.991725],[-105.072163,39.991687],[-105.072092,39.991763],[-105.07209,39.993726],[-105.072127,39.993784]]],[[[-105.075919,39.993142],[-105.07593,39.993613],[-105.076032,39.993734],[-105.076144,39.993777],[-105.07671,39.993841],[-105.077108,39.99385],[-105.077108,39.99388],[-105.077157,39.993881],[-105.077146,39.99347],[-105.077896,39.993487],[-105.077628,39.993187],[-105.075919,39.993142]]],[[[-105.082671,40.002251],[-105.083295,40.002227],[-105.082874,40.002209],[-105.082722,40.002139],[-105.082605,40.00202],[-105.082563,40.001878],[-105.082556,40.001197],[-105.079488,40.001199],[-105.079615,40.001042],[-105.081501,40.001036],[-105.0815,40.000698],[-105.081291,40.000698],[-105.08129,40.000658],[-105.081499,40.000656],[-105.081491,40.000308],[-105.07946,40.000309],[-105.07946,40.000343],[-105.079157,40.000343],[-105.079155,40.001294],[-105.078444,40.001833],[-105.078552,40.001931],[-105.078099,40.002234],[-105.082671,40.002251]],[[-105.07933,40.00115],[-105.079316,40.001164],[-105.079337,40.001143],[-105.07933,40.00115]],[[-105.079484,40.000967],[-105.079478,40.000975],[-105.079487,40.000962],[-105.079484,40.000967]],[[-105.079593,40.000796],[-105.079586,40.000806],[-105.079603,40.000776],[-105.079593,40.000796]],[[-105.079643,40.000695],[-105.079628,40.000727],[-105.079657,40.000663],[-105.079643,40.000695]],[[-105.079713,40.000513],[-105.079676,40.000616],[-105.079713,40.000509],[-105.079713,40.000513]],[[-105.0797,40.000914],[-105.079687,40.000934],[-105.079711,40.000895],[-105.0797,40.000914]],[[-105.079756,40.000815],[-105.079725,40.000869],[-105.079767,40.000791],[-105.079756,40.000815]],[[-105.079738,40.000413],[-105.079729,40.000448],[-105.079739,40.00041],[-105.079738,40.000413]],[[-105.079866,40.000547],[-105.079862,40.000561],[-105.07988,40.0005],[-105.079866,40.000547]],[[-105.079885,40.000482],[-105.079883,40.00049],[-105.079891,40.000456],[-105.079885,40.000482]],[[-105.079905,40.000396],[-105.079902,40.000407],[-105.079913,40.000348],[-105.079905,40.000396]]],[[[-105.079109,39.975993],[-105.084499,39.976026],[-105.084499,39.97592],[-105.082048,39.975893],[-105.081867,39.975794],[-105.081328,39.975225],[-105.081253,39.975268],[-105.081248,39.975364],[-105.081136,39.975435],[-105.081001,39.975416],[-105.080911,39.975271],[-105.083174,39.973968],[-105.082738,39.973502],[-105.083174,39.973968],[-105.083964,39.9735],[-105.084036,39.973252],[-105.084089,39.972874],[-105.084284,39.97252],[-105.08433,39.97238],[-105.08284,39.972362],[-105.082855,39.970667],[-105.082936,39.970671],[-105.082987,39.969956],[-105.083193,39.969183],[-105.083382,39.96874],[-105.083608,39.968327],[-105.083784,39.968128],[-105.084027,39.967947],[-105.084012,39.96789],[-105.083851,39.967867],[-105.083763,39.967798],[-105.08375,39.967717],[-105.083836,39.967621],[-105.083952,39.967602],[-105.084051,39.967638],[-105.084106,39.96771],[-105.0841,39.967806],[-105.084188,39.967867],[-105.084491,39.967783],[-105.084779,39.967746],[-105.086015,39.967743],[-105.08643,39.967647],[-105.087061,39.967336],[-105.087089,39.967268],[-105.087067,39.965286],[-105.084724,39.965294],[-105.083793,39.966883],[-105.080749,39.972338],[-105.081309,39.972344],[-105.080899,39.97314],[-105.079738,39.975088],[-105.079109,39.975993]],[[-105.082585,39.972359],[-105.082752,39.972361],[-105.08269,39.972361],[-105.082585,39.972359]],[[-105.082635,39.973311],[-105.082643,39.973335],[-105.082635,39.973314],[-105.082635,39.973311]],[[-105.082677,39.973418],[-105.082673,39.973407],[-105.082699,39.973448],[-105.082677,39.973418]]],[[[-105.07988,39.999247],[-105.079909,39.9996],[-105.079858,40.000223],[-105.079962,40.000223],[-105.079962,40.000138],[-105.080308,40.00014],[-105.080307,39.999677],[-105.080414,39.999678],[-105.080416,39.999315],[-105.080083,39.999312],[-105.080073,39.99925],[-105.07988,39.999247]]],[[[-105.08409,39.973661],[-105.083648,39.973894],[-105.08145,39.975154],[-105.081983,39.975721],[-105.082095,39.97578],[-105.084571,39.9758],[-105.084601,39.973866],[-105.084329,39.973689],[-105.08409,39.973661]]],[[[-105.088799,39.980117],[-105.087372,39.979908],[-105.086048,39.979853],[-105.086047,39.979945],[-105.085244,39.979901],[-105.084465,39.979964],[-105.083509,39.97992],[-105.083509,39.979763],[-105.083197,39.979752],[-105.083196,39.980326],[-105.083044,39.980329],[-105.082651,39.980154],[-105.082188,39.980051],[-105.081545,39.980043],[-105.081464,39.9801],[-105.082357,39.980595],[-105.082358,39.981517],[-105.08238,39.9816],[-105.082361,39.981931],[-105.082362,39.982495],[-105.082559,39.982236],[-105.082745,39.982109],[-105.083021,39.98203],[-105.083333,39.982028],[-105.083403,39.98198],[-105.083402,39.98157],[-105.083355,39.981521],[-105.082414,39.98151],[-105.082413,39.981351],[-105.083315,39.981355],[-105.083402,39.981291],[-105.083379,39.98083],[-105.08331,39.980802],[-105.082427,39.980798],[-105.082435,39.98063],[-105.082533,39.980548],[-105.082637,39.980554],[-105.082831,39.980681],[-105.083309,39.980684],[-105.083309,39.980658],[-105.083615,39.980652],[-105.08365,39.98052],[-105.08376,39.98047],[-105.08514,39.98049],[-105.085133,39.98054],[-105.085242,39.98046],[-105.085372,39.980435],[-105.085484,39.980459],[-105.085655,39.980555],[-105.088695,39.980552],[-105.088897,39.980596],[-105.089153,39.980715],[-105.089258,39.980668],[-105.089303,39.980542],[-105.089355,39.980495],[-105.08954,39.980477],[-105.08976,39.980313],[-105.08972,39.980252],[-105.088799,39.980117]],[[-105.088799,39.980117],[-105.088492,39.980072],[-105.088195,39.980028],[-105.088799,39.980117]],[[-105.08529,39.98009],[-105.0858,39.98012],[-105.08589,39.98017],[-105.08593,39.98028],[-105.08589,39.98035],[-105.08521,39.98034],[-105.08516,39.9803],[-105.08521,39.98014],[-105.08529,39.98009]]],[[[-105.082282,39.982773],[-105.082248,39.982758],[-105.081882,39.983244],[-105.081921,39.983245],[-105.082282,39.982773]]],[[[-105.082424,39.982723],[-105.081977,39.983297],[-105.082553,39.983531],[-105.085102,39.98428],[-105.085337,39.984278],[-105.085542,39.984232],[-105.085585,39.984194],[-105.08559,39.984149],[-105.085299,39.983523],[-105.085255,39.983309],[-105.084469,39.983292],[-105.084223,39.983224],[-105.084049,39.983553],[-105.084076,39.983613],[-105.084177,39.983649],[-105.084155,39.983701],[-105.084126,39.983696],[-105.083743,39.983582],[-105.083773,39.983528],[-105.083873,39.983556],[-105.083948,39.98353],[-105.084099,39.983187],[-105.083201,39.982928],[-105.083023,39.983265],[-105.083051,39.983316],[-105.083162,39.98335],[-105.083137,39.983403],[-105.082716,39.983271],[-105.08275,39.983223],[-105.082852,39.983257],[-105.082924,39.983233],[-105.083082,39.982933],[-105.083074,39.982892],[-105.08253,39.982683],[-105.082424,39.982723]]],[[[-105.085142,39.982209],[-105.083019,39.982211],[-105.082767,39.982306],[-105.082628,39.982493],[-105.082665,39.982548],[-105.082892,39.982654],[-105.08416,39.98306],[-105.084302,39.982805],[-105.084298,39.982523],[-105.084252,39.982487],[-105.084126,39.982483],[-105.08413,39.982425],[-105.084578,39.982426],[-105.084578,39.982485],[-105.084467,39.982486],[-105.084411,39.982533],[-105.084405,39.98282],[-105.084286,39.983096],[-105.084543,39.983153],[-105.085253,39.983153],[-105.08528,39.982349],[-105.085142,39.982209]]],[[[-105.083295,40.001651],[-105.083295,40.002088],[-105.083828,40.002088],[-105.08384,40.0012],[-105.082751,40.001198],[-105.082758,40.00189],[-105.082846,40.002025],[-105.082956,40.00207],[-105.083295,40.002074],[-105.083295,40.001651]]],[[[-105.083158,39.969997],[-105.083115,39.970369],[-105.083117,39.970766],[-105.083147,39.970969],[-105.083234,39.971186],[-105.083398,39.97143],[-105.083632,39.971653],[-105.083892,39.971819],[-105.084191,39.971948],[-105.084943,39.972111],[-105.08582,39.97223],[-105.089803,39.972274],[-105.08986,39.972211],[-105.089872,39.967567],[-105.089766,39.967484],[-105.087587,39.967445],[-105.087078,39.967524],[-105.086485,39.967778],[-105.086173,39.967862],[-105.084772,39.967887],[-105.084321,39.967981],[-105.083969,39.968174],[-105.083747,39.968421],[-105.083372,39.969201],[-105.083158,39.969997]]],[[[-105.083826,40.002226],[-105.083295,40.002227],[-105.083312,40.002626],[-105.083821,40.00264],[-105.083826,40.002226]]],[[[-105.085221,39.981517],[-105.083684,39.981507],[-105.083607,39.981557],[-105.083609,39.981986],[-105.083655,39.982034],[-105.085122,39.982048],[-105.085277,39.981934],[-105.085273,39.981571],[-105.085221,39.981517]]],[[[-105.085112,39.980707],[-105.08504,39.98078],[-105.08487,39.98081],[-105.083653,39.980816],[-105.083607,39.980877],[-105.083608,39.981293],[-105.083682,39.98135],[-105.085221,39.981347],[-105.085277,39.981287],[-105.085266,39.980841],[-105.085112,39.980707]]],[[[-105.084613,39.97226],[-105.084471,39.972615],[-105.08432,39.972869],[-105.084289,39.97303],[-105.084355,39.973162],[-105.084555,39.973333],[-105.084594,39.973599],[-105.084711,39.973713],[-105.088016,39.975147],[-105.088253,39.975182],[-105.089166,39.975189],[-105.0895,39.975259],[-105.089502,39.975139],[-105.089837,39.975141],[-105.089837,39.973266],[-105.089621,39.973269],[-105.089622,39.973156],[-105.089838,39.973153],[-105.089837,39.972567],[-105.089789,39.972509],[-105.085863,39.972434],[-105.085863,39.972398],[-105.08581,39.972385],[-105.08469,39.972227],[-105.084613,39.97226]]],[[[-105.084584,39.976027],[-105.088326,39.976055],[-105.088345,39.975351],[-105.088088,39.975336],[-105.087825,39.975272],[-105.086627,39.974753],[-105.08658,39.974781],[-105.086006,39.975569],[-105.085753,39.975773],[-105.08537,39.975909],[-105.084588,39.975919],[-105.084584,39.976027]]],[[[-105.085209,39.975806],[-105.085503,39.975765],[-105.085798,39.975607],[-105.085894,39.975514],[-105.086475,39.974688],[-105.084618,39.973869],[-105.084588,39.975803],[-105.085209,39.975806]],[[-105.084822,39.974608],[-105.084817,39.974616],[-105.084828,39.974602],[-105.084822,39.974608]]],[[[-105.085397,39.980541],[-105.085312,39.980548],[-105.08527,39.980586],[-105.085264,39.980656],[-105.085299,39.9807],[-105.085411,39.980712],[-105.085467,39.980669],[-105.085467,39.980586],[-105.085397,39.980541]]],[[[-105.085395,39.982044],[-105.085317,39.982061],[-105.085275,39.98211],[-105.085284,39.982167],[-105.085343,39.982209],[-105.085439,39.982203],[-105.085493,39.982148],[-105.085479,39.982082],[-105.085395,39.982044]]],[[[-105.087106,39.980721],[-105.08562,39.980711],[-105.085475,39.980833],[-105.085484,39.981301],[-105.085578,39.98136],[-105.0871,39.981365],[-105.087153,39.981301],[-105.087149,39.980779],[-105.087106,39.980721]]],[[[-105.088776,39.980728],[-105.087407,39.980717],[-105.087352,39.980778],[-105.087357,39.981331],[-105.087323,39.981411],[-105.087242,39.981482],[-105.087099,39.981523],[-105.085539,39.981519],[-105.085484,39.981568],[-105.085491,39.981934],[-105.085661,39.982053],[-105.087485,39.982059],[-105.087692,39.981959],[-105.087953,39.981964],[-105.088882,39.98155],[-105.089038,39.98139],[-105.089062,39.981021],[-105.08899,39.980854],[-105.088776,39.980728]]],[[[-105.086125,39.982232],[-105.08564,39.982225],[-105.085508,39.982331],[-105.085496,39.983115],[-105.085522,39.983149],[-105.086118,39.983157],[-105.086156,39.983136],[-105.086165,39.98228],[-105.086125,39.982232]]],[[[-105.086197,39.983442],[-105.086189,39.983342],[-105.086137,39.983302],[-105.085544,39.9833],[-105.085501,39.983328],[-105.085525,39.983484],[-105.085943,39.984416],[-105.085968,39.985141],[-105.086049,39.98519],[-105.087251,39.985189],[-105.087281,39.985141],[-105.087282,39.984867],[-105.08728,39.984588],[-105.08725,39.984546],[-105.086025,39.984529],[-105.086023,39.984416],[-105.087254,39.984409],[-105.087279,39.984377],[-105.087263,39.98372],[-105.087158,39.983662],[-105.08642,39.983671],[-105.08627,39.983588],[-105.086197,39.983442]]],[[[-105.085986,39.987522],[-105.085946,39.987668],[-105.085831,39.98788],[-105.085825,39.98821],[-105.085774,39.988381],[-105.08615,39.988668],[-105.086646,39.989255],[-105.086736,39.989317],[-105.087387,39.989358],[-105.087765,39.989424],[-105.087929,39.989395],[-105.088161,39.989169],[-105.08853,39.988525],[-105.088471,39.988422],[-105.088163,39.988181],[-105.088001,39.987896],[-105.087576,39.988019],[-105.087372,39.988021],[-105.086886,39.987815],[-105.086497,39.987535],[-105.086365,39.987511],[-105.085986,39.987522]]],[[[-105.085811,39.990332],[-105.088334,39.990364],[-105.088685,39.99024],[-105.088686,39.990094],[-105.090316,39.990094],[-105.090322,39.989273],[-105.090373,39.989274],[-105.090377,39.988638],[-105.090332,39.988584],[-105.090265,39.988567],[-105.089037,39.988562],[-105.088819,39.988532],[-105.088672,39.988586],[-105.088326,39.989192],[-105.088129,39.989422],[-105.087971,39.989518],[-105.087778,39.989549],[-105.087345,39.989478],[-105.086809,39.989464],[-105.086645,39.989419],[-105.086519,39.989331],[-105.086043,39.988764],[-105.085848,39.988604],[-105.085811,39.990332]]],[[[-105.08586,39.986995],[-105.085856,39.987477],[-105.085901,39.987441],[-105.085892,39.987031],[-105.08586,39.986995]]],[[[-105.089034,39.981652],[-105.088047,39.982108],[-105.087974,39.982251],[-105.087876,39.982321],[-105.087869,39.982826],[-105.087781,39.982898],[-105.087467,39.982938],[-105.086452,39.982932],[-105.086372,39.982976],[-105.086372,39.983395],[-105.08643,39.983505],[-105.086525,39.983536],[-105.087241,39.983527],[-105.0874,39.983612],[-105.087464,39.983711],[-105.087438,39.986655],[-105.087272,39.986672],[-105.087279,39.986376],[-105.087226,39.98632],[-105.086071,39.986317],[-105.08607,39.986198],[-105.086308,39.9862],[-105.086365,39.986153],[-105.08637,39.985507],[-105.086313,39.985318],[-105.086004,39.985307],[-105.085957,39.985343],[-105.08595,39.986243],[-105.085969,39.986734],[-105.086026,39.986788],[-105.088044,39.98683],[-105.088045,39.986002],[-105.088153,39.986047],[-105.088264,39.986017],[-105.088573,39.985598],[-105.088683,39.985343],[-105.0889,39.984445],[-105.088904,39.983484],[-105.090202,39.983495],[-105.090327,39.98343],[-105.090344,39.982919],[-105.090376,39.982921],[-105.090376,39.982291],[-105.08964,39.982285],[-105.089656,39.98189],[-105.09033,39.981888],[-105.090328,39.981499],[-105.090283,39.981436],[-105.090202,39.981403],[-105.089284,39.981406],[-105.089034,39.981652]]],[[[-105.086365,40.005161],[-105.086375,40.005927],[-105.087039,40.006292],[-105.087153,40.006295],[-105.087275,40.006159],[-105.087337,40.00601],[-105.087038,40.005917],[-105.086826,40.005792],[-105.086737,40.005703],[-105.086697,40.005595],[-105.0867,40.005407],[-105.086812,40.00522],[-105.087008,40.005123],[-105.087333,40.005093],[-105.087488,40.004858],[-105.087726,40.004689],[-105.087979,40.004589],[-105.08823,40.004553],[-105.088818,40.004555],[-105.089,40.00459],[-105.089133,40.004568],[-105.089226,40.0046],[-105.089287,40.004688],[-105.089254,40.004787],[-105.089129,40.004858],[-105.088981,40.005015],[-105.088769,40.005097],[-105.08837,40.005102],[-105.088216,40.005054],[-105.088114,40.004943],[-105.088092,40.004705],[-105.088028,40.004658],[-105.087813,40.004745],[-105.087613,40.00489],[-105.087501,40.005186],[-105.087488,40.006054],[-105.08744,40.006201],[-105.087314,40.006414],[-105.087349,40.006471],[-105.087719,40.006672],[-105.087784,40.006608],[-105.087796,40.005308],[-105.089062,40.00534],[-105.089898,40.004516],[-105.089561,40.004314],[-105.087701,40.004323],[-105.086365,40.005161]]],[[[-105.087494,39.982209],[-105.086407,39.982226],[-105.086369,39.982271],[-105.086375,39.982723],[-105.086466,39.982773],[-105.087615,39.982764],[-105.08766,39.982701],[-105.087658,39.982337],[-105.087494,39.982209]]],[[[-105.086469,39.985436],[-105.086473,39.98533],[-105.086445,39.985313],[-105.086424,39.985432],[-105.086469,39.985436]]],[[[-105.087225,39.985326],[-105.08663,39.985314],[-105.08656,39.985351],[-105.086523,39.985621],[-105.086523,39.986142],[-105.086545,39.986186],[-105.087214,39.986202],[-105.087267,39.986174],[-105.087275,39.985367],[-105.087225,39.985326]]],[[[-105.087271,40.005181],[-105.087082,40.005185],[-105.086945,40.005228],[-105.086832,40.005323],[-105.086791,40.005439],[-105.086798,40.005602],[-105.086854,40.0057],[-105.08711,40.005863],[-105.087239,40.005896],[-105.087327,40.005847],[-105.087334,40.005227],[-105.087271,40.005181]]],[[[-105.08734,40.00626],[-105.0872,40.006393],[-105.087245,40.006388],[-105.08734,40.00626]]],[[[-105.087277,39.965293],[-105.087279,39.967109],[-105.087318,39.967239],[-105.089783,39.967248],[-105.089868,39.967209],[-105.089877,39.965269],[-105.087277,39.965293]]],[[[-105.087766,39.982058],[-105.087696,39.982075],[-105.087656,39.982123],[-105.087668,39.982182],[-105.087727,39.982219],[-105.087812,39.982213],[-105.087865,39.982157],[-105.087843,39.982089],[-105.087766,39.982058]]],[[[-105.089137,39.987036],[-105.088285,39.987026],[-105.088212,39.987079],[-105.088157,39.987767],[-105.088207,39.987946],[-105.088324,39.988121],[-105.088606,39.988323],[-105.088933,39.988413],[-105.090225,39.988424],[-105.090332,39.988368],[-105.090339,39.987761],[-105.089129,39.987745],[-105.089137,39.987036]]],[[[-105.088839,40.004631],[-105.088228,40.004639],[-105.088193,40.004688],[-105.088203,40.004929],[-105.088262,40.004993],[-105.088363,40.005025],[-105.088381,40.004978],[-105.08873,40.00498],[-105.088733,40.005021],[-105.088864,40.004987],[-105.088965,40.004922],[-105.08901,40.004847],[-105.088914,40.004663],[-105.088839,40.004631]]],[[[-105.088256,39.986319],[-105.088256,39.986768],[-105.089365,39.986778],[-105.089364,39.986841],[-105.089727,39.986843],[-105.089725,39.986782],[-105.090334,39.986783],[-105.090409,39.986731],[-105.090404,39.986276],[-105.09035,39.986276],[-105.090341,39.983763],[-105.090299,39.983691],[-105.090199,39.983659],[-105.089272,39.98365],[-105.089158,39.983668],[-105.089088,39.983717],[-105.089071,39.984482],[-105.088832,39.98544],[-105.08872,39.985671],[-105.088256,39.986319]]],[[[-105.088525,39.990522],[-105.088995,39.990528],[-105.088986,39.990241],[-105.088525,39.990522]]],[[[-105.089045,40.004749],[-105.089159,40.004764],[-105.0892,40.004681],[-105.089148,40.004638],[-105.089065,40.004644],[-105.089023,40.004696],[-105.089045,40.004749]]],[[[-105.089556,39.981097],[-105.089968,39.980833],[-105.090006,39.980456],[-105.089935,39.980365],[-105.089814,39.98035],[-105.089617,39.980521],[-105.089655,39.980617],[-105.089619,39.980693],[-105.089258,39.980872],[-105.08929,39.981102],[-105.089556,39.981097]]],[[[-105.089258,39.981284],[-105.090338,39.981309],[-105.09037,39.981279],[-105.090336,39.981255],[-105.089272,39.981253],[-105.089258,39.981284]]],[[[-105.090591,39.968868],[-105.090586,39.972158],[-105.090902,39.972262],[-105.094902,39.972254],[-105.094933,39.971102],[-105.094901,39.971071],[-105.093561,39.971056],[-105.093501,39.971093],[-105.093466,39.971252],[-105.093354,39.971377],[-105.09286,39.97163],[-105.092663,39.971669],[-105.092426,39.971664],[-105.092341,39.971613],[-105.092331,39.971102],[-105.092277,39.971044],[-105.091729,39.971105],[-105.091434,39.971095],[-105.091065,39.971153],[-105.090899,39.971133],[-105.090743,39.971058],[-105.090646,39.970947],[-105.090613,39.970832],[-105.090612,39.969119],[-105.09069,39.969064],[-105.091024,39.969068],[-105.091273,39.969128],[-105.091932,39.969133],[-105.092075,39.969171],[-105.092185,39.96924],[-105.092421,39.969628],[-105.09246,39.969778],[-105.09243,39.969937],[-105.092248,39.970263],[-105.092248,39.970442],[-105.092445,39.970717],[-105.092493,39.970922],[-105.092784,39.970947],[-105.092768,39.968849],[-105.090591,39.968868]]],[[[-105.098968,39.984975],[-105.098982,39.985267],[-105.098902,39.986758],[-105.09986,39.98677],[-105.099859,39.986816],[-105.101307,39.986824],[-105.10133,39.986801],[-105.101323,39.986336],[-105.10115,39.985682],[-105.101134,39.985482],[-105.100455,39.985367],[-105.100378,39.985396],[-105.100363,39.985649],[-105.100386,39.985691],[-105.100472,39.985713],[-105.100694,39.985659],[-105.100779,39.985702],[-105.100812,39.985782],[-105.100777,39.985853],[-105.100697,39.985892],[-105.100455,39.985837],[-105.100374,39.985871],[-105.100363,39.986344],[-105.100438,39.986406],[-105.10085,39.986411],[-105.100934,39.986389],[-105.101048,39.986302],[-105.101139,39.98629],[-105.101268,39.986367],[-105.101259,39.986472],[-105.101135,39.986534],[-105.100376,39.986521],[-105.100256,39.986457],[-105.100202,39.986356],[-105.100196,39.985391],[-105.100131,39.985346],[-105.099864,39.985341],[-105.099865,39.985181],[-105.100096,39.98521],[-105.100168,39.98518],[-105.100207,39.984741],[-105.100291,39.984604],[-105.100417,39.984505],[-105.101292,39.984107],[-105.102029,39.983993],[-105.10209,39.983891],[-105.102042,39.983674],[-105.101868,39.983548],[-105.101676,39.983576],[-105.101638,39.983782],[-105.101143,39.983813],[-105.100822,39.984018],[-105.100156,39.984291],[-105.100364,39.984533],[-105.100046,39.984324],[-105.099872,39.984365],[-105.099867,39.983334],[-105.102007,39.983356],[-105.102105,39.983385],[-105.102157,39.98345],[-105.102247,39.983846],[-105.102214,39.984006],[-105.10205,39.98413],[-105.101651,39.98418],[-105.101586,39.984233],[-105.101707,39.984496],[-105.101782,39.984588],[-105.101846,39.984606],[-105.102401,39.984325],[-105.102885,39.984203],[-105.102676,39.983354],[-105.104535,39.983369],[-105.104535,39.981157],[-105.104491,39.979226],[-105.104547,39.979212],[-105.10456,39.976099],[-105.097552,39.976106],[-105.097543,39.973747],[-105.09724,39.973742],[-105.097192,39.973766],[-105.097142,39.974116],[-105.096834,39.97457],[-105.096888,39.974637],[-105.097057,39.974644],[-105.097135,39.97468],[-105.097177,39.974753],[-105.097154,39.974834],[-105.097086,39.974882],[-105.096987,39.974888],[-105.096909,39.974854],[-105.096817,39.974749],[-105.096704,39.974746],[-105.09643,39.975124],[-105.096276,39.975418],[-105.09631,39.97548],[-105.096656,39.975605],[-105.096832,39.975604],[-105.096992,39.975497],[-105.097134,39.975497],[-105.097195,39.975539],[-105.097222,39.975605],[-105.097197,39.975678],[-105.097136,39.975721],[-105.096584,39.975718],[-105.09616,39.975565],[-105.095788,39.97571],[-105.095073,39.975728],[-105.094642,39.97579],[-105.092826,39.975807],[-105.092826,39.975839],[-105.091887,39.975793],[-105.091703,39.975708],[-105.091563,39.975579],[-105.091256,39.974971],[-105.091223,39.974766],[-105.091221,39.974005],[-105.091249,39.973897],[-105.091315,39.973807],[-105.091449,39.97372],[-105.091623,39.973678],[-105.092628,39.973683],[-105.093547,39.973578],[-105.094234,39.973564],[-105.094276,39.973523],[-105.094284,39.973092],[-105.094213,39.973001],[-105.0942,39.972934],[-105.094251,39.972851],[-105.094363,39.972812],[-105.094488,39.972839],[-105.094555,39.972924],[-105.094542,39.972997],[-105.094461,39.973086],[-105.094463,39.973537],[-105.094526,39.973568],[-105.09486,39.973559],[-105.09492,39.973491],[-105.094902,39.972712],[-105.094829,39.972649],[-105.094705,39.972644],[-105.094705,39.972524],[-105.091365,39.972536],[-105.091364,39.972581],[-105.090605,39.97258],[-105.090599,39.973088],[-105.090599,39.976074],[-105.095195,39.976077],[-105.095199,39.977154],[-105.095698,39.977297],[-105.09603,39.97734],[-105.096408,39.977314],[-105.096693,39.977239],[-105.098052,39.976555],[-105.098233,39.976511],[-105.098477,39.97651],[-105.098749,39.976593],[-105.099019,39.976496],[-105.099244,39.97648],[-105.099981,39.976605],[-105.100184,39.976465],[-105.100323,39.976419],[-105.101001,39.976413],[-105.10119,39.976463],[-105.101383,39.976594],[-105.102276,39.976417],[-105.103175,39.976415],[-105.103379,39.976449],[-105.103684,39.976565],[-105.103908,39.9765],[-105.104034,39.976561],[-105.104049,39.976654],[-105.10396,39.976784],[-105.10409,39.977043],[-105.104118,39.977389],[-105.104035,39.977656],[-105.103748,39.977949],[-105.103545,39.978101],[-105.103237,39.978264],[-105.102921,39.978369],[-105.102079,39.97851],[-105.101822,39.978525],[-105.101249,39.978442],[-105.100859,39.978273],[-105.100582,39.978382],[-105.100328,39.978406],[-105.098185,39.977949],[-105.097834,39.977916],[-105.097525,39.977946],[-105.09718,39.978051],[-105.096907,39.978209],[-105.09664,39.978479],[-105.097674,39.979085],[-105.098244,39.979648],[-105.09848,39.979645],[-105.098689,39.980445],[-105.09874,39.980426],[-105.09901,39.981466],[-105.098957,39.98302],[-105.0993,39.982981],[-105.09964,39.982843],[-105.099681,39.982798],[-105.099641,39.982609],[-105.099641,39.981093],[-105.099728,39.980914],[-105.099869,39.980819],[-105.100042,39.980778],[-105.100869,39.980777],[-105.101324,39.980677],[-105.101621,39.980658],[-105.101693,39.980708],[-105.101715,39.980762],[-105.101708,39.981681],[-105.101774,39.981712],[-105.102409,39.981712],[-105.10249,39.981655],[-105.102498,39.980831],[-105.102473,39.980751],[-105.10253,39.980662],[-105.102631,39.980632],[-105.103981,39.98063],[-105.104062,39.980656],[-105.104114,39.980718],[-105.104093,39.980839],[-105.104097,39.982719],[-105.104136,39.982794],[-105.104083,39.982901],[-105.103957,39.982931],[-105.103855,39.982901],[-105.102722,39.9829],[-105.102663,39.982956],[-105.102664,39.983354],[-105.102495,39.983353],[-105.10249,39.981892],[-105.102403,39.981843],[-105.101746,39.981846],[-105.101695,39.981896],[-105.101706,39.982805],[-105.101634,39.982895],[-105.099979,39.982899],[-105.099761,39.982941],[-105.099352,39.983101],[-105.098952,39.983148],[-105.098945,39.983331],[-105.099867,39.983334],[-105.099866,39.984993],[-105.098968,39.984975]],[[-105.09139,39.97586],[-105.09141,39.97597],[-105.09122,39.97601],[-105.09072,39.97597],[-105.09065,39.97591],[-105.0906,39.97538],[-105.09063,39.97534],[-105.09078,39.97534],[-105.09084,39.97537],[-105.09117,39.97576],[-105.09139,39.97586]],[[-105.099864,39.985364],[-105.099864,39.985438],[-105.099864,39.985352],[-105.099864,39.985364]]],[[[-105.099878,39.972263],[-105.099878,39.972234],[-105.099845,39.972234],[-105.099867,39.965262],[-105.090616,39.965265],[-105.090626,39.967292],[-105.091428,39.967294],[-105.09148,39.967272],[-105.091494,39.967238],[-105.091349,39.966642],[-105.091378,39.9664],[-105.091467,39.966239],[-105.091609,39.966099],[-105.09179,39.965993],[-105.091971,39.965933],[-105.092421,39.965863],[-105.093329,39.965856],[-105.093644,39.965922],[-105.094012,39.966102],[-105.094367,39.965943],[-105.094765,39.965863],[-105.095675,39.965855],[-105.095938,39.965928],[-105.09608,39.966051],[-105.096147,39.966201],[-105.096175,39.96674],[-105.096126,39.966969],[-105.095929,39.967241],[-105.095204,39.96777],[-105.095189,39.967808],[-105.095466,39.968054],[-105.09585,39.968259],[-105.095917,39.968244],[-105.095969,39.968171],[-105.095984,39.968042],[-105.096022,39.967984],[-105.096118,39.967941],[-105.096219,39.967959],[-105.096282,39.968022],[-105.096286,39.968089],[-105.096122,39.968215],[-105.096066,39.968301],[-105.096078,39.968347],[-105.096765,39.96861],[-105.096818,39.968592],[-105.097064,39.96824],[-105.097169,39.968013],[-105.097227,39.967786],[-105.097248,39.967511],[-105.097221,39.967422],[-105.097128,39.967415],[-105.097019,39.967525],[-105.096926,39.967553],[-105.096811,39.967522],[-105.096755,39.967433],[-105.096775,39.96737],[-105.096833,39.967326],[-105.097154,39.967271],[-105.097195,39.967238],[-105.097058,39.966817],[-105.097033,39.966647],[-105.097072,39.966408],[-105.09719,39.966203],[-105.097485,39.965977],[-105.097874,39.96586],[-105.098743,39.965843],[-105.098962,39.965892],[-105.099124,39.965981],[-105.099337,39.966208],[-105.099417,39.966453],[-105.099291,39.967378],[-105.099333,39.967892],[-105.099453,39.968487],[-105.099426,39.968624],[-105.099343,39.968766],[-105.099169,39.968915],[-105.098942,39.968998],[-105.097864,39.969067],[-105.097499,39.969025],[-105.096867,39.968809],[-105.096338,39.969389],[-105.096546,39.969515],[-105.096901,39.969659],[-105.097487,39.969819],[-105.097736,39.969826],[-105.098179,39.969767],[-105.098515,39.969766],[-105.098782,39.969807],[-105.099012,39.969896],[-105.099093,39.969848],[-105.099184,39.969692],[-105.099285,39.969674],[-105.099373,39.969699],[-105.099424,39.969775],[-105.099407,39.969845],[-105.099217,39.969926],[-105.099162,39.969991],[-105.099313,39.97018],[-105.099403,39.97037],[-105.099441,39.970576],[-105.099424,39.970792],[-105.099306,39.971079],[-105.099009,39.971446],[-105.099138,39.971558],[-105.099383,39.971586],[-105.099431,39.971662],[-105.099412,39.971744],[-105.099337,39.971802],[-105.099214,39.9718],[-105.098853,39.971542],[-105.098499,39.971689],[-105.098179,39.971756],[-105.097289,39.971759],[-105.096935,39.971665],[-105.096479,39.971404],[-105.096074,39.971705],[-105.095876,39.971781],[-105.095724,39.971796],[-105.095613,39.971716],[-105.095608,39.971654],[-105.095645,39.971598],[-105.095756,39.971554],[-105.095924,39.971594],[-105.09602,39.97158],[-105.096318,39.971342],[-105.096326,39.971296],[-105.096096,39.971175],[-105.095838,39.971099],[-105.095196,39.97107],[-105.095154,39.971105],[-105.095118,39.972254],[-105.099878,39.972263]]],[[[-105.092394,39.981332],[-105.090792,39.981363],[-105.090716,39.981408],[-105.090713,39.98331],[-105.090723,39.983403],[-105.090766,39.983427],[-105.091675,39.983405],[-105.092257,39.983263],[-105.092559,39.983222],[-105.092653,39.983146],[-105.092631,39.982194],[-105.092496,39.981382],[-105.092394,39.981332]]],[[[-105.09073,39.983538],[-105.090727,39.983566],[-105.090902,39.983586],[-105.091442,39.983548],[-105.09073,39.983538]]],[[[-105.090715,39.983682],[-105.090723,39.986715],[-105.090794,39.98677],[-105.092595,39.986771],[-105.092633,39.986737],[-105.09263,39.985049],[-105.093465,39.985053],[-105.093935,39.984967],[-105.094211,39.984855],[-105.094423,39.984729],[-105.094829,39.984356],[-105.093695,39.98364],[-105.093414,39.983517],[-105.093106,39.983437],[-105.092606,39.983409],[-105.091564,39.983636],[-105.090781,39.983653],[-105.090715,39.983682]]],[[[-105.094929,39.98153],[-105.095718,39.98189],[-105.095983,39.981957],[-105.097222,39.981962],[-105.097561,39.981911],[-105.098,39.981905],[-105.097991,39.981517],[-105.097819,39.981004],[-105.097514,39.980517],[-105.097007,39.980569],[-105.096578,39.980399],[-105.096245,39.980614],[-105.0952,39.980784],[-105.095202,39.980492],[-105.095173,39.980491],[-105.09517,39.980536],[-105.090723,39.980458],[-105.090726,39.981097],[-105.090774,39.981137],[-105.092269,39.981141],[-105.092922,39.981086],[-105.093393,39.981114],[-105.093916,39.981208],[-105.094929,39.98153]]],[[[-105.09187,39.969224],[-105.09125,39.969217],[-105.090977,39.969154],[-105.090799,39.969156],[-105.090739,39.969195],[-105.090734,39.970838],[-105.090772,39.970943],[-105.090868,39.971024],[-105.091072,39.971064],[-105.091415,39.971005],[-105.091726,39.97101],[-105.092304,39.970942],[-105.09235,39.970904],[-105.09234,39.970764],[-105.09216,39.970527],[-105.092113,39.970367],[-105.092142,39.970212],[-105.092328,39.969875],[-105.092328,39.969699],[-105.092115,39.969322],[-105.09201,39.969251],[-105.09187,39.969224]]],[[[-105.090737,39.981256],[-105.09095,39.98129],[-105.091419,39.981258],[-105.091416,39.98125],[-105.090737,39.981256]]],[[[-105.093291,39.968552],[-105.093553,39.96855],[-105.094706,39.968955],[-105.094854,39.969182],[-105.09568,39.969707],[-105.096006,39.969456],[-105.095979,39.969397],[-105.095492,39.969151],[-105.095317,39.969024],[-105.095196,39.968864],[-105.095095,39.968605],[-105.094604,39.968552],[-105.094349,39.968485],[-105.094117,39.968371],[-105.093774,39.968114],[-105.093639,39.96798],[-105.093537,39.96782],[-105.093481,39.96764],[-105.093472,39.967426],[-105.093429,39.967382],[-105.092151,39.967369],[-105.091576,39.967461],[-105.090782,39.967455],[-105.091526,39.967463],[-105.093322,39.967459],[-105.093291,39.968552]]],[[[-105.094681,39.960009],[-105.090843,39.960047],[-105.090828,39.961624],[-105.099893,39.961604],[-105.099958,39.959064],[-105.099933,39.959065],[-105.099933,39.959013],[-105.098037,39.959532],[-105.096494,39.959476],[-105.095707,39.959843],[-105.094908,39.959819],[-105.094681,39.960009]]],[[[-105.09153,39.990637],[-105.09153,39.990523],[-105.095137,39.990508],[-105.095143,39.990288],[-105.09112,39.990301],[-105.091098,39.990632],[-105.09153,39.990637]]],[[[-105.092075,39.97568],[-105.09227,39.975675],[-105.092324,39.975624],[-105.092311,39.975257],[-105.092162,39.974942],[-105.092112,39.974745],[-105.092101,39.973865],[-105.092038,39.973822],[-105.09157,39.97383],[-105.091449,39.9739],[-105.091399,39.974002],[-105.091401,39.974767],[-105.091428,39.974942],[-105.091739,39.97554],[-105.091882,39.97564],[-105.092075,39.97568]]],[[[-105.091664,39.96726],[-105.09173,39.967302],[-105.092057,39.967237],[-105.092468,39.967224],[-105.092487,39.967189],[-105.092443,39.967019],[-105.09244,39.966841],[-105.092368,39.966696],[-105.092422,39.966611],[-105.092515,39.96658],[-105.092621,39.966603],[-105.092682,39.966681],[-105.092675,39.966746],[-105.092596,39.966866],[-105.092607,39.967049],[-105.092668,39.967225],[-105.093448,39.967233],[-105.093476,39.967199],[-105.09348,39.966878],[-105.093539,39.966673],[-105.093857,39.966189],[-105.093596,39.966044],[-105.093257,39.965979],[-105.092347,39.965998],[-105.091839,39.966116],[-105.091619,39.966283],[-105.09151,39.966519],[-105.091514,39.966658],[-105.091664,39.96726]]],[[[-105.091634,39.981265],[-105.09201,39.98128],[-105.092404,39.981217],[-105.091854,39.981264],[-105.091634,39.981265]]],[[[-105.092618,39.983299],[-105.092121,39.983381],[-105.091661,39.983536],[-105.092186,39.983414],[-105.092304,39.983357],[-105.092618,39.983299]]],[[[-105.092825,39.975696],[-105.093979,39.975671],[-105.094028,39.975651],[-105.094084,39.975438],[-105.094348,39.975051],[-105.094037,39.974946],[-105.093697,39.975405],[-105.093483,39.975406],[-105.093483,39.975681],[-105.092816,39.975694],[-105.092818,39.975008],[-105.09285,39.974883],[-105.09302,39.974704],[-105.093241,39.974624],[-105.09449,39.974652],[-105.094873,39.974099],[-105.094919,39.973916],[-105.0949,39.973745],[-105.094816,39.973708],[-105.094479,39.973723],[-105.094443,39.973947],[-105.094351,39.974113],[-105.094361,39.974239],[-105.094302,39.974303],[-105.094206,39.974329],[-105.094069,39.974291],[-105.094013,39.974188],[-105.094049,39.97411],[-105.094192,39.974039],[-105.094263,39.973926],[-105.094279,39.973762],[-105.094223,39.973709],[-105.09361,39.973714],[-105.0932,39.973769],[-105.093174,39.973815],[-105.093228,39.974055],[-105.093329,39.974142],[-105.093352,39.974218],[-105.093298,39.974308],[-105.093183,39.974348],[-105.093071,39.974325],[-105.093002,39.974254],[-105.092998,39.974181],[-105.093055,39.974077],[-105.09297,39.973808],[-105.092298,39.973845],[-105.092286,39.974702],[-105.092327,39.974879],[-105.092488,39.975243],[-105.092506,39.975632],[-105.092575,39.975682],[-105.092825,39.975696]]],[[[-105.093274,39.971043],[-105.092497,39.971049],[-105.092458,39.971103],[-105.092467,39.971534],[-105.092538,39.971572],[-105.092758,39.971561],[-105.09325,39.97132],[-105.093331,39.971247],[-105.093362,39.971159],[-105.093351,39.97108],[-105.093274,39.971043]]],[[[-105.092604,39.981341],[-105.092646,39.981674],[-105.092723,39.981846],[-105.092703,39.981675],[-105.092649,39.981569],[-105.092604,39.981341]]],[[[-105.092719,39.982002],[-105.092739,39.982291],[-105.092789,39.982514],[-105.092798,39.982249],[-105.092719,39.982002]]],[[[-105.092764,39.982677],[-105.092743,39.982854],[-105.092784,39.982972],[-105.092799,39.9832],[-105.092803,39.982851],[-105.092764,39.982677]]],[[[-105.095879,39.983332],[-105.095876,39.983531],[-105.095804,39.98369],[-105.095175,39.984333],[-105.096153,39.984956],[-105.096305,39.985091],[-105.096368,39.9851],[-105.09734,39.984752],[-105.097497,39.984637],[-105.097634,39.984659],[-105.097704,39.984794],[-105.098033,39.984688],[-105.098004,39.98207],[-105.09758,39.982074],[-105.097222,39.982122],[-105.095897,39.982109],[-105.095646,39.982045],[-105.095065,39.981789],[-105.093699,39.981366],[-105.093095,39.981287],[-105.092874,39.98129],[-105.092783,39.981343],[-105.092765,39.981399],[-105.092898,39.982273],[-105.09291,39.983153],[-105.092962,39.983232],[-105.093382,39.983329],[-105.093724,39.983457],[-105.094973,39.984211],[-105.095021,39.984195],[-105.095614,39.983618],[-105.095668,39.983495],[-105.09566,39.983331],[-105.095879,39.983332]],[[-105.09566,39.983322],[-105.095768,39.983322],[-105.095878,39.983322],[-105.09566,39.983322]]],[[[-105.093476,39.981233],[-105.09378,39.981276],[-105.0933,39.98118],[-105.092786,39.981212],[-105.093476,39.981233]]],[[[-105.094459,40.006966],[-105.094257,40.006783],[-105.09402,40.006848],[-105.093883,40.006769],[-105.093889,40.00665],[-105.09403,40.006538],[-105.093952,40.006369],[-105.093921,40.006203],[-105.093917,40.005267],[-105.093857,40.005178],[-105.093529,40.005224],[-105.09349,40.005273],[-105.093477,40.007231],[-105.093499,40.007258],[-105.093501,40.007128],[-105.094053,40.007112],[-105.094306,40.007042],[-105.094459,40.006966]]],[[[-105.095051,40.008705],[-105.095057,40.007457],[-105.094108,40.007457],[-105.094082,40.007484],[-105.093501,40.007491],[-105.093503,40.008679],[-105.094011,40.008714],[-105.095051,40.008705]]],[[[-105.093549,40.003872],[-105.093531,40.00505],[-105.093599,40.00506],[-105.09382,40.005011],[-105.094064,40.004894],[-105.094412,40.004782],[-105.094344,40.004514],[-105.094335,40.004261],[-105.094286,40.004136],[-105.094302,40.004063],[-105.094374,40.003995],[-105.09553,40.004009],[-105.095577,40.003973],[-105.095579,40.003862],[-105.093549,40.003872]]],[[[-105.095096,39.967681],[-105.095798,39.967173],[-105.095974,39.966939],[-105.096017,39.966751],[-105.095992,39.966232],[-105.095938,39.96611],[-105.09581,39.966015],[-105.095658,39.965981],[-105.094885,39.965981],[-105.094446,39.966055],[-105.094217,39.966152],[-105.094004,39.966296],[-105.093826,39.966483],[-105.093694,39.96671],[-105.093629,39.966962],[-105.093642,39.967222],[-105.094301,39.967287],[-105.094954,39.966603],[-105.095055,39.966569],[-105.095169,39.9666],[-105.09522,39.966677],[-105.095192,39.966765],[-105.095114,39.96681],[-105.094955,39.966818],[-105.094897,39.966858],[-105.0945,39.967312],[-105.094524,39.967352],[-105.094812,39.96749],[-105.095096,39.967681]]],[[[-105.095087,39.968477],[-105.095142,39.968456],[-105.095344,39.968162],[-105.094785,39.967652],[-105.094544,39.967515],[-105.094235,39.967417],[-105.093913,39.96738],[-105.093702,39.967381],[-105.093644,39.967411],[-105.093639,39.967608],[-105.093693,39.967785],[-105.093815,39.967961],[-105.093981,39.968099],[-105.094055,39.968105],[-105.094162,39.968035],[-105.094231,39.967904],[-105.094301,39.967854],[-105.094416,39.967845],[-105.09451,39.967903],[-105.094528,39.967971],[-105.094498,39.968033],[-105.094189,39.968177],[-105.094167,39.968214],[-105.094189,39.968255],[-105.094528,39.968409],[-105.095087,39.968477]]],[[[-105.093969,39.981317],[-105.093964,39.981348],[-105.094378,39.981485],[-105.094409,39.981472],[-105.093969,39.981317]]],[[[-105.094137,40.006626],[-105.094007,40.00668],[-105.094003,40.006754],[-105.094057,40.006764],[-105.094176,40.006695],[-105.094182,40.006658],[-105.094137,40.006626]]],[[[-105.094124,40.006258],[-105.094095,40.006283],[-105.094186,40.006485],[-105.0943,40.006605],[-105.094352,40.006593],[-105.094372,40.006531],[-105.094124,40.006258]]],[[[-105.096999,40.005991],[-105.096909,40.005856],[-105.096799,40.005877],[-105.09643,40.006018],[-105.095548,40.006237],[-105.095278,40.006234],[-105.095215,40.006381],[-105.095135,40.0064],[-105.095101,40.006336],[-105.095211,40.006206],[-105.095085,40.00611],[-105.09502,40.005962],[-105.094863,40.005899],[-105.0948,40.005779],[-105.094798,40.005703],[-105.094844,40.00564],[-105.094928,40.005605],[-105.09546,40.00562],[-105.095691,40.00556],[-105.095637,40.005223],[-105.095625,40.004845],[-105.095166,40.004826],[-105.094798,40.004855],[-105.094352,40.004958],[-105.094107,40.005079],[-105.09413,40.005224],[-105.094121,40.006126],[-105.09425,40.006205],[-105.09449,40.006476],[-105.094506,40.006581],[-105.09443,40.00669],[-105.094625,40.006881],[-105.095203,40.006535],[-105.095578,40.006364],[-105.096999,40.005991]]],[[[-105.094272,39.975669],[-105.094622,39.975667],[-105.09509,39.975603],[-105.095707,39.975597],[-105.096002,39.975492],[-105.096127,39.975367],[-105.096292,39.975059],[-105.096977,39.974104],[-105.097024,39.97397],[-105.097015,39.973767],[-105.096954,39.973738],[-105.096129,39.973754],[-105.0961,39.974037],[-105.09604,39.974204],[-105.095481,39.974982],[-105.095324,39.975048],[-105.094529,39.975054],[-105.094221,39.975505],[-105.094207,39.975628],[-105.094272,39.975669]]],[[[-105.095289,39.988864],[-105.094452,39.988856],[-105.094446,39.98911],[-105.094339,39.989273],[-105.094585,39.989456],[-105.094644,39.989546],[-105.095264,39.989556],[-105.095289,39.988864]]],[[[-105.094425,39.987081],[-105.094449,39.988707],[-105.095307,39.988724],[-105.095446,39.988779],[-105.095796,39.989017],[-105.096034,39.989137],[-105.096359,39.989236],[-105.096697,39.989275],[-105.096999,39.989274],[-105.097129,39.989227],[-105.097537,39.988692],[-105.097812,39.988806],[-105.098115,39.988806],[-105.098094,39.987313],[-105.097926,39.987184],[-105.096562,39.987178],[-105.096562,39.987136],[-105.094425,39.987081]]],[[[-105.094902,40.00736],[-105.09473,40.007253],[-105.094506,40.007338],[-105.094689,40.007351],[-105.094902,40.00736]]],[[[-105.094545,40.004197],[-105.094548,40.004532],[-105.094636,40.004722],[-105.095071,40.004681],[-105.095595,40.00468],[-105.095639,40.004646],[-105.095633,40.004505],[-105.095529,40.00414],[-105.09463,40.004131],[-105.094545,40.004197]]],[[[-105.09463,39.974921],[-105.095356,39.974905],[-105.095893,39.974153],[-105.095945,39.973968],[-105.095926,39.973747],[-105.095272,39.973711],[-105.095182,39.973757],[-105.095105,39.974041],[-105.094637,39.974704],[-105.094578,39.974865],[-105.09463,39.974921]]],[[[-105.095343,40.005718],[-105.09496,40.005699],[-105.094918,40.005738],[-105.094932,40.00581],[-105.094983,40.005859],[-105.09506,40.005858],[-105.095343,40.005718]]],[[[-105.096901,40.007469],[-105.102665,40.007461],[-105.102665,40.003984],[-105.101572,40.003989],[-105.101466,40.004049],[-105.101421,40.004399],[-105.101271,40.004868],[-105.101259,40.005844],[-105.101355,40.006037],[-105.101318,40.00613],[-105.10124,40.006195],[-105.09805,40.006232],[-105.098049,40.006392],[-105.098049,40.006232],[-105.097503,40.006252],[-105.097437,40.006279],[-105.097416,40.006324],[-105.097523,40.006809],[-105.097686,40.006936],[-105.097717,40.006997],[-105.097696,40.007081],[-105.097616,40.007138],[-105.097494,40.007145],[-105.097401,40.007094],[-105.097334,40.00695],[-105.097324,40.006789],[-105.097286,40.006766],[-105.096885,40.006874],[-105.096891,40.007051],[-105.096841,40.007107],[-105.096752,40.007138],[-105.096657,40.00713],[-105.096542,40.007065],[-105.096187,40.007123],[-105.095584,40.007117],[-105.095435,40.007075],[-105.095349,40.007],[-105.095359,40.006891],[-105.095464,40.006816],[-105.095599,40.006831],[-105.095775,40.006965],[-105.096261,40.006967],[-105.096476,40.006914],[-105.096844,40.006723],[-105.097271,40.006606],[-105.097217,40.006348],[-105.097168,40.006307],[-105.09709,40.006298],[-105.095699,40.006673],[-105.095387,40.006826],[-105.094971,40.007076],[-105.094936,40.00713],[-105.094961,40.007188],[-105.095155,40.007297],[-105.095628,40.007443],[-105.096901,40.007469]]],[[[-105.095023,39.972644],[-105.095022,39.973036],[-105.095051,39.973054],[-105.095076,39.973034],[-105.095085,39.972645],[-105.095023,39.972644]]],[[[-105.09668,40.005528],[-105.095349,40.00582],[-105.095095,40.005946],[-105.095112,40.006009],[-105.095235,40.006145],[-105.095451,40.006191],[-105.096394,40.005964],[-105.096872,40.0058],[-105.096741,40.005553],[-105.09668,40.005528]]],[[[-105.098349,39.970498],[-105.098471,39.970565],[-105.098468,39.970685],[-105.097621,39.971202],[-105.097452,39.971444],[-105.097408,39.971598],[-105.097439,39.971642],[-105.098085,39.971647],[-105.098263,39.97162],[-105.098616,39.971506],[-105.098899,39.971338],[-105.099118,39.971132],[-105.099274,39.970822],[-105.0993,39.970539],[-105.099215,39.970285],[-105.099014,39.970057],[-105.098715,39.969918],[-105.098326,39.969876],[-105.09773,39.969942],[-105.097356,39.969918],[-105.096713,39.96972],[-105.096208,39.969494],[-105.095795,39.9698],[-105.095578,39.970029],[-105.095885,39.970158],[-105.096253,39.970235],[-105.096453,39.970243],[-105.096536,39.970314],[-105.096523,39.970407],[-105.096445,39.970462],[-105.09634,39.970464],[-105.09616,39.970331],[-105.095785,39.970253],[-105.095474,39.970135],[-105.095258,39.970477],[-105.095173,39.970701],[-105.095136,39.970915],[-105.095182,39.97095],[-105.095758,39.970959],[-105.09608,39.971031],[-105.096362,39.971159],[-105.096931,39.971516],[-105.09721,39.971611],[-105.09725,39.971586],[-105.097363,39.971284],[-105.097538,39.971076],[-105.097399,39.970932],[-105.097229,39.970852],[-105.097203,39.970778],[-105.097241,39.970703],[-105.097345,39.97066],[-105.097456,39.970683],[-105.097513,39.970739],[-105.097542,39.970868],[-105.097694,39.970973],[-105.098095,39.970772],[-105.098167,39.970705],[-105.098199,39.970546],[-105.098349,39.970498]]],[[[-105.09517,39.973479],[-105.09519,39.973538],[-105.095243,39.973566],[-105.095884,39.973609],[-105.095947,39.973564],[-105.095948,39.973276],[-105.095316,39.973275],[-105.095339,39.972679],[-105.095203,39.972684],[-105.09517,39.973479]]],[[[-105.0952,39.977295],[-105.095203,39.977975],[-105.09589,39.978165],[-105.0965,39.97841],[-105.096817,39.978103],[-105.097245,39.977887],[-105.097649,39.977803],[-105.098208,39.977791],[-105.098621,39.976725],[-105.098572,39.976673],[-105.098459,39.97664],[-105.098189,39.976652],[-105.096931,39.977288],[-105.096428,39.977443],[-105.095897,39.977461],[-105.0952,39.977295]]],[[[-105.095212,39.990236],[-105.095241,39.990296],[-105.09522,39.990566],[-105.096492,39.990573],[-105.096493,39.990242],[-105.095212,39.990236]]],[[[-105.095502,39.968271],[-105.095378,39.968368],[-105.095296,39.968528],[-105.095292,39.968695],[-105.095353,39.968844],[-105.095533,39.969021],[-105.096109,39.969311],[-105.096208,39.969289],[-105.096675,39.968768],[-105.096659,39.96872],[-105.095502,39.968271]]],[[[-105.095529,40.006905],[-105.095463,40.006923],[-105.095465,40.006981],[-105.095646,40.007027],[-105.095529,40.006905]]],[[[-105.095776,40.003995],[-105.095773,40.004241],[-105.095859,40.004675],[-105.09638,40.004721],[-105.09655,40.004624],[-105.096606,40.004455],[-105.096619,40.004111],[-105.096668,40.004036],[-105.096619,40.003997],[-105.095776,40.003995]]],[[[-105.095782,39.994744],[-105.0958,39.995192],[-105.096333,39.995215],[-105.096509,39.995266],[-105.096668,39.995422],[-105.096698,39.995658],[-105.0967,39.99649],[-105.096663,39.996609],[-105.096548,39.996727],[-105.096398,39.996788],[-105.095822,39.996816],[-105.095798,39.996837],[-105.095801,39.997119],[-105.096581,39.997063],[-105.096875,39.996908],[-105.097041,39.996689],[-105.097052,39.994743],[-105.095782,39.994744]]],[[[-105.095851,39.996689],[-105.096352,39.996679],[-105.096478,39.996622],[-105.096546,39.996532],[-105.096551,39.995515],[-105.096504,39.995416],[-105.096402,39.995347],[-105.095853,39.995326],[-105.095787,39.995363],[-105.095797,39.99665],[-105.095851,39.996689]]],[[[-105.096785,40.004592],[-105.096653,40.004766],[-105.096456,40.004862],[-105.095844,40.004848],[-105.095836,40.005253],[-105.095894,40.005497],[-105.095941,40.005514],[-105.09679,40.005347],[-105.096785,40.004592]]],[[[-105.097543,39.973628],[-105.097545,39.972618],[-105.095933,39.972613],[-105.095937,39.973101],[-105.096021,39.972988],[-105.096152,39.972936],[-105.097059,39.972953],[-105.09714,39.972999],[-105.097192,39.973085],[-105.097198,39.9736],[-105.097543,39.973628]]],[[[-105.096171,39.973615],[-105.09701,39.973595],[-105.097018,39.973083],[-105.096174,39.973061],[-105.096122,39.973087],[-105.09612,39.973591],[-105.096171,39.973615]]],[[[-105.096603,39.990243],[-105.096614,39.990573],[-105.097511,39.990578],[-105.09752,39.990003],[-105.097541,39.989979],[-105.097506,39.989979],[-105.097544,39.989921],[-105.098336,39.989906],[-105.098171,39.989401],[-105.098124,39.989001],[-105.097528,39.989035],[-105.09745,39.989086],[-105.097273,39.989303],[-105.097072,39.989395],[-105.096678,39.989409],[-105.096369,39.989379],[-105.096352,39.989408],[-105.096603,39.990243]]],[[[-105.096732,40.006955],[-105.096678,40.006972],[-105.096664,40.007009],[-105.096739,40.007057],[-105.096787,40.007002],[-105.096732,40.006955]]],[[[-105.096755,40.004214],[-105.096839,40.00415],[-105.096809,40.004079],[-105.096732,40.004113],[-105.096731,40.004204],[-105.096755,40.004214]]],[[[-105.099123,40.005316],[-105.097775,40.005327],[-105.09697,40.005468],[-105.09694,40.005511],[-105.097073,40.005757],[-105.097421,40.00571],[-105.097842,40.005744],[-105.098604,40.005738],[-105.098854,40.005615],[-105.099174,40.005607],[-105.099173,40.005354],[-105.099123,40.005316]]],[[[-105.097799,39.968944],[-105.098888,39.968877],[-105.099067,39.968812],[-105.09921,39.968685],[-105.099268,39.968575],[-105.099284,39.968451],[-105.099182,39.968001],[-105.099125,39.967337],[-105.099099,39.967298],[-105.098164,39.967267],[-105.097447,39.967366],[-105.097396,39.967397],[-105.097347,39.967938],[-105.097371,39.967984],[-105.097632,39.968029],[-105.098129,39.967932],[-105.098244,39.967983],[-105.098273,39.968085],[-105.098223,39.968149],[-105.098131,39.968177],[-105.097931,39.96811],[-105.097612,39.968153],[-105.097308,39.968117],[-105.096968,39.968681],[-105.097536,39.968911],[-105.097799,39.968944]]],[[[-105.09901,40.005925],[-105.099176,40.005925],[-105.099175,40.005667],[-105.09901,40.005669],[-105.09901,40.005925]]],[[[-105.09901,40.005925],[-105.098946,40.005924],[-105.098945,40.00567],[-105.098837,40.005685],[-105.098724,40.005764],[-105.098605,40.005799],[-105.097834,40.005806],[-105.097427,40.005771],[-105.097109,40.005813],[-105.097203,40.005957],[-105.09759,40.005925],[-105.09901,40.005925]]],[[[-105.097184,39.966642],[-105.097207,39.966789],[-105.097349,39.967193],[-105.097395,39.967235],[-105.098067,39.967127],[-105.098089,39.966914],[-105.098006,39.966742],[-105.098055,39.966672],[-105.098146,39.966641],[-105.098251,39.966662],[-105.098316,39.96674],[-105.098249,39.966915],[-105.098252,39.967084],[-105.098282,39.96712],[-105.09908,39.967155],[-105.099145,39.967109],[-105.099251,39.966421],[-105.099211,39.966285],[-105.099128,39.966162],[-105.099032,39.966074],[-105.098881,39.966001],[-105.09867,39.965962],[-105.097922,39.965977],[-105.097617,39.966056],[-105.097379,39.966209],[-105.097231,39.96641],[-105.097184,39.966642]]],[[[-105.097582,40.006986],[-105.09746,40.006965],[-105.097495,40.007058],[-105.097573,40.007072],[-105.097582,40.006986]]],[[[-105.099116,40.004535],[-105.097919,40.004535],[-105.097742,40.00457],[-105.09764,40.00465],[-105.09758,40.004766],[-105.097606,40.005154],[-105.097656,40.005185],[-105.099139,40.005159],[-105.09917,40.005119],[-105.099165,40.004577],[-105.099116,40.004535]]],[[[-105.098038,40.001189],[-105.098057,40.003853],[-105.101245,40.003836],[-105.101245,40.00358],[-105.101198,40.003544],[-105.100865,40.00354],[-105.10079,40.0035],[-105.100759,40.003442],[-105.100783,40.003086],[-105.100888,40.003029],[-105.101177,40.003021],[-105.101223,40.002977],[-105.101193,40.002894],[-105.101007,40.002644],[-105.100574,40.002334],[-105.100184,40.002665],[-105.100088,40.002786],[-105.100035,40.002951],[-105.100028,40.003337],[-105.099974,40.003437],[-105.09988,40.003512],[-105.099696,40.003563],[-105.098751,40.003568],[-105.098621,40.003546],[-105.098499,40.003478],[-105.098407,40.003306],[-105.09839,40.001775],[-105.098452,40.001662],[-105.098574,40.00158],[-105.098916,40.001548],[-105.09891,40.001303],[-105.098855,40.001228],[-105.098753,40.001192],[-105.098038,40.001189]]],[[[-105.098579,39.977302],[-105.098392,39.977795],[-105.0984,39.977843],[-105.098462,39.977876],[-105.100308,39.978266],[-105.100554,39.978246],[-105.100677,39.978193],[-105.100712,39.978146],[-105.100547,39.977848],[-105.100502,39.977571],[-105.10044,39.977526],[-105.099675,39.977463],[-105.098646,39.977269],[-105.098579,39.977302]]],[[[-105.098743,40.00169],[-105.098622,40.001728],[-105.098566,40.001814],[-105.09858,40.002731],[-105.098981,40.002713],[-105.098981,40.002531],[-105.098937,40.002531],[-105.098925,40.00169],[-105.098743,40.00169]]],[[[-105.098781,39.976794],[-105.098664,39.977079],[-105.098717,39.977145],[-105.099865,39.977356],[-105.100446,39.977397],[-105.100537,39.977344],[-105.100608,39.976846],[-105.100562,39.976781],[-105.099932,39.976731],[-105.099199,39.976606],[-105.098952,39.976655],[-105.098781,39.976794]]],[[[-105.098757,40.003143],[-105.098748,40.003431],[-105.099708,40.003423],[-105.099801,40.003385],[-105.099852,40.003302],[-105.099854,40.003143],[-105.098757,40.003143]]],[[[-105.100387,40.004535],[-105.099384,40.004549],[-105.099376,40.005546],[-105.100304,40.005561],[-105.100377,40.005533],[-105.100387,40.004535]]],[[[-105.10032,40.005646],[-105.099377,40.005645],[-105.099382,40.006027],[-105.099465,40.006083],[-105.100518,40.006078],[-105.10073,40.00605],[-105.100852,40.005996],[-105.101026,40.005838],[-105.101077,40.00572],[-105.101089,40.004877],[-105.101144,40.004651],[-105.101105,40.00458],[-105.100891,40.004534],[-105.100517,40.004534],[-105.100505,40.005512],[-105.100446,40.005602],[-105.10032,40.005646]]],[[[-105.099553,40.002672],[-105.099489,40.002868],[-105.099494,40.003056],[-105.099854,40.003067],[-105.099866,40.002858],[-105.099947,40.002685],[-105.100447,40.002244],[-105.100214,40.002064],[-105.099825,40.002421],[-105.099646,40.002532],[-105.099553,40.002672]]],[[[-105.099585,39.99052],[-105.09983,39.990823],[-105.102172,39.993317],[-105.102179,39.992463],[-105.102062,39.99255],[-105.101898,39.992513],[-105.101685,39.992201],[-105.101643,39.991853],[-105.101343,39.991786],[-105.101161,39.991691],[-105.100443,39.990935],[-105.100408,39.990852],[-105.100425,39.990757],[-105.100492,39.990682],[-105.100637,39.990611],[-105.100652,39.990528],[-105.099585,39.99052]]],[[[-105.100028,39.98091],[-105.099893,39.980963],[-105.09981,39.981095],[-105.099818,39.98267],[-105.099844,39.982743],[-105.099909,39.982775],[-105.100524,39.98276],[-105.100585,39.982682],[-105.100585,39.980961],[-105.100522,39.980908],[-105.100028,39.98091]]],[[[-105.102246,39.99042],[-105.102247,39.990237],[-105.102538,39.990199],[-105.102671,39.990149],[-105.102867,39.99],[-105.102949,39.989794],[-105.102916,39.989674],[-105.102738,39.989573],[-105.103125,39.988818],[-105.103229,39.988703],[-105.102925,39.988542],[-105.10303,39.988417],[-105.103121,39.988383],[-105.103105,39.98834],[-105.103021,39.988351],[-105.102815,39.988245],[-105.102991,39.988051],[-105.103059,39.987839],[-105.103061,39.987428],[-105.103029,39.987428],[-105.103027,39.987153],[-105.101616,39.987155],[-105.101563,39.987178],[-105.101528,39.987216],[-105.101532,39.9874],[-105.101572,39.987425],[-105.102801,39.987427],[-105.102843,39.987524],[-105.102792,39.987604],[-105.102788,39.98778],[-105.10273,39.987974],[-105.102666,39.988032],[-105.102571,39.98805],[-105.10249,39.988026],[-105.10243,39.987963],[-105.102451,39.987854],[-105.102611,39.987766],[-105.102612,39.987607],[-105.102574,39.987566],[-105.101545,39.987567],[-105.101511,39.987584],[-105.101381,39.987863],[-105.100864,39.988545],[-105.100894,39.988592],[-105.101072,39.988663],[-105.10113,39.988656],[-105.101613,39.988013],[-105.101729,39.98797],[-105.101858,39.988013],[-105.101894,39.988077],[-105.101875,39.988151],[-105.101801,39.988204],[-105.101653,39.988232],[-105.101295,39.988742],[-105.101721,39.988932],[-105.101957,39.988662],[-105.102108,39.98862],[-105.102707,39.988883],[-105.102739,39.988946],[-105.102728,39.989],[-105.102288,39.989618],[-105.102412,39.989739],[-105.102589,39.989801],[-105.102615,39.989882],[-105.102569,39.989956],[-105.102478,39.989991],[-105.102388,39.989981],[-105.102314,39.989928],[-105.102286,39.989834],[-105.102165,39.989743],[-105.101942,39.989773],[-105.101768,39.989753],[-105.100835,39.98937],[-105.100689,39.989554],[-105.100667,39.989742],[-105.100727,39.989865],[-105.100836,39.989959],[-105.10104,39.989922],[-105.10116,39.989985],[-105.10118,39.990049],[-105.101148,39.990118],[-105.101075,39.990161],[-105.100983,39.990167],[-105.100681,39.99004],[-105.100513,39.989829],[-105.100493,39.989591],[-105.100645,39.989321],[-105.100633,39.989272],[-105.100447,39.989195],[-105.100378,39.989205],[-105.100192,39.989529],[-105.100179,39.989766],[-105.100272,39.990007],[-105.100444,39.990196],[-105.10067,39.990329],[-105.10102,39.990415],[-105.101682,39.990417],[-105.101702,39.990386],[-105.101661,39.990318],[-105.10167,39.990245],[-105.101738,39.990186],[-105.101827,39.990172],[-105.101966,39.99025],[-105.101949,39.990415],[-105.102246,39.99042]]],[[[-105.100356,39.976639],[-105.101061,39.97663],[-105.101115,39.976567],[-105.101069,39.976521],[-105.100962,39.976506],[-105.100397,39.976507],[-105.100258,39.976548],[-105.100262,39.976614],[-105.100356,39.976639]]],[[[-105.100283,40.001617],[-105.100334,40.001851],[-105.100471,40.00206],[-105.101128,40.002551],[-105.101334,40.002799],[-105.10142,40.003058],[-105.101426,40.003665],[-105.101458,40.003725],[-105.10155,40.003761],[-105.10258,40.003755],[-105.102594,40.000559],[-105.102392,40.000394],[-105.100577,40.00041],[-105.100529,40.000893],[-105.100314,40.001415],[-105.100283,40.001617]]],[[[-105.100371,39.984753],[-105.100344,39.985159],[-105.100369,39.985208],[-105.101103,39.985322],[-105.101177,39.985288],[-105.101365,39.984984],[-105.101657,39.984751],[-105.101674,39.984702],[-105.101518,39.984479],[-105.101423,39.984267],[-105.10134,39.98423],[-105.10102,39.984389],[-105.101051,39.984472],[-105.101191,39.984538],[-105.101235,39.984591],[-105.101232,39.984672],[-105.101169,39.984731],[-105.101071,39.984752],[-105.100974,39.984721],[-105.100926,39.98466],[-105.100904,39.984522],[-105.100809,39.984477],[-105.10049,39.984619],[-105.100371,39.984753]]],[[[-105.101903,39.989636],[-105.102028,39.989614],[-105.102121,39.989553],[-105.102509,39.989025],[-105.102502,39.988952],[-105.102097,39.988788],[-105.10186,39.989062],[-105.101725,39.989101],[-105.100775,39.988709],[-105.100735,39.988719],[-105.100506,39.989031],[-105.100542,39.989078],[-105.10178,39.989611],[-105.101903,39.989636]]],[[[-105.101563,39.991702],[-105.101634,39.991684],[-105.101664,39.991632],[-105.101654,39.990603],[-105.101609,39.990578],[-105.100888,39.99056],[-105.10059,39.990782],[-105.100583,39.990873],[-105.101232,39.991566],[-105.101379,39.991661],[-105.101563,39.991702]]],[[[-105.100684,39.977718],[-105.100778,39.977949],[-105.10096,39.978149],[-105.101186,39.978276],[-105.101503,39.978364],[-105.101766,39.978395],[-105.102028,39.978385],[-105.102827,39.978255],[-105.103027,39.978198],[-105.103079,39.978148],[-105.102755,39.977501],[-105.102648,39.977404],[-105.102465,39.977335],[-105.102297,39.977332],[-105.101896,39.977415],[-105.10185,39.977472],[-105.101897,39.977567],[-105.101888,39.97764],[-105.101785,39.977712],[-105.101618,39.977678],[-105.101581,39.977625],[-105.101572,39.977505],[-105.101506,39.977475],[-105.100739,39.977529],[-105.100674,39.977585],[-105.100684,39.977718]]],[[[-105.102873,39.977166],[-105.103006,39.977248],[-105.103002,39.977334],[-105.102923,39.977412],[-105.102919,39.977458],[-105.103128,39.977901],[-105.103258,39.978064],[-105.103347,39.978056],[-105.103589,39.97789],[-105.103841,39.977655],[-105.103928,39.977496],[-105.10394,39.977126],[-105.103826,39.976864],[-105.103564,39.976659],[-105.103181,39.976538],[-105.102341,39.97654],[-105.1016,39.976693],[-105.100833,39.976775],[-105.10078,39.976825],[-105.100708,39.977334],[-105.100774,39.977397],[-105.101114,39.977385],[-105.101681,39.97732],[-105.10229,39.977205],[-105.102665,39.977245],[-105.102773,39.977181],[-105.102873,39.977166]]],[[[-105.101416,39.980798],[-105.10081,39.980912],[-105.100756,39.98096],[-105.100751,39.982696],[-105.100797,39.982754],[-105.101442,39.982761],[-105.101527,39.982699],[-105.101532,39.980879],[-105.101503,39.980823],[-105.101416,39.980798]]],[[[-105.100909,40.003137],[-105.100923,40.003425],[-105.101201,40.003433],[-105.101245,40.003398],[-105.101244,40.003148],[-105.1012,40.003115],[-105.100909,40.003137]]],[[[-105.101148,40.005956],[-105.101077,40.005962],[-105.101039,40.006007],[-105.101039,40.006065],[-105.101089,40.006116],[-105.101161,40.00611],[-105.101198,40.006066],[-105.101199,40.006007],[-105.101148,40.005956]]],[[[-105.101323,39.985561],[-105.101499,39.986302],[-105.101527,39.986824],[-105.107616,39.986841],[-105.10765,39.986816],[-105.107643,39.986284],[-105.107573,39.985915],[-105.107441,39.985575],[-105.107166,39.985076],[-105.10704,39.984711],[-105.10651,39.984746],[-105.106484,39.984788],[-105.106512,39.984932],[-105.106497,39.98506],[-105.106358,39.985291],[-105.106099,39.985446],[-105.105708,39.985514],[-105.105697,39.985893],[-105.105781,39.986047],[-105.105742,39.986122],[-105.105649,39.986164],[-105.105524,39.986137],[-105.105466,39.986056],[-105.105539,39.98589],[-105.10553,39.98552],[-105.105219,39.985434],[-105.10504,39.985324],[-105.104874,39.98506],[-105.104866,39.984927],[-105.10454,39.9859],[-105.102889,39.985903],[-105.102889,39.985609],[-105.102063,39.985589],[-105.101414,39.9855],[-105.101351,39.985518],[-105.101323,39.985561]]],[[[-105.102894,39.98434],[-105.102484,39.984444],[-105.102129,39.984623],[-105.101552,39.985025],[-105.101406,39.985209],[-105.10137,39.985332],[-105.101428,39.98537],[-105.101686,39.985385],[-105.101908,39.985128],[-105.102386,39.984811],[-105.102658,39.984683],[-105.102801,39.984687],[-105.102885,39.984787],[-105.102894,39.98434]]],[[[-105.101988,39.998282],[-105.101444,39.998284],[-105.101437,39.999964],[-105.102219,39.999958],[-105.102399,39.99982],[-105.102422,39.998995],[-105.102536,39.998328],[-105.10199,39.998325],[-105.101988,39.998282]]],[[[-105.10219,39.990581],[-105.101895,39.990579],[-105.101836,39.990632],[-105.101822,39.991963],[-105.101828,39.992124],[-105.101882,39.99224],[-105.101955,39.992292],[-105.102113,39.992327],[-105.102179,39.992404],[-105.10219,39.990581]]],[[[-105.102885,39.984806],[-105.102853,39.984873],[-105.102784,39.984913],[-105.102565,39.984892],[-105.102471,39.984919],[-105.101986,39.985246],[-105.101895,39.985353],[-105.1019,39.985412],[-105.102115,39.985463],[-105.10289,39.985464],[-105.102885,39.984806]]],[[[-105.102733,39.981471],[-105.102659,39.981539],[-105.10266,39.98202],[-105.102731,39.982073],[-105.10295,39.982065],[-105.10301,39.981994],[-105.103008,39.981537],[-105.102921,39.981472],[-105.102733,39.981471]]],[[[-105.102738,39.982769],[-105.103824,39.982776],[-105.103928,39.982717],[-105.103928,39.980856],[-105.103878,39.980786],[-105.102753,39.980776],[-105.102667,39.980837],[-105.102665,39.981328],[-105.102725,39.981373],[-105.103004,39.981388],[-105.103112,39.981468],[-105.103135,39.982008],[-105.103104,39.98209],[-105.103042,39.982142],[-105.102711,39.982173],[-105.102669,39.982205],[-105.102664,39.982716],[-105.102738,39.982769]]],[[[-105.103152,40.010547],[-105.103152,40.010766],[-105.104728,40.010764],[-105.104013,40.010561],[-105.103152,40.010547]]],[[[-105.103178,40.007647],[-105.103153,40.01021],[-105.103579,40.010213],[-105.104188,40.010279],[-105.105189,40.010574],[-105.105463,40.010627],[-105.10724,40.010642],[-105.107324,40.010601],[-105.107343,40.009884],[-105.107273,40.009659],[-105.107089,40.00945],[-105.106408,40.009012],[-105.106304,40.008896],[-105.10625,40.008778],[-105.106234,40.008674],[-105.106262,40.008531],[-105.106582,40.008013],[-105.106679,40.007703],[-105.103178,40.007647]]],[[[-105.106683,40.007369],[-105.10667,40.006461],[-105.106595,40.006285],[-105.106364,40.005969],[-105.106276,40.005649],[-105.106289,40.003955],[-105.106239,40.003918],[-105.103886,40.003911],[-105.103351,40.003938],[-105.103208,40.00405],[-105.103174,40.007366],[-105.106683,40.007369]]],[[[-105.10332,39.998285],[-105.103206,39.998816],[-105.103198,39.999856],[-105.10338,39.999993],[-105.104129,39.999995],[-105.10412,39.998284],[-105.10332,39.998285]]],[[[-105.104008,40.01042],[-105.104481,40.010524],[-105.104506,40.010506],[-105.104057,40.010379],[-105.103251,40.010392],[-105.10325,40.010431],[-105.104008,40.01042]]],[[[-105.106078,40.002486],[-105.105187,40.001532],[-105.105076,40.001291],[-105.104866,40.001319],[-105.104674,40.001396],[-105.104529,40.001508],[-105.104432,40.001653],[-105.104402,40.001882],[-105.104527,40.0022],[-105.104568,40.002396],[-105.104566,40.002859],[-105.104477,40.003753],[-105.106246,40.003757],[-105.106302,40.003708],[-105.106286,40.002955],[-105.106215,40.002688],[-105.106078,40.002486]]],[[[-105.104783,40.010576],[-105.104734,40.010637],[-105.105029,40.010652],[-105.104783,40.010576]]],[[[-105.105124,39.984706],[-105.105046,39.984954],[-105.105069,39.985114],[-105.105188,39.985262],[-105.105373,39.98535],[-105.105893,39.985364],[-105.106022,39.985335],[-105.106238,39.985204],[-105.10634,39.985033],[-105.106345,39.98487],[-105.106277,39.984763],[-105.105746,39.984768],[-105.105176,39.984671],[-105.105124,39.984706]]],[[[-105.107831,39.98821],[-105.107725,39.988003],[-105.107658,39.987779],[-105.107626,39.987177],[-105.106313,39.987186],[-105.106309,39.987338],[-105.106494,39.987339],[-105.107831,39.98821]]],[[[-105.107198,40.009336],[-105.106426,40.008827],[-105.106345,40.008684],[-105.106387,40.008838],[-105.106476,40.008944],[-105.106854,40.009147],[-105.107172,40.009352],[-105.107341,40.009509],[-105.107368,40.009501],[-105.107198,40.009336]]],[[[-105.106889,40.007704],[-105.106813,40.008009],[-105.106493,40.008527],[-105.106465,40.00869],[-105.106538,40.008803],[-105.107507,40.009416],[-105.107513,40.0077],[-105.106889,40.007704]]],[[[-105.106508,40.005653],[-105.106583,40.005946],[-105.106732,40.006137],[-105.10681,40.006183],[-105.108414,40.00618],[-105.108405,40.003434],[-105.108309,40.003213],[-105.107804,40.003359],[-105.107816,40.003495],[-105.10768,40.003495],[-105.107686,40.005627],[-105.107634,40.005623],[-105.107613,40.005929],[-105.107543,40.005933],[-105.107527,40.005652],[-105.106508,40.005653]],[[-105.107692,40.005937],[-105.107686,40.00594],[-105.107689,40.005938],[-105.107692,40.005937]]],[[[-105.106897,40.007484],[-105.107877,40.007475],[-105.107874,40.006332],[-105.106985,40.006325],[-105.106903,40.006366],[-105.10688,40.006423],[-105.106897,40.007484]]],[[[-105.109226,39.987176],[-105.10793,39.987171],[-105.107934,39.987618],[-105.107967,39.987814],[-105.108104,39.988126],[-105.108322,39.98839],[-105.109201,39.989],[-105.109226,39.987176]]],[[[-105.109883,40.007011],[-105.108072,40.007023],[-105.108068,40.007474],[-105.108043,40.007478],[-105.109889,40.007482],[-105.109883,40.007011]]],[[[-105.109875,40.006332],[-105.108068,40.006332],[-105.10807,40.006877],[-105.109882,40.006876],[-105.109875,40.006332]]],[[[-105.10954,40.001833],[-105.109545,40.001495],[-105.108596,40.001496],[-105.108463,40.001545],[-105.108283,40.001712],[-105.108243,40.001799],[-105.10824,40.002617],[-105.108337,40.002828],[-105.109856,40.002431],[-105.109852,40.001836],[-105.10954,40.001833]]],[[[-105.108495,40.003159],[-105.108599,40.003397],[-105.108598,40.003777],[-105.109316,40.003776],[-105.10932,40.003181],[-105.109219,40.002949],[-105.108495,40.003159]]],[[[-105.108613,40.005489],[-105.109328,40.005492],[-105.109319,40.003921],[-105.108604,40.003921],[-105.108613,40.005489]]],[[[-105.109873,40.005617],[-105.108611,40.005621],[-105.108613,40.006176],[-105.109874,40.006176],[-105.109873,40.005617]]],[[[-105.10987,40.003774],[-105.109862,40.002763],[-105.109396,40.002898],[-105.109502,40.003124],[-105.109514,40.003774],[-105.10987,40.003774]]],[[[-105.10987,40.003774],[-105.109866,40.003918],[-105.109516,40.003921],[-105.109528,40.005489],[-105.109873,40.00549],[-105.10987,40.003774]]],[[[-105.113909,39.98682],[-105.114652,39.986819],[-105.114653,39.986511],[-105.113962,39.986559],[-105.113949,39.986468],[-105.114654,39.986413],[-105.114631,39.986279],[-105.114475,39.98591],[-105.113972,39.985908],[-105.113974,39.985714],[-105.114429,39.985713],[-105.114428,39.985181],[-105.114025,39.985135],[-105.114023,39.985],[-105.114467,39.984907],[-105.114568,39.984758],[-105.114479,39.984659],[-105.114438,39.984546],[-105.114449,39.983966],[-105.114506,39.98386],[-105.114606,39.983774],[-105.114883,39.983699],[-105.115611,39.983876],[-105.116559,39.983888],[-105.116714,39.983942],[-105.116834,39.984042],[-105.116895,39.984189],[-105.116892,39.984526],[-105.116842,39.984651],[-105.116727,39.984758],[-105.116476,39.984834],[-105.1155,39.984842],[-105.115515,39.985534],[-105.115763,39.986284],[-105.115784,39.98644],[-105.11623,39.986436],[-105.11623,39.986537],[-105.115783,39.986542],[-105.115784,39.986813],[-105.11731,39.986798],[-105.117303,39.98515],[-105.117397,39.985148],[-105.117412,39.983315],[-105.113947,39.983353],[-105.113909,39.98682]]],[[[-105.114591,40.006125],[-105.114956,40.006127],[-105.115505,40.006024],[-105.115996,40.00598],[-105.116347,40.005236],[-105.116387,40.005094],[-105.116374,40.004856],[-105.11631,40.00465],[-105.116208,40.004494],[-105.1161,40.004487],[-105.11591,40.004651],[-105.115993,40.004845],[-105.116005,40.004981],[-105.115863,40.005416],[-105.115805,40.005507],[-105.115661,40.005606],[-105.11531,40.005677],[-105.115159,40.005771],[-105.115033,40.00576],[-105.114961,40.005694],[-105.115039,40.005078],[-105.114965,40.004737],[-105.115011,40.004628],[-105.115157,40.004491],[-105.115121,40.004414],[-105.114983,40.004317],[-105.114993,40.004207],[-105.115095,40.004149],[-105.115217,40.004162],[-105.115293,40.004239],[-105.11527,40.004369],[-105.115306,40.004442],[-105.115571,40.004463],[-105.115771,40.004551],[-105.115826,40.004541],[-105.116045,40.004344],[-105.116031,40.004298],[-105.115796,40.004107],[-105.115696,40.003947],[-105.115651,40.003752],[-105.115687,40.003495],[-105.115668,40.003449],[-105.115381,40.003401],[-105.115157,40.003445],[-105.115069,40.003403],[-105.115033,40.003327],[-105.115075,40.003244],[-105.115172,40.003205],[-105.115268,40.003216],[-105.115401,40.003288],[-105.115659,40.003313],[-105.115731,40.003273],[-105.115863,40.002522],[-105.115811,40.00249],[-105.115404,40.002469],[-105.115163,40.002547],[-105.115055,40.0025],[-105.115023,40.002412],[-105.115075,40.002336],[-105.115169,40.002304],[-105.115372,40.002356],[-105.115825,40.002376],[-105.115886,40.002352],[-105.115897,40.001681],[-105.11584,40.001627],[-105.115458,40.001539],[-105.115365,40.001551],[-105.115239,40.001619],[-105.115118,40.001614],[-105.115025,40.001524],[-105.115032,40.001457],[-105.115077,40.001407],[-105.115213,40.001377],[-105.115938,40.001517],[-105.116376,40.001064],[-105.116546,40.000955],[-105.116879,40.000874],[-105.117285,40.000938],[-105.117497,40.000775],[-105.117816,40.000666],[-105.117955,40.000736],[-105.117973,40.000797],[-105.117943,40.000866],[-105.11782,40.000919],[-105.117657,40.000879],[-105.117574,40.000889],[-105.11745,40.000987],[-105.117452,40.001056],[-105.118032,40.001381],[-105.118313,40.001467],[-105.118374,40.001432],[-105.118499,40.001201],[-105.118798,40.001006],[-105.118821,40.000927],[-105.118762,40.000818],[-105.118766,40.000753],[-105.118823,40.000691],[-105.118927,40.000667],[-105.119055,40.000723],[-105.119069,40.000837],[-105.118886,40.001106],[-105.1186,40.001289],[-105.118527,40.001441],[-105.118595,40.001512],[-105.118888,40.001498],[-105.119145,40.001437],[-105.119807,40.00119],[-105.119843,40.001138],[-105.119814,40.000933],[-105.119879,40.000795],[-105.120032,40.000686],[-105.120254,40.000644],[-105.120911,40.000754],[-105.121143,40.000715],[-105.121239,40.000765],[-105.121265,40.000859],[-105.121202,40.000936],[-105.121094,40.00096],[-105.120897,40.000869],[-105.120279,40.000759],[-105.120155,40.000762],[-105.120029,40.000816],[-105.119958,40.000901],[-105.119948,40.001014],[-105.12,40.001097],[-105.120443,40.001105],[-105.121729,40.001382],[-105.122032,40.001478],[-105.122102,40.001445],[-105.1222,40.001295],[-105.122328,40.001212],[-105.122748,40.001144],[-105.122775,40.000926],[-105.122699,40.000763],[-105.122767,40.00068],[-105.122877,40.000658],[-105.122978,40.000701],[-105.123019,40.000776],[-105.122923,40.000934],[-105.122903,40.001213],[-105.122959,40.001468],[-105.123044,40.001593],[-105.123023,40.001682],[-105.122887,40.001745],[-105.122744,40.001682],[-105.122724,40.001592],[-105.122805,40.001442],[-105.122777,40.001323],[-105.122711,40.001281],[-105.12239,40.001315],[-105.122186,40.001482],[-105.122165,40.001542],[-105.122593,40.001953],[-105.123078,40.002197],[-105.12335,40.00185],[-105.123407,40.001723],[-105.12341,40.0016],[-105.123328,40.00121],[-105.12342,40.000822],[-105.123416,40.000349],[-105.116431,40.000323],[-105.11642,40.000406],[-105.116349,40.000458],[-105.115724,40.000462],[-105.115138,40.000582],[-105.11491,40.000586],[-105.114912,40.000515],[-105.115001,40.000511],[-105.11506,40.000472],[-105.115074,40.000373],[-105.115151,40.000373],[-105.11517,40.000449],[-105.11525,40.000478],[-105.115685,40.000374],[-105.116238,40.000381],[-105.116298,40.000323],[-105.114569,40.000324],[-105.11455,40.001103],[-105.114591,40.006125]]],[[[-105.114585,40.007458],[-105.121621,40.00744],[-105.121667,40.009344],[-105.122583,40.009199],[-105.121914,40.008508],[-105.12175,40.008279],[-105.121647,40.007917],[-105.121615,40.007053],[-105.12155,40.006937],[-105.121448,40.006841],[-105.121177,40.006725],[-105.120951,40.00671],[-105.119781,40.006842],[-105.119557,40.00694],[-105.119107,40.007266],[-105.118698,40.007406],[-105.118289,40.007448],[-105.117452,40.00742],[-105.117121,40.007356],[-105.116837,40.007253],[-105.11661,40.007129],[-105.116328,40.00692],[-105.115786,40.007083],[-105.115376,40.007087],[-105.115242,40.00712],[-105.115121,40.007086],[-105.115074,40.006971],[-105.115188,40.006878],[-105.115309,40.006885],[-105.115462,40.006977],[-105.115671,40.00698],[-105.115984,40.006919],[-105.116213,40.006803],[-105.116065,40.006458],[-105.116004,40.006164],[-105.115928,40.006127],[-105.115641,40.006142],[-105.115006,40.00626],[-105.114594,40.006263],[-105.114585,40.007458]]],[[[-105.114616,39.984037],[-105.114622,39.984539],[-105.11469,39.98464],[-105.114814,39.984698],[-105.116477,39.984697],[-105.116638,39.984638],[-105.116721,39.984522],[-105.116717,39.984171],[-105.116655,39.98408],[-105.116529,39.98402],[-105.115574,39.98401],[-105.114882,39.983836],[-105.114693,39.983899],[-105.114616,39.984037]]],[[[-105.114639,39.985035],[-105.115059,39.985124],[-105.115375,39.985124],[-105.115374,39.984841],[-105.114761,39.984835],[-105.114639,39.985035]]],[[[-105.11464,39.985135],[-105.11464,39.985711],[-105.114683,39.985874],[-105.115029,39.985771],[-105.115453,39.985769],[-105.115389,39.985538],[-105.115372,39.985222],[-105.115047,39.985222],[-105.11464,39.985135]]],[[[-105.114815,39.986175],[-105.114869,39.986443],[-105.115655,39.986439],[-105.115629,39.986266],[-105.115486,39.985867],[-105.115053,39.985868],[-105.114729,39.985973],[-105.114815,39.986175]]],[[[-105.114807,39.999291],[-105.114804,40.000071],[-105.115346,40.000067],[-105.115218,40.000009],[-105.115159,39.999914],[-105.115173,39.999427],[-105.114807,39.999291]]],[[[-105.11487,39.986816],[-105.115654,39.986811],[-105.115654,39.98654],[-105.114869,39.986543],[-105.11487,39.986816]]],[[[-105.11507,40.005617],[-105.115047,40.005657],[-105.115071,40.005692],[-105.115174,40.005674],[-105.11507,40.005617]]],[[[-105.115149,40.004213],[-105.115081,40.004264],[-105.115145,40.004317],[-105.11522,40.004268],[-105.115149,40.004213]]],[[[-105.115347,39.997363],[-105.115284,39.999069],[-105.115103,39.999072],[-105.115105,39.999254],[-105.115255,39.999353],[-105.115373,39.99932],[-105.116266,39.999302],[-105.116318,39.999242],[-105.116298,39.998934],[-105.116235,39.99891],[-105.115815,39.998915],[-105.115708,39.998868],[-105.115641,39.998778],[-105.115667,39.99736],[-105.115641,39.997026],[-105.115671,39.996853],[-105.115743,39.996683],[-105.116015,39.996347],[-105.116215,39.996236],[-105.116452,39.996217],[-105.116453,39.995866],[-105.11601,39.995869],[-105.115294,39.996681],[-105.115219,39.997049],[-105.115347,39.997363]]],[[[-105.11523,40.005568],[-105.115534,40.005525],[-105.115662,40.005463],[-105.11572,40.00539],[-105.115849,40.005029],[-105.115858,40.004899],[-105.115808,40.00478],[-105.115536,40.004571],[-105.115437,40.004566],[-105.115208,40.004632],[-105.115113,40.004732],[-105.115186,40.005042],[-105.115133,40.005499],[-105.11517,40.00555],[-105.11523,40.005568]]],[[[-105.115188,40.002375],[-105.115118,40.002414],[-105.115165,40.002475],[-105.115248,40.002436],[-105.115239,40.002398],[-105.115188,40.002375]]],[[[-105.115191,40.003375],[-105.115259,40.003335],[-105.115213,40.003276],[-105.11513,40.003313],[-105.115141,40.003355],[-105.115191,40.003375]]],[[[-105.115212,40.001456],[-105.115134,40.001501],[-105.115189,40.001569],[-105.115283,40.001525],[-105.115264,40.001474],[-105.115212,40.001456]]],[[[-105.115223,40.006946],[-105.115173,40.006974],[-105.115173,40.007017],[-105.115274,40.007035],[-105.115295,40.006978],[-105.115223,40.006946]]],[[[-105.115775,39.999432],[-105.115363,39.99943],[-105.115291,39.999467],[-105.115284,39.999883],[-105.115317,39.999932],[-105.115741,39.999944],[-105.115823,39.999894],[-105.115831,39.999478],[-105.115775,39.999432]]],[[[-105.115977,39.999455],[-105.11595,39.999915],[-105.115854,40.000012],[-105.115678,40.000065],[-105.116273,40.000061],[-105.116273,39.999466],[-105.116205,39.999425],[-105.116033,39.999427],[-105.115977,39.999455]]],[[[-105.117037,39.997733],[-105.1159,39.997737],[-105.115835,39.997769],[-105.115796,39.998519],[-105.115814,39.998774],[-105.115892,39.998802],[-105.116293,39.99877],[-105.116317,39.998729],[-105.116326,39.998417],[-105.116445,39.998301],[-105.117039,39.998271],[-105.117098,39.998242],[-105.117106,39.997772],[-105.117037,39.997733]]],[[[-105.117914,39.997701],[-105.11788,39.997799],[-105.117777,39.997844],[-105.117678,39.997832],[-105.117506,39.997734],[-105.117342,39.997734],[-105.117278,39.997781],[-105.11727,39.999244],[-105.117341,39.999292],[-105.118362,39.999331],[-105.118466,39.999398],[-105.118468,39.999496],[-105.118395,39.999557],[-105.118307,39.999573],[-105.118216,39.999548],[-105.118111,39.999461],[-105.117851,39.999421],[-105.11654,39.999434],[-105.116483,39.999491],[-105.116481,39.999991],[-105.116564,40.000057],[-105.11899,40.000089],[-105.119033,39.999033],[-105.117958,39.999022],[-105.117957,39.997352],[-105.119578,39.997344],[-105.11895,39.996827],[-105.118646,39.997013],[-105.118462,39.997063],[-105.115869,39.997075],[-105.115807,39.997109],[-105.115827,39.997557],[-105.115881,39.99761],[-105.117757,39.997602],[-105.117861,39.997634],[-105.117914,39.997701]]],[[[-105.115888,39.996952],[-105.118438,39.996942],[-105.118581,39.996896],[-105.118794,39.996745],[-105.118812,39.996704],[-105.117479,39.995481],[-105.117413,39.995461],[-105.117257,39.995583],[-105.117248,39.995745],[-105.11761,39.996218],[-105.117875,39.996316],[-105.1179,39.99639],[-105.117871,39.996461],[-105.117763,39.996507],[-105.117644,39.996483],[-105.117418,39.996212],[-105.117359,39.996189],[-105.116974,39.996331],[-105.116271,39.996353],[-105.11614,39.996421],[-105.115901,39.996702],[-105.115819,39.996893],[-105.115888,39.996952]]],[[[-105.118323,40.007294],[-105.11864,40.007274],[-105.118923,40.00719],[-105.119144,40.007069],[-105.119434,40.006839],[-105.119206,40.006702],[-105.119158,40.006732],[-105.118581,40.006589],[-105.117033,40.00473],[-105.117246,40.002038],[-105.11753,40.001752],[-105.118194,40.001762],[-105.118224,40.001661],[-105.118188,40.001621],[-105.117988,40.001555],[-105.117161,40.001062],[-105.116937,40.001013],[-105.116752,40.001033],[-105.116526,40.001143],[-105.116167,40.001533],[-105.116218,40.001597],[-105.116567,40.001711],[-105.116728,40.001618],[-105.116781,40.001497],[-105.116851,40.001444],[-105.116983,40.001436],[-105.117081,40.00151],[-105.117088,40.001585],[-105.117041,40.001648],[-105.116831,40.001702],[-105.11668,40.00183],[-105.116746,40.002058],[-105.116699,40.002316],[-105.11671,40.002595],[-105.116797,40.002714],[-105.1168,40.002781],[-105.116747,40.002846],[-105.116658,40.002875],[-105.116502,40.002816],[-105.116484,40.002724],[-105.116562,40.002593],[-105.116552,40.002302],[-105.116599,40.002087],[-105.116583,40.001981],[-105.116507,40.001863],[-105.116394,40.001779],[-105.11617,40.001708],[-105.116101,40.001721],[-105.116064,40.001764],[-105.116074,40.002451],[-105.115912,40.003274],[-105.115949,40.003336],[-105.116236,40.003428],[-105.116478,40.003626],[-105.116622,40.00368],[-105.116666,40.003729],[-105.116673,40.003797],[-105.116584,40.003882],[-105.116433,40.003879],[-105.116363,40.003819],[-105.116348,40.003692],[-105.11628,40.003607],[-105.116131,40.003509],[-105.115966,40.00346],[-105.115873,40.003494],[-105.115832,40.003679],[-105.115842,40.003837],[-105.115903,40.003976],[-105.116381,40.004413],[-105.116501,40.004607],[-105.116567,40.004819],[-105.116581,40.004998],[-105.116549,40.005187],[-105.116279,40.005748],[-105.116215,40.005963],[-105.116282,40.006016],[-105.116546,40.006024],[-105.116849,40.005994],[-105.117041,40.00594],[-105.11712,40.005851],[-105.117116,40.005736],[-105.117056,40.00566],[-105.116889,40.005585],[-105.116857,40.005503],[-105.116887,40.005442],[-105.116957,40.005399],[-105.117111,40.005409],[-105.117169,40.005472],[-105.11718,40.005578],[-105.117287,40.005801],[-105.117399,40.005903],[-105.117414,40.005984],[-105.117305,40.006081],[-105.117083,40.006062],[-105.116836,40.006128],[-105.11683,40.006241],[-105.116913,40.006432],[-105.117145,40.006668],[-105.117485,40.006817],[-105.117834,40.006855],[-105.118053,40.006734],[-105.1182,40.006755],[-105.118258,40.006835],[-105.118256,40.007239],[-105.118323,40.007294]]],[[[-105.116113,39.990478],[-105.116159,39.990478],[-105.116159,39.990582],[-105.118562,39.990567],[-105.118576,39.98707],[-105.117556,39.987078],[-105.117484,39.987147],[-105.117477,39.98889],[-105.117631,39.989168],[-105.117632,39.989853],[-105.117694,39.989896],[-105.117908,39.989897],[-105.117994,39.989856],[-105.118009,39.989451],[-105.117928,39.989338],[-105.117921,39.98926],[-105.118012,39.989168],[-105.11815,39.989159],[-105.118238,39.989208],[-105.118274,39.989288],[-105.11818,39.989462],[-105.118181,39.989814],[-105.118216,39.989912],[-105.118194,39.989984],[-105.118057,39.990055],[-105.117629,39.990029],[-105.117455,39.990187],[-105.117238,39.990254],[-105.116873,39.990246],[-105.116639,39.990142],[-105.116562,39.990052],[-105.116525,39.989933],[-105.116532,39.988338],[-105.116478,39.988254],[-105.116391,39.9882],[-105.116133,39.988176],[-105.116113,39.990478]]],[[[-105.117624,40.007296],[-105.118072,40.007282],[-105.118108,40.007231],[-105.118097,40.006996],[-105.11803,40.006963],[-105.117548,40.006947],[-105.117219,40.006848],[-105.117016,40.006731],[-105.11685,40.006577],[-105.116737,40.006405],[-105.116641,40.006151],[-105.116276,40.00613],[-105.116211,40.006161],[-105.116213,40.00632],[-105.116295,40.006557],[-105.116425,40.006758],[-105.116622,40.00695],[-105.116844,40.007094],[-105.117099,40.007202],[-105.117624,40.007296]]],[[[-105.116426,39.999484],[-105.116382,39.999473],[-105.116422,40.000003],[-105.116426,39.999484]]],[[[-105.116511,40.003823],[-105.116578,40.003768],[-105.116502,40.003722],[-105.116446,40.003777],[-105.116511,40.003823]]],[[[-105.117046,39.998395],[-105.116543,39.9984],[-105.11648,39.998447],[-105.116478,39.999252],[-105.11651,39.999292],[-105.117028,39.999292],[-105.117108,39.999241],[-105.117113,39.998445],[-105.117046,39.998395]]],[[[-105.11664,40.002701],[-105.116575,40.002753],[-105.116642,40.002803],[-105.116707,40.002751],[-105.11664,40.002701]]],[[[-105.117104,39.99513],[-105.116664,39.99541],[-105.116882,39.996214],[-105.11685,39.996215],[-105.11685,39.996216],[-105.116874,39.996215],[-105.116896,39.996214],[-105.116903,39.996213],[-105.116906,39.996213],[-105.116959,39.996205],[-105.117075,39.996172],[-105.11727,39.996053],[-105.117109,39.995807],[-105.117077,39.995669],[-105.11713,39.995509],[-105.117302,39.995331],[-105.117104,39.99513]]],[[[-105.117292,39.988494],[-105.116757,39.988473],[-105.116706,39.988514],[-105.116696,39.989953],[-105.116757,39.99005],[-105.11687,39.990111],[-105.11725,39.990121],[-105.11739,39.990059],[-105.117456,39.989958],[-105.117462,39.989172],[-105.117312,39.988922],[-105.117292,39.988494]]],[[[-105.116919,40.001606],[-105.116993,40.00156],[-105.116944,40.0015],[-105.116855,40.001541],[-105.116867,40.001584],[-105.116919,40.001606]]],[[[-105.117025,40.005461],[-105.116956,40.0055],[-105.117003,40.005559],[-105.117083,40.005522],[-105.117069,40.005478],[-105.117025,40.005461]]],[[[-105.117954,40.014926],[-105.116977,40.014926],[-105.11699,40.017622],[-105.11821,40.017144],[-105.118749,40.017086],[-105.118934,40.016582],[-105.118626,40.016513],[-105.118371,40.016508],[-105.117736,40.016651],[-105.117616,40.016625],[-105.117533,40.016551],[-105.117514,40.016486],[-105.117548,40.016137],[-105.117499,40.015841],[-105.117554,40.01574],[-105.117649,40.015692],[-105.117809,40.015697],[-105.117932,40.015802],[-105.117912,40.016146],[-105.117965,40.016402],[-105.118017,40.016419],[-105.118445,40.016361],[-105.118448,40.015873],[-105.117954,40.014926]]],[[[-105.124958,40.021869],[-105.125782,40.021853],[-105.126971,40.021896],[-105.130361,40.021848],[-105.130285,40.021965],[-105.124965,40.021977],[-105.125005,40.022339],[-105.125665,40.022432],[-105.125936,40.022443],[-105.126726,40.022386],[-105.12733,40.022584],[-105.127397,40.022533],[-105.127374,40.022397],[-105.1274,40.022338],[-105.127483,40.022288],[-105.127585,40.022287],[-105.127673,40.02234],[-105.127697,40.022416],[-105.127565,40.022558],[-105.127526,40.022649],[-105.127584,40.022691],[-105.127747,40.022721],[-105.128516,40.022708],[-105.128698,40.022667],[-105.128733,40.022621],[-105.128712,40.022576],[-105.128552,40.022486],[-105.128512,40.022414],[-105.128541,40.022333],[-105.128637,40.022284],[-105.1288,40.022328],[-105.128839,40.022497],[-105.128936,40.022565],[-105.129368,40.022421],[-105.130023,40.02235],[-105.130477,40.022265],[-105.13085,40.022252],[-105.13087,40.020314],[-105.130827,40.020274],[-105.130382,40.020274],[-105.129858,40.020385],[-105.130107,40.020822],[-105.130157,40.020981],[-105.130155,40.021341],[-105.130082,40.02144],[-105.129975,40.021489],[-105.127166,40.021503],[-105.126967,40.02146],[-105.126796,40.021381],[-105.126425,40.021063],[-105.125862,40.021432],[-105.125773,40.021594],[-105.125613,40.021628],[-105.125483,40.021542],[-105.125473,40.021472],[-105.125513,40.021405],[-105.125771,40.021332],[-105.126314,40.02094],[-105.125754,40.020364],[-105.125233,40.020694],[-105.124651,40.021168],[-105.124316,40.021279],[-105.124013,40.02126],[-105.122605,40.020894],[-105.122306,40.020743],[-105.122173,40.020576],[-105.122126,40.020396],[-105.122135,40.018936],[-105.122224,40.018766],[-105.122424,40.018675],[-105.122787,40.018681],[-105.123519,40.018958],[-105.1236,40.018899],[-105.123597,40.018772],[-105.123632,40.018701],[-105.123725,40.018652],[-105.123834,40.018654],[-105.123932,40.018716],[-105.123953,40.018809],[-105.123902,40.018883],[-105.12374,40.018964],[-105.123712,40.019008],[-105.123729,40.019052],[-105.124856,40.019532],[-105.124911,40.019527],[-105.125108,40.019342],[-105.125383,40.019159],[-105.12518,40.018923],[-105.124952,40.018813],[-105.124931,40.018717],[-105.125,40.018633],[-105.125114,40.018606],[-105.125235,40.018648],[-105.12528,40.01871],[-105.125301,40.018843],[-105.125544,40.019069],[-105.126044,40.018802],[-105.126385,40.018704],[-105.126393,40.017959],[-105.12645,40.017823],[-105.12671,40.017439],[-105.126732,40.016892],[-105.126788,40.016713],[-105.126938,40.01653],[-105.127168,40.016395],[-105.127419,40.016336],[-105.127682,40.016343],[-105.128746,40.01668],[-105.128913,40.016778],[-105.129069,40.016932],[-105.129503,40.016866],[-105.129841,40.016883],[-105.130177,40.016979],[-105.130228,40.017034],[-105.130234,40.017102],[-105.130176,40.017173],[-105.13007,40.0172],[-105.129954,40.017157],[-105.129864,40.017025],[-105.129761,40.016997],[-105.129431,40.016995],[-105.129113,40.017068],[-105.129029,40.01762],[-105.129382,40.017637],[-105.129549,40.01755],[-105.129668,40.017551],[-105.12975,40.017609],[-105.129767,40.017687],[-105.129711,40.017762],[-105.129617,40.017792],[-105.128632,40.017741],[-105.128446,40.017663],[-105.127928,40.017321],[-105.127877,40.017337],[-105.12772,40.017543],[-105.127683,40.017711],[-105.127601,40.017759],[-105.1275,40.017759],[-105.127409,40.017701],[-105.127397,40.017604],[-105.127579,40.01748],[-105.127739,40.017274],[-105.127736,40.017232],[-105.127403,40.017148],[-105.126915,40.017145],[-105.126852,40.017507],[-105.126548,40.017983],[-105.126555,40.018696],[-105.126931,40.018732],[-105.127117,40.01878],[-105.127586,40.019057],[-105.127938,40.018831],[-105.128297,40.018737],[-105.129383,40.018737],[-105.129608,40.01879],[-105.129789,40.018891],[-105.129916,40.019021],[-105.129993,40.019203],[-105.129988,40.019384],[-105.129918,40.019538],[-105.129747,40.019702],[-105.129521,40.019802],[-105.128708,40.019859],[-105.128685,40.019898],[-105.128751,40.020073],[-105.128767,40.020313],[-105.128796,40.020345],[-105.129367,40.020321],[-105.130223,40.020094],[-105.130829,40.020075],[-105.130873,40.020038],[-105.130904,40.016875],[-105.130608,40.016809],[-105.129997,40.016525],[-105.129142,40.016402],[-105.128307,40.016033],[-105.12785,40.015998],[-105.127842,40.014895],[-105.122034,40.014903],[-105.122035,40.015332],[-105.122061,40.015376],[-105.122433,40.015414],[-105.122681,40.015476],[-105.122903,40.015579],[-105.123126,40.015739],[-105.123197,40.015737],[-105.123751,40.01551],[-105.124204,40.015454],[-105.124528,40.01549],[-105.125609,40.015762],[-105.125732,40.01584],[-105.125811,40.015947],[-105.125841,40.016286],[-105.125927,40.0164],[-105.125929,40.016479],[-105.125875,40.016539],[-105.12579,40.016565],[-105.125703,40.016552],[-105.125632,40.016496],[-105.125618,40.016424],[-105.12568,40.016303],[-105.125676,40.016046],[-105.125646,40.015962],[-105.125579,40.015895],[-105.124903,40.01571],[-105.124834,40.015717],[-105.124794,40.015751],[-105.124597,40.016286],[-105.12477,40.016902],[-105.124777,40.017143],[-105.124688,40.0174],[-105.124494,40.017649],[-105.124578,40.01775],[-105.124781,40.017835],[-105.124808,40.017906],[-105.12478,40.017973],[-105.124688,40.018022],[-105.124561,40.018007],[-105.124498,40.017949],[-105.124455,40.017829],[-105.124335,40.017758],[-105.123872,40.017912],[-105.123311,40.017923],[-105.122797,40.017985],[-105.122515,40.017921],[-105.122306,40.01779],[-105.122167,40.017581],[-105.122152,40.017364],[-105.122214,40.017211],[-105.12234,40.017071],[-105.122819,40.016832],[-105.123033,40.016645],[-105.12316,40.016384],[-105.123151,40.016114],[-105.122717,40.016108],[-105.122727,40.016278],[-105.122511,40.016567],[-105.122082,40.01675],[-105.1217,40.017065],[-105.1217,40.016866],[-105.121397,40.016594],[-105.121315,40.016215],[-105.120513,40.016153],[-105.120084,40.016234],[-105.120226,40.016617],[-105.120808,40.016581],[-105.120961,40.016638],[-105.121009,40.016728],[-105.120996,40.016887],[-105.121079,40.017034],[-105.121058,40.017144],[-105.120933,40.017224],[-105.12076,40.017209],[-105.120666,40.01712],[-105.120626,40.016907],[-105.120566,40.016815],[-105.12043,40.016744],[-105.120251,40.016771],[-105.120163,40.017146],[-105.119975,40.017444],[-105.119707,40.017671],[-105.118995,40.018038],[-105.118588,40.018344],[-105.11812,40.018921],[-105.118047,40.019109],[-105.118039,40.019267],[-105.118088,40.019446],[-105.118205,40.01962],[-105.11838,40.019761],[-105.1186,40.019861],[-105.118927,40.019914],[-105.119916,40.019886],[-105.120183,40.019934],[-105.12056,40.020062],[-105.120701,40.019919],[-105.120782,40.019752],[-105.120796,40.019577],[-105.120744,40.019407],[-105.120639,40.019264],[-105.12051,40.019162],[-105.119954,40.018915],[-105.11986,40.018784],[-105.119851,40.018629],[-105.119903,40.018522],[-105.12001,40.018427],[-105.120353,40.018328],[-105.120606,40.018184],[-105.120787,40.01816],[-105.120979,40.018236],[-105.121061,40.01838],[-105.12101,40.018526],[-105.120881,40.018611],[-105.120567,40.018681],[-105.120486,40.01875],[-105.120452,40.01883],[-105.12049,40.018965],[-105.1208,40.019208],[-105.120949,40.019465],[-105.120972,40.019634],[-105.120939,40.019816],[-105.120867,40.019959],[-105.120697,40.020177],[-105.120937,40.020474],[-105.121027,40.020769],[-105.121006,40.020916],[-105.120885,40.021116],[-105.12072,40.021256],[-105.120521,40.021346],[-105.120247,40.021396],[-105.120127,40.021388],[-105.119986,40.021312],[-105.119929,40.02119],[-105.119965,40.021073],[-105.12008,40.020986],[-105.120203,40.020961],[-105.120589,40.020976],[-105.120725,40.020916],[-105.120807,40.020824],[-105.12083,40.020686],[-105.120762,40.020521],[-105.120643,40.020362],[-105.120463,40.020214],[-105.120242,40.020104],[-105.11999,40.020038],[-105.119731,40.02002],[-105.11883,40.02005],[-105.118556,40.019999],[-105.118266,40.019885],[-105.118207,40.019901],[-105.118062,40.020047],[-105.118006,40.020161],[-105.117991,40.020297],[-105.118039,40.020458],[-105.118323,40.020888],[-105.118373,40.021061],[-105.118373,40.021196],[-105.118274,40.021314],[-105.118088,40.021359],[-105.117914,40.021298],[-105.117833,40.021168],[-105.117845,40.021084],[-105.118009,40.020725],[-105.117842,40.020422],[-105.117827,40.020178],[-105.117906,40.019989],[-105.118105,40.019771],[-105.117943,40.019546],[-105.117868,40.01935],[-105.117858,40.019139],[-105.117919,40.018928],[-105.118295,40.018409],[-105.118585,40.018127],[-105.118931,40.017894],[-105.119553,40.017585],[-105.119789,40.017399],[-105.119907,40.017252],[-105.119995,40.017076],[-105.12004,40.016851],[-105.120008,40.016786],[-105.119521,40.01673],[-105.119403,40.017],[-105.11921,40.017058],[-105.118284,40.017646],[-105.118091,40.017912],[-105.117702,40.01862],[-105.11739,40.019387],[-105.116992,40.019386],[-105.116999,40.022001],[-105.119645,40.021991],[-105.119636,40.021755],[-105.120572,40.021778],[-105.121685,40.021645],[-105.121689,40.021023],[-105.124958,40.021869]]],[[[-105.119639,39.997305],[-105.119704,39.99726],[-105.119462,39.997077],[-105.119686,39.996949],[-105.119704,39.996733],[-105.119841,39.996447],[-105.119189,39.995963],[-105.118775,39.996276],[-105.118706,39.996213],[-105.119113,39.995909],[-105.117564,39.994827],[-105.11717,39.994992],[-105.117139,39.995068],[-105.118524,39.996343],[-105.119639,39.997305]],[[-105.118775,39.996276],[-105.119189,39.99664],[-105.11915,39.996783],[-105.117425,39.995229],[-105.117599,39.995215],[-105.118775,39.996276]]],[[[-105.117261,40.005911],[-105.117194,40.005982],[-105.117218,40.006009],[-105.117317,40.005978],[-105.117311,40.005935],[-105.117261,40.005911]]],[[[-105.117642,40.016461],[-105.117662,40.016517],[-105.117724,40.016545],[-105.11781,40.016528],[-105.117848,40.016475],[-105.11779,40.016181],[-105.117817,40.015841],[-105.117742,40.01578],[-105.117667,40.015791],[-105.117624,40.01584],[-105.117672,40.016147],[-105.117642,40.016461]]],[[[-105.117741,39.997673],[-105.11769,39.997699],[-105.117689,39.997751],[-105.117743,39.997779],[-105.117803,39.997764],[-105.117816,39.997701],[-105.117741,39.997673]]],[[[-105.117812,40.00074],[-105.117741,40.000784],[-105.117787,40.000841],[-105.117873,40.000802],[-105.117861,40.000761],[-105.117812,40.00074]]],[[[-105.118258,39.994689],[-105.120941,39.995857],[-105.121906,39.995568],[-105.122254,39.995353],[-105.12272,39.994998],[-105.122333,39.995099],[-105.121958,39.995105],[-105.12179,39.995264],[-105.121618,39.995353],[-105.120829,39.995482],[-105.120743,39.995451],[-105.120694,39.995385],[-105.120702,39.995314],[-105.120772,39.995254],[-105.120895,39.995242],[-105.121091,39.99532],[-105.121472,39.995261],[-105.121668,39.995183],[-105.121731,39.995128],[-105.121734,39.995083],[-105.121373,39.994915],[-105.121085,39.994714],[-105.120911,39.994653],[-105.120639,39.99465],[-105.120101,39.994826],[-105.11992,39.994838],[-105.119737,39.994789],[-105.119537,39.994651],[-105.119193,39.994674],[-105.118727,39.994476],[-105.118542,39.99446],[-105.118449,39.994402],[-105.11843,39.994338],[-105.118459,39.994272],[-105.118619,39.994223],[-105.118715,39.994265],[-105.118795,39.994364],[-105.119214,39.994549],[-105.119305,39.99456],[-105.119487,39.994517],[-105.119682,39.993903],[-105.119689,39.993602],[-105.119623,39.993552],[-105.118905,39.993573],[-105.11876,39.993753],[-105.118617,39.993873],[-105.118088,39.994124],[-105.118178,39.994205],[-105.117779,39.994384],[-105.118258,39.994689]]],[[[-105.118257,40.021148],[-105.118221,40.020947],[-105.118123,40.020795],[-105.11796,40.021111],[-105.117958,40.021179],[-105.118027,40.021249],[-105.118129,40.021264],[-105.118221,40.021224],[-105.118257,40.021148]]],[[[-105.118033,40.006833],[-105.118159,40.006836],[-105.118097,40.006801],[-105.118033,40.006833]]],[[[-105.118085,40.001472],[-105.11808,40.0015],[-105.118245,40.001533],[-105.118235,40.001517],[-105.118085,40.001472]]],[[[-105.11808,39.993732],[-105.118196,39.993878],[-105.118251,39.993896],[-105.118476,39.993801],[-105.1186,39.993707],[-105.118749,39.993489],[-105.118886,39.992951],[-105.118995,39.992829],[-105.119134,39.992754],[-105.119355,39.992711],[-105.12041,39.992702],[-105.120756,39.992795],[-105.120814,39.992771],[-105.120884,39.992652],[-105.121009,39.992622],[-105.12111,39.99266],[-105.121154,39.992746],[-105.121091,39.992842],[-105.120916,39.99287],[-105.120869,39.992925],[-105.120912,39.993114],[-105.12087,39.993386],[-105.120868,39.994478],[-105.120894,39.994515],[-105.121171,39.994608],[-105.121565,39.994864],[-105.121829,39.994936],[-105.121938,39.99478],[-105.121981,39.994644],[-105.121945,39.994166],[-105.122105,39.994166],[-105.122141,39.994629],[-105.122034,39.994939],[-105.122087,39.994984],[-105.12229,39.994977],[-105.12255,39.99492],[-105.122802,39.994806],[-105.123582,39.994155],[-105.122321,39.994147],[-105.12234,39.992367],[-105.118546,39.992391],[-105.118546,39.992359],[-105.118468,39.992358],[-105.118446,39.992933],[-105.118467,39.992989],[-105.118423,39.99323],[-105.118326,39.993433],[-105.11808,39.993732]],[[-105.12209,39.994151],[-105.121944,39.994152],[-105.121927,39.99399],[-105.121807,39.993562],[-105.121831,39.993426],[-105.121927,39.99327],[-105.121957,39.99315],[-105.122023,39.993094],[-105.12214,39.993071],[-105.122263,39.993133],[-105.12229,39.993237],[-105.122223,39.993323],[-105.122022,39.993386],[-105.121953,39.993543],[-105.122068,39.993956],[-105.12209,39.994151]]],[[[-105.118317,39.999395],[-105.118241,39.999436],[-105.118293,39.999504],[-105.118386,39.999461],[-105.118371,39.999415],[-105.118317,39.999395]]],[[[-105.11837,40.001656],[-105.11833,40.001645],[-105.11829,40.001763],[-105.118323,40.00176],[-105.11837,40.001656]]],[[[-105.11905,40.005802],[-105.119533,40.005796],[-105.119563,40.005716],[-105.121475,40.005277],[-105.121563,40.005329],[-105.121823,40.005211],[-105.122703,40.005021],[-105.123076,40.004842],[-105.123019,40.004599],[-105.123143,40.004129],[-105.12313,40.003826],[-105.12321,40.003691],[-105.123203,40.003564],[-105.123054,40.003459],[-105.121183,40.003305],[-105.120084,40.002871],[-105.118943,40.002132],[-105.118536,40.002077],[-105.118434,40.002105],[-105.118517,40.002296],[-105.118641,40.002435],[-105.11932,40.002862],[-105.119772,40.003232],[-105.119962,40.003342],[-105.12094,40.00364],[-105.122366,40.003779],[-105.122551,40.003754],[-105.122644,40.003794],[-105.122685,40.003867],[-105.122603,40.004016],[-105.122585,40.004187],[-105.12249,40.004475],[-105.122539,40.004653],[-105.122425,40.004744],[-105.12222,40.004735],[-105.122017,40.004805],[-105.121408,40.00491],[-105.120957,40.005025],[-105.120646,40.005028],[-105.120427,40.005113],[-105.120345,40.005089],[-105.120291,40.005033],[-105.120314,40.004875],[-105.120289,40.004812],[-105.120104,40.004682],[-105.119836,40.004586],[-105.119628,40.0046],[-105.119574,40.004655],[-105.119436,40.004953],[-105.119413,40.005088],[-105.119529,40.005432],[-105.119614,40.005522],[-105.119632,40.005596],[-105.119561,40.005683],[-105.119422,40.00569],[-105.11932,40.005596],[-105.119368,40.005426],[-105.119265,40.00507],[-105.119287,40.004938],[-105.119436,40.004598],[-105.11944,40.004403],[-105.119332,40.004191],[-105.119,40.003877],[-105.118903,40.003606],[-105.118927,40.00324],[-105.118999,40.003122],[-105.119125,40.003012],[-105.119137,40.002931],[-105.119095,40.002873],[-105.118587,40.00256],[-105.118456,40.002448],[-105.118479,40.002506],[-105.118373,40.004171],[-105.118603,40.004567],[-105.118728,40.005113],[-105.11905,40.005802]]],[[[-105.12153,40.002397],[-105.121932,40.002459],[-105.122508,40.002333],[-105.122696,40.002252],[-105.122865,40.002259],[-105.122455,40.002044],[-105.122122,40.001729],[-105.121916,40.001597],[-105.12168,40.001512],[-105.121055,40.001379],[-105.120944,40.001426],[-105.120871,40.00168],[-105.120889,40.001735],[-105.121664,40.001911],[-105.121853,40.001916],[-105.121945,40.002003],[-105.12192,40.002103],[-105.121839,40.00215],[-105.121744,40.002152],[-105.121664,40.002113],[-105.121593,40.002021],[-105.121446,40.001962],[-105.120541,40.001828],[-105.120209,40.001751],[-105.120019,40.00177],[-105.119939,40.001733],[-105.1199,40.001666],[-105.119912,40.001595],[-105.120052,40.001521],[-105.120159,40.001547],[-105.120289,40.00165],[-105.120642,40.001726],[-105.120747,40.001699],[-105.12084,40.001393],[-105.120827,40.001343],[-105.120364,40.001232],[-105.120063,40.001254],[-105.118979,40.001643],[-105.118827,40.001678],[-105.118502,40.001688],[-105.118412,40.001761],[-105.118784,40.001749],[-105.12153,40.002397]]],[[[-105.118609,40.001569],[-105.118607,40.001603],[-105.118777,40.001582],[-105.118758,40.001565],[-105.118609,40.001569]]],[[[-105.118913,40.000842],[-105.118983,40.000802],[-105.118941,40.000742],[-105.118853,40.000776],[-105.118866,40.000823],[-105.118913,40.000842]]],[[[-105.119015,39.993439],[-105.12066,39.993432],[-105.120707,39.99339],[-105.120748,39.993053],[-105.120638,39.992899],[-105.120435,39.992827],[-105.119264,39.992846],[-105.119109,39.992915],[-105.119018,39.993032],[-105.11894,39.993383],[-105.119015,39.993439]]],[[[-105.120816,40.004911],[-105.121957,40.004693],[-105.122136,40.004625],[-105.12228,40.00451],[-105.122354,40.004399],[-105.12244,40.004119],[-105.122419,40.004007],[-105.122347,40.003928],[-105.122222,40.003873],[-105.12114,40.003798],[-105.120688,40.003711],[-105.119834,40.00343],[-105.119385,40.003106],[-105.119252,40.00311],[-105.119143,40.003187],[-105.119076,40.003318],[-105.119062,40.003599],[-105.119093,40.003738],[-105.119191,40.003891],[-105.119482,40.004154],[-105.119617,40.004403],[-105.119695,40.004445],[-105.120105,40.004533],[-105.120612,40.004855],[-105.120816,40.004911]]],[[[-105.121702,40.014902],[-105.11957,40.014914],[-105.119605,40.015138],[-105.119179,40.015698],[-105.119439,40.01657],[-105.119808,40.01664],[-105.119941,40.016647],[-105.119995,40.016614],[-105.119825,40.01601],[-105.11981,40.015862],[-105.11989,40.015606],[-105.120071,40.015409],[-105.120332,40.015275],[-105.120652,40.015221],[-105.120888,40.015242],[-105.121455,40.015369],[-105.121707,40.015388],[-105.121702,40.014902]]],[[[-105.119686,39.997443],[-105.119662,40.00009],[-105.11977,40.00009],[-105.119774,40.000023],[-105.123432,40.000016],[-105.123456,39.999707],[-105.123676,39.999419],[-105.12331,39.999047],[-105.123081,39.998918],[-105.122999,39.998967],[-105.122958,39.999217],[-105.12298,39.999385],[-105.123113,39.999457],[-105.123161,39.999523],[-105.123153,39.999595],[-105.123094,39.999652],[-105.122977,39.999671],[-105.122896,39.999639],[-105.12285,39.999581],[-105.12285,39.999616],[-105.122835,39.999458],[-105.12279,39.999425],[-105.122212,39.999426],[-105.122017,39.99956],[-105.12184,39.999557],[-105.121774,39.999505],[-105.121755,39.999425],[-105.121792,39.999361],[-105.121866,39.999319],[-105.122791,39.99931],[-105.122838,39.999277],[-105.122845,39.999067],[-105.122907,39.99888],[-105.122865,39.998836],[-105.122354,39.998623],[-105.122183,39.998691],[-105.122061,39.998678],[-105.121975,39.998604],[-105.121979,39.998485],[-105.121952,39.998439],[-105.121479,39.998275],[-105.121402,39.998312],[-105.121066,39.998834],[-105.121048,39.999492],[-105.120985,39.999604],[-105.120811,39.999671],[-105.119871,39.999666],[-105.11987,39.999566],[-105.120092,39.999568],[-105.12016,39.999517],[-105.120175,39.998388],[-105.120251,39.998163],[-105.120418,39.997887],[-105.120384,39.997839],[-105.119927,39.997647],[-105.119686,39.997443]]],[[[-105.119953,39.994717],[-105.12008,39.994701],[-105.120702,39.994493],[-105.120709,39.993603],[-105.120684,39.99357],[-105.119918,39.993549],[-105.119853,39.993582],[-105.119821,39.993996],[-105.119668,39.994497],[-105.119697,39.994586],[-105.119763,39.994655],[-105.119953,39.994717]]],[[[-105.123812,39.999683],[-105.123762,39.999802],[-105.123754,40.000019],[-105.12781,40.000016],[-105.127813,39.997505],[-105.123226,39.997494],[-105.123226,39.997318],[-105.124753,39.997315],[-105.124769,39.994154],[-105.123793,39.994172],[-105.123582,39.994265],[-105.123187,39.994583],[-105.123308,39.994671],[-105.123373,39.994629],[-105.123446,39.994696],[-105.123525,39.99482],[-105.123573,39.995008],[-105.124068,39.995106],[-105.1242,39.995188],[-105.12428,39.995299],[-105.124309,39.996635],[-105.124243,39.996796],[-105.124111,39.996915],[-105.123918,39.99699],[-105.123678,39.997002],[-105.123467,39.996948],[-105.123301,39.996837],[-105.123192,39.996626],[-105.1232,39.99609],[-105.123177,39.99597],[-105.123061,39.995782],[-105.122971,39.995692],[-105.122902,39.995674],[-105.122578,39.995886],[-105.122431,39.996044],[-105.122411,39.996783],[-105.122364,39.996885],[-105.122268,39.996965],[-105.122103,39.99701],[-105.120315,39.997022],[-105.120036,39.99711],[-105.11979,39.99731],[-105.120049,39.997543],[-105.120385,39.997686],[-105.120453,39.997679],[-105.120581,39.997585],[-105.120733,39.997599],[-105.120811,39.997677],[-105.120797,39.997809],[-105.120823,39.997851],[-105.121328,39.998053],[-105.121421,39.998028],[-105.121524,39.997885],[-105.121499,39.997713],[-105.121535,39.997634],[-105.121632,39.997589],[-105.121734,39.997605],[-105.121806,39.99767],[-105.121812,39.99774],[-105.121691,39.997862],[-105.121559,39.998068],[-105.121559,39.998122],[-105.12214,39.998346],[-105.122222,39.998319],[-105.122508,39.997896],[-105.122475,39.99774],[-105.122493,39.997673],[-105.122591,39.997615],[-105.122716,39.997626],[-105.122787,39.997692],[-105.122787,39.997775],[-105.122667,39.997886],[-105.122345,39.998412],[-105.12255,39.998547],[-105.12295,39.998702],[-105.12304,39.998671],[-105.123355,39.998263],[-105.123516,39.997932],[-105.123628,39.997848],[-105.123778,39.997797],[-105.123934,39.997791],[-105.124564,39.99788],[-105.125505,39.997831],[-105.126336,39.997883],[-105.126887,39.997822],[-105.127127,39.997851],[-105.127291,39.997807],[-105.12739,39.997834],[-105.127453,39.997899],[-105.127459,39.997972],[-105.127397,39.998079],[-105.127424,39.998189],[-105.127416,39.998651],[-105.127355,39.998774],[-105.127218,39.99888],[-105.126191,39.999301],[-105.125901,39.999311],[-105.125509,39.999214],[-105.125253,39.999519],[-105.124951,39.999659],[-105.124759,39.999683],[-105.124438,39.999669],[-105.123964,39.99956],[-105.123901,39.999583],[-105.123812,39.999683]]],[[[-105.119999,39.996649],[-105.11986,39.997054],[-105.120196,39.996915],[-105.120666,39.996888],[-105.120576,39.996888],[-105.120577,39.996845],[-105.120188,39.996609],[-105.119999,39.996649]]],[[[-105.120755,40.018248],[-105.120649,40.01827],[-105.1204,40.018416],[-105.120057,40.018518],[-105.119963,40.018663],[-105.119999,40.018809],[-105.120137,40.018909],[-105.120263,40.018949],[-105.120315,40.018934],[-105.120353,40.018751],[-105.120447,40.018636],[-105.120597,40.018563],[-105.120835,40.018529],[-105.120926,40.018458],[-105.120943,40.018386],[-105.120913,40.018316],[-105.120755,40.018248]]],[[[-105.120057,40.0017],[-105.120126,40.001655],[-105.120079,40.001595],[-105.119995,40.001635],[-105.120002,40.001675],[-105.120057,40.0017]]],[[[-105.120121,40.021076],[-105.120059,40.021138],[-105.120061,40.021226],[-105.120135,40.021291],[-105.120242,40.021304],[-105.120597,40.021208],[-105.120736,40.021113],[-105.120837,40.020992],[-105.120555,40.021076],[-105.120223,40.021055],[-105.120121,40.021076]]],[[[-105.122605,40.008746],[-105.1225,40.008786],[-105.122478,40.008854],[-105.12278,40.009164],[-105.123566,40.008987],[-105.123661,40.008844],[-105.123966,40.00778],[-105.123178,40.00683],[-105.122279,40.006221],[-105.121848,40.005791],[-105.121652,40.005644],[-105.12138,40.005858],[-105.121142,40.005977],[-105.120899,40.005995],[-105.120921,40.006021],[-105.120869,40.006046],[-105.120885,40.006064],[-105.120192,40.006385],[-105.120218,40.006652],[-105.120945,40.006575],[-105.121238,40.00659],[-105.121301,40.006561],[-105.121524,40.006276],[-105.121604,40.006241],[-105.121709,40.006248],[-105.121794,40.006314],[-105.121788,40.006414],[-105.121693,40.006477],[-105.121531,40.006493],[-105.121434,40.006631],[-105.121676,40.006834],[-105.121814,40.007052],[-105.121973,40.007066],[-105.122134,40.007034],[-105.122242,40.006985],[-105.122319,40.006855],[-105.122455,40.006824],[-105.122544,40.006857],[-105.122604,40.006939],[-105.122936,40.007203],[-105.123319,40.007664],[-105.123394,40.007825],[-105.123403,40.008005],[-105.123256,40.008542],[-105.123273,40.008644],[-105.123231,40.008709],[-105.123155,40.008743],[-105.122962,40.008707],[-105.122605,40.008746]]],[[[-105.120382,39.999545],[-105.120814,39.999549],[-105.120879,39.99951],[-105.120907,39.998815],[-105.120977,39.998658],[-105.121263,39.998232],[-105.121226,39.998171],[-105.120631,39.99794],[-105.120553,39.997969],[-105.120421,39.998171],[-105.120323,39.998394],[-105.120285,39.998585],[-105.120323,39.999497],[-105.120382,39.999545]]],[[[-105.120441,40.005038],[-105.120538,40.004965],[-105.12045,40.004905],[-105.12038,40.004985],[-105.120441,40.005038]]],[[[-105.120611,39.997821],[-105.120671,39.9978],[-105.120714,39.997739],[-105.120676,39.997664],[-105.120598,39.997666],[-105.120536,39.997743],[-105.120552,39.9978],[-105.120611,39.997821]]],[[[-105.120713,40.016817],[-105.120796,40.017109],[-105.120865,40.01714],[-105.120941,40.017115],[-105.120959,40.017055],[-105.120876,40.016883],[-105.120879,40.016707],[-105.120806,40.016673],[-105.120628,40.016691],[-105.120618,40.016723],[-105.120713,40.016817]]],[[[-105.123194,39.994694],[-105.123057,39.994785],[-105.123007,39.994992],[-105.122951,39.995056],[-105.122197,39.995567],[-105.12203,39.995716],[-105.121695,39.995822],[-105.121691,39.996549],[-105.120856,39.996568],[-105.120855,39.996885],[-105.122078,39.996883],[-105.122217,39.996828],[-105.122254,39.996749],[-105.122254,39.996111],[-105.122317,39.99594],[-105.122431,39.995822],[-105.123148,39.995325],[-105.123369,39.995082],[-105.123389,39.994965],[-105.123361,39.994849],[-105.123271,39.994726],[-105.123194,39.994694]]],[[[-105.121097,40.000786],[-105.121037,40.000836],[-105.121065,40.000876],[-105.121123,40.000883],[-105.121168,40.000829],[-105.121097,40.000786]]],[[[-105.121639,40.00641],[-105.121707,40.006361],[-105.121646,40.006309],[-105.121573,40.006358],[-105.121639,40.00641]]],[[[-105.121656,39.997664],[-105.121596,39.997709],[-105.12165,39.997759],[-105.121721,39.997712],[-105.121656,39.997664]]],[[[-105.121698,40.011064],[-105.123249,40.011059],[-105.123219,40.010816],[-105.12244,40.010163],[-105.12245,40.009828],[-105.122972,40.009507],[-105.12288,40.009432],[-105.122759,40.009441],[-105.122432,40.009706],[-105.122338,40.010098],[-105.122151,40.01037],[-105.12217,40.010531],[-105.122074,40.010613],[-105.12198,40.010625],[-105.121869,40.010584],[-105.121823,40.010519],[-105.12183,40.010435],[-105.121913,40.010362],[-105.122069,40.01033],[-105.12216,40.010224],[-105.122268,40.010032],[-105.122351,40.009675],[-105.122715,40.009363],[-105.121957,40.009684],[-105.12168,40.009888],[-105.121698,40.011064]]],[[[-105.121778,40.002075],[-105.121845,40.002025],[-105.121782,40.001971],[-105.121712,40.002023],[-105.121778,40.002075]]],[[[-105.121842,40.007999],[-105.122006,40.008337],[-105.122298,40.008663],[-105.122375,40.008688],[-105.122602,40.008619],[-105.123003,40.00858],[-105.123072,40.008549],[-105.123242,40.007996],[-105.123169,40.00793],[-105.122733,40.007901],[-105.122603,40.007905],[-105.122438,40.007998],[-105.122344,40.007986],[-105.122278,40.00794],[-105.122265,40.007829],[-105.122382,40.007755],[-105.123043,40.007826],[-105.123137,40.007814],[-105.123182,40.007769],[-105.123176,40.007724],[-105.122842,40.007313],[-105.12256,40.00707],[-105.122467,40.007045],[-105.122146,40.007161],[-105.121878,40.007194],[-105.121824,40.00723],[-105.121816,40.007762],[-105.121842,40.007999]]],[[[-105.121893,40.014905],[-105.121861,40.014926],[-105.12186,40.015328],[-105.121892,40.015352],[-105.121925,40.015331],[-105.121925,40.014927],[-105.121893,40.014905]]],[[[-105.121989,40.010571],[-105.12209,40.010515],[-105.122084,40.010463],[-105.122041,40.010428],[-105.121951,40.010427],[-105.121898,40.01048],[-105.121914,40.010538],[-105.121989,40.010571]]],[[[-105.122137,39.998624],[-105.122205,39.998605],[-105.12223,39.998555],[-105.122089,39.9985],[-105.122053,39.99857],[-105.122137,39.998624]]],[[[-105.124196,40.02116],[-105.124373,40.021142],[-105.124535,40.02108],[-105.124922,40.020759],[-105.124572,40.020503],[-105.124213,40.020447],[-105.124154,40.020342],[-105.124215,40.020243],[-105.124315,40.020209],[-105.124419,40.020224],[-105.124547,40.020352],[-105.125056,40.020643],[-105.125618,40.02027],[-105.125628,40.02022],[-105.125249,40.019896],[-105.124761,40.01963],[-105.122833,40.01882],[-105.122489,40.018793],[-105.122356,40.018835],[-105.122295,40.018938],[-105.122301,40.019456],[-105.122652,40.019504],[-105.122937,40.019592],[-105.123304,40.019825],[-105.123459,40.019877],[-105.123519,40.019974],[-105.123497,40.020045],[-105.123443,40.020092],[-105.123266,40.020106],[-105.123174,40.020036],[-105.123137,40.019872],[-105.122953,40.019746],[-105.122642,40.019631],[-105.122311,40.019604],[-105.122289,40.019638],[-105.122287,40.020402],[-105.122374,40.020608],[-105.122608,40.020761],[-105.124196,40.02116]]],[[[-105.122829,40.017865],[-105.123266,40.017804],[-105.123679,40.017808],[-105.123951,40.017768],[-105.12424,40.017649],[-105.124474,40.017453],[-105.124593,40.017247],[-105.124628,40.017023],[-105.124439,40.016261],[-105.124641,40.015714],[-105.124622,40.015652],[-105.124302,40.015582],[-105.123947,40.015596],[-105.123675,40.015668],[-105.123259,40.015861],[-105.123244,40.015908],[-105.123316,40.016078],[-105.123335,40.016319],[-105.123296,40.016495],[-105.123183,40.016726],[-105.123358,40.016829],[-105.123582,40.016864],[-105.123634,40.016916],[-105.123644,40.016986],[-105.123568,40.017069],[-105.123437,40.017081],[-105.123359,40.017039],[-105.123276,40.016934],[-105.123051,40.016846],[-105.122537,40.017102],[-105.122406,40.017203],[-105.122307,40.017407],[-105.122314,40.017521],[-105.122364,40.017635],[-105.122561,40.017801],[-105.122829,40.017865]]],[[[-105.122388,40.004589],[-105.122329,40.004644],[-105.122356,40.004671],[-105.122438,40.004643],[-105.12243,40.004599],[-105.122388,40.004589]]],[[[-105.122423,40.007824],[-105.122354,40.007864],[-105.122397,40.007923],[-105.122485,40.007884],[-105.12247,40.007841],[-105.122423,40.007824]]],[[[-105.122517,40.00383],[-105.122468,40.003863],[-105.122528,40.003926],[-105.122571,40.003912],[-105.122577,40.003854],[-105.122517,40.00383]]],[[[-105.122633,39.997687],[-105.122574,39.997738],[-105.122641,39.99778],[-105.122696,39.997732],[-105.122633,39.997687]]],[[[-105.122856,40.000731],[-105.122795,40.000783],[-105.12286,40.000827],[-105.122919,40.000778],[-105.122856,40.000731]]],[[[-105.122888,40.001567],[-105.122819,40.001616],[-105.12288,40.00167],[-105.122951,40.001622],[-105.122888,40.001567]]],[[[-105.122987,39.99961],[-105.123076,39.99956],[-105.123066,39.99951],[-105.123014,39.99948],[-105.122952,39.999487],[-105.12291,39.999532],[-105.122927,39.999586],[-105.122987,39.99961]]],[[[-105.123723,39.996881],[-105.123999,39.996828],[-105.124093,39.996753],[-105.124144,39.996663],[-105.124146,39.995372],[-105.124106,39.995285],[-105.124017,39.995222],[-105.123552,39.995137],[-105.123267,39.995414],[-105.123084,39.995538],[-105.123068,39.995582],[-105.123252,39.995785],[-105.123337,39.99596],[-105.123363,39.996618],[-105.123392,39.996711],[-105.123516,39.996829],[-105.123723,39.996881]]],[[[-105.124737,39.999559],[-105.124971,39.999521],[-105.125157,39.999415],[-105.125515,39.998906],[-105.125639,39.998797],[-105.125826,39.998723],[-105.1261,39.998696],[-105.126242,39.998617],[-105.126306,39.998479],[-105.126252,39.998033],[-105.125829,39.99797],[-105.125395,39.997981],[-105.125357,39.998041],[-105.125378,39.998317],[-105.125319,39.998474],[-105.125163,39.998627],[-105.124949,39.998718],[-105.124361,39.998783],[-105.124176,39.998776],[-105.123395,39.998493],[-105.12333,39.998518],[-105.123181,39.998732],[-105.123195,39.998795],[-105.123406,39.998922],[-105.123596,39.999121],[-105.123981,39.999409],[-105.12433,39.99953],[-105.124737,39.999559]]],[[[-105.125046,40.009266],[-105.124799,40.009529],[-105.124981,40.009662],[-105.12506,40.009768],[-105.125087,40.009905],[-105.125042,40.010033],[-105.125542,40.010274],[-105.125549,40.009783],[-105.126683,40.008987],[-105.126603,40.00873],[-105.125606,40.008355],[-105.125086,40.008508],[-105.124174,40.009337],[-105.123429,40.009522],[-105.12338,40.009575],[-105.123694,40.009701],[-105.124166,40.009784],[-105.124689,40.009459],[-105.125399,40.008784],[-105.125516,40.008755],[-105.125648,40.008771],[-105.12586,40.008854],[-105.125938,40.008949],[-105.125908,40.00909],[-105.125741,40.009198],[-105.12558,40.009216],[-105.125222,40.009144],[-105.125046,40.009266]]],[[[-105.124285,39.998663],[-105.124846,39.998613],[-105.125076,39.998519],[-105.125167,39.998428],[-105.125215,39.998319],[-105.125185,39.998003],[-105.125108,39.997965],[-105.124466,39.997999],[-105.123892,39.997913],[-105.123766,39.997929],[-105.123665,39.997985],[-105.123495,39.99833],[-105.123512,39.99839],[-105.124089,39.998626],[-105.124285,39.998663]]],[[[-105.124368,40.010244],[-105.125162,40.010311],[-105.125476,40.010429],[-105.125486,40.010405],[-105.125049,40.010191],[-105.124673,40.01005],[-105.123514,40.009786],[-105.124368,40.010244]]],[[[-105.12375,39.99951],[-105.123656,39.999592],[-105.123584,39.999726],[-105.123561,39.999995],[-105.123587,40.000018],[-105.123624,39.999997],[-105.123659,39.999708],[-105.123781,39.999538],[-105.12375,39.99951]]],[[[-105.124535,40.001458],[-105.125279,40.00181],[-105.125579,40.001853],[-105.126022,40.001673],[-105.126863,40.001089],[-105.127228,40.000747],[-105.127188,40.000349],[-105.123739,40.00035],[-105.123739,40.000839],[-105.12365,40.001218],[-105.123706,40.001253],[-105.124016,40.001177],[-105.124027,40.001115],[-105.123877,40.00089],[-105.123874,40.000772],[-105.123933,40.000674],[-105.124096,40.000572],[-105.124159,40.000466],[-105.12423,40.000425],[-105.124386,40.00044],[-105.124455,40.000543],[-105.124375,40.000647],[-105.124136,40.000663],[-105.123996,40.000768],[-105.123999,40.000899],[-105.124121,40.001065],[-105.124172,40.001087],[-105.124449,40.001009],[-105.124781,40.001008],[-105.125109,40.000682],[-105.125167,40.000491],[-105.125296,40.000449],[-105.125409,40.000493],[-105.125445,40.000563],[-105.125415,40.000643],[-105.125214,40.000724],[-105.124908,40.001045],[-105.124921,40.001096],[-105.125087,40.001194],[-105.125551,40.000939],[-105.125728,40.000809],[-105.125847,40.00068],[-105.12584,40.000538],[-105.125889,40.000473],[-105.126003,40.000441],[-105.126105,40.000474],[-105.126154,40.000553],[-105.126121,40.000638],[-105.125968,40.000709],[-105.125713,40.000945],[-105.125211,40.001258],[-105.125216,40.001321],[-105.125345,40.001409],[-105.125435,40.00143],[-105.125631,40.001391],[-105.126227,40.001029],[-105.126526,40.000741],[-105.126543,40.000576],[-105.126597,40.000511],[-105.126739,40.000488],[-105.126845,40.00056],[-105.126857,40.000623],[-105.126827,40.000685],[-105.126658,40.000765],[-105.12631,40.001106],[-105.125592,40.001513],[-105.125415,40.001526],[-105.125264,40.00149],[-105.124844,40.001183],[-105.124602,40.001111],[-105.124385,40.001133],[-105.124048,40.001295],[-105.123676,40.001375],[-105.123736,40.001686],[-105.124245,40.00161],[-105.124535,40.001458]]],[[[-105.124643,40.022059],[-105.124037,40.022277],[-105.123767,40.022463],[-105.123715,40.022583],[-105.123716,40.022667],[-105.123838,40.022888],[-105.124326,40.022887],[-105.124203,40.022813],[-105.124219,40.022695],[-105.124458,40.022531],[-105.124812,40.022356],[-105.124643,40.022059]]],[[[-105.124296,40.000595],[-105.124364,40.000548],[-105.124297,40.000494],[-105.124231,40.000542],[-105.124296,40.000595]]],[[[-105.124503,40.022807],[-105.124378,40.022887],[-105.130847,40.02286],[-105.130849,40.022376],[-105.130512,40.022386],[-105.130051,40.022471],[-105.129404,40.022541],[-105.128599,40.022824],[-105.127759,40.022844],[-105.127539,40.022811],[-105.126715,40.022509],[-105.125832,40.022568],[-105.124927,40.022461],[-105.124819,40.022488],[-105.124545,40.02264],[-105.124509,40.022698],[-105.124503,40.022807]]],[[[-105.124775,40.009548],[-105.124458,40.009739],[-105.124433,40.009811],[-105.124471,40.009847],[-105.125017,40.010023],[-105.125057,40.0099],[-105.125024,40.009758],[-105.12495,40.009667],[-105.124775,40.009548]]],[[[-105.126481,40.018839],[-105.126251,40.018863],[-105.126059,40.018935],[-105.125281,40.019389],[-105.125102,40.019539],[-105.125059,40.019619],[-105.125486,40.019904],[-105.125777,40.020169],[-105.126126,40.019867],[-105.12592,40.019656],[-105.125975,40.019499],[-105.126482,40.019226],[-105.126481,40.018839]]],[[[-105.126724,40.011063],[-105.125177,40.011056],[-105.125191,40.014487],[-105.127805,40.014483],[-105.127844,40.014455],[-105.127814,40.014126],[-105.127465,40.013618],[-105.127417,40.013473],[-105.127385,40.013193],[-105.126853,40.013021],[-105.126277,40.012744],[-105.126092,40.012734],[-105.126025,40.012679],[-105.126006,40.012605],[-105.126096,40.012498],[-105.126248,40.012489],[-105.126329,40.012536],[-105.126374,40.012628],[-105.126737,40.012806],[-105.127097,40.012948],[-105.127405,40.013028],[-105.12749,40.012996],[-105.127652,40.012793],[-105.127875,40.012632],[-105.128085,40.012543],[-105.128438,40.012463],[-105.128477,40.012403],[-105.128456,40.012281],[-105.128243,40.011879],[-105.128187,40.011532],[-105.128143,40.011478],[-105.127002,40.01146],[-105.126818,40.01153],[-105.126702,40.011493],[-105.126643,40.0114],[-105.126685,40.011303],[-105.126804,40.011257],[-105.127003,40.011328],[-105.128094,40.011325],[-105.128179,40.011259],[-105.128181,40.011059],[-105.127323,40.011063],[-105.127005,40.011019],[-105.126711,40.010937],[-105.126724,40.011063]]],[[[-105.125287,40.000524],[-105.125217,40.00057],[-105.125264,40.000624],[-105.12535,40.000581],[-105.125287,40.000524]]],[[[-105.125609,40.009142],[-105.125725,40.009122],[-105.125815,40.009058],[-105.125845,40.008998],[-105.125816,40.008926],[-105.125614,40.008841],[-105.125514,40.008832],[-105.125421,40.008867],[-105.12531,40.008974],[-105.12531,40.009041],[-105.125364,40.009092],[-105.125609,40.009142]]],[[[-105.130018,40.008583],[-105.129387,40.007832],[-105.129303,40.007832],[-105.129082,40.007986],[-105.128858,40.008067],[-105.128598,40.008086],[-105.128365,40.008041],[-105.127164,40.007533],[-105.126168,40.006837],[-105.126063,40.006728],[-105.12601,40.006539],[-105.126035,40.006202],[-105.126078,40.006095],[-105.126213,40.005971],[-105.126695,40.005772],[-105.126909,40.005614],[-105.127037,40.005447],[-105.127228,40.005059],[-105.127368,40.004856],[-105.127384,40.004721],[-105.127454,40.004655],[-105.127052,40.004657],[-105.126651,40.005446],[-105.12616,40.005679],[-105.125457,40.005794],[-105.125667,40.006324],[-105.125452,40.006782],[-105.126889,40.007802],[-105.128319,40.008364],[-105.129724,40.008336],[-105.130018,40.008583]]],[[[-105.126001,39.999196],[-105.126248,39.999155],[-105.127205,39.998724],[-105.127263,39.998605],[-105.127263,39.998199],[-105.127192,39.998052],[-105.127076,39.997977],[-105.126941,39.997947],[-105.126454,39.99802],[-105.126425,39.998181],[-105.126464,39.99851],[-105.126388,39.998674],[-105.126189,39.998803],[-105.125783,39.998871],[-105.125621,39.999019],[-105.12562,39.999068],[-105.125659,39.999103],[-105.125844,39.999174],[-105.126001,39.999196]]],[[[-105.128029,40.020964],[-105.127227,40.020988],[-105.12633,40.02008],[-105.125901,40.02025],[-105.125849,40.020197],[-105.125823,40.020217],[-105.126826,40.021235],[-105.127005,40.021338],[-105.127224,40.021384],[-105.128597,40.021372],[-105.128607,40.020347],[-105.12784,40.020346],[-105.127846,40.020659],[-105.128027,40.020823],[-105.128029,40.020964]]],[[[-105.125992,40.000614],[-105.126063,40.000574],[-105.126027,40.000517],[-105.125968,40.000518],[-105.125933,40.000557],[-105.125992,40.000614]]],[[[-105.126364,40.006041],[-105.126261,40.006104],[-105.126202,40.006191],[-105.12617,40.006538],[-105.126203,40.006664],[-105.126315,40.006769],[-105.126361,40.006745],[-105.126396,40.006645],[-105.126427,40.00615],[-105.126403,40.006065],[-105.126364,40.006041]]],[[[-105.12742,40.010913],[-105.128183,40.010893],[-105.128232,40.010671],[-105.128285,40.010571],[-105.128623,40.010329],[-105.128627,40.010278],[-105.128561,40.010199],[-105.128556,40.010136],[-105.128599,40.010074],[-105.128682,40.010039],[-105.128824,40.010069],[-105.128871,40.010184],[-105.128718,40.010449],[-105.128474,40.010591],[-105.128403,40.010669],[-105.128375,40.010847],[-105.128438,40.010906],[-105.128789,40.010909],[-105.128958,40.01088],[-105.129111,40.010813],[-105.129354,40.010643],[-105.129653,40.010548],[-105.129685,40.010492],[-105.129619,40.010083],[-105.129652,40.010018],[-105.12972,40.00998],[-105.129852,40.009987],[-105.129936,40.010073],[-105.129919,40.010159],[-105.129806,40.010255],[-105.129849,40.010458],[-105.129945,40.010482],[-105.13016,40.010378],[-105.130407,40.010145],[-105.130523,40.009846],[-105.13051,40.009611],[-105.130328,40.009056],[-105.13035,40.009524],[-105.127544,40.00988],[-105.126175,40.010553],[-105.126748,40.010765],[-105.126977,40.010524],[-105.127287,40.010376],[-105.127391,40.010259],[-105.127531,40.01025],[-105.127626,40.010331],[-105.127593,40.010444],[-105.127505,40.010485],[-105.127357,40.010489],[-105.12709,40.010616],[-105.126947,40.010791],[-105.127017,40.010864],[-105.12742,40.010913]]],[[[-105.128638,40.007963],[-105.128831,40.007944],[-105.129001,40.007878],[-105.129224,40.007711],[-105.129234,40.007646],[-105.12745,40.006754],[-105.127346,40.006653],[-105.127284,40.006539],[-105.127264,40.006414],[-105.127297,40.006252],[-105.127256,40.006199],[-105.126973,40.006076],[-105.126743,40.005912],[-105.126447,40.006008],[-105.126484,40.006155],[-105.126453,40.006654],[-105.126384,40.006818],[-105.127303,40.007455],[-105.128409,40.007918],[-105.128638,40.007963]]],[[[-105.126569,40.01885],[-105.126561,40.019217],[-105.126874,40.019258],[-105.12724,40.01951],[-105.127573,40.019218],[-105.127053,40.018892],[-105.126833,40.018844],[-105.126569,40.01885]]],[[[-105.126691,40.000552],[-105.126641,40.000579],[-105.126638,40.000622],[-105.12673,40.000651],[-105.126766,40.000592],[-105.126691,40.000552]]],[[[-105.130155,40.003465],[-105.130433,40.003748],[-105.130765,40.003761],[-105.130766,40.003227],[-105.130689,40.003336],[-105.130545,40.003359],[-105.130452,40.003316],[-105.130384,40.003211],[-105.130321,40.003172],[-105.129863,40.003118],[-105.129712,40.003065],[-105.129517,40.002912],[-105.129377,40.00274],[-105.129328,40.002628],[-105.129299,40.002401],[-105.129189,40.002281],[-105.129089,40.002287],[-105.12877,40.00253],[-105.128709,40.002659],[-105.128655,40.002704],[-105.128552,40.002723],[-105.12845,40.002682],[-105.128409,40.002605],[-105.128449,40.002519],[-105.128663,40.002451],[-105.128941,40.002277],[-105.129008,40.0022],[-105.128988,40.002152],[-105.128497,40.00176],[-105.128428,40.001755],[-105.128368,40.00179],[-105.128157,40.00197],[-105.128044,40.002125],[-105.127867,40.002252],[-105.127836,40.002322],[-105.127852,40.002463],[-105.127751,40.002543],[-105.127613,40.002532],[-105.127488,40.002374],[-105.12717,40.002194],[-105.127027,40.002155],[-105.126974,40.002098],[-105.126967,40.002035],[-105.126836,40.002249],[-105.126872,40.002361],[-105.127337,40.002701],[-105.127509,40.002792],[-105.127601,40.002824],[-105.127951,40.002834],[-105.12834,40.002964],[-105.128912,40.003069],[-105.129107,40.003128],[-105.129246,40.00323],[-105.129303,40.003313],[-105.130155,40.003465]]],[[[-105.127683,40.017077],[-105.12804,40.017225],[-105.128586,40.017589],[-105.128769,40.01764],[-105.128856,40.017614],[-105.128948,40.017207],[-105.128944,40.017078],[-105.128846,40.016906],[-105.128661,40.016784],[-105.127723,40.016481],[-105.127495,40.016456],[-105.127313,40.016483],[-105.127121,40.016567],[-105.126981,40.016691],[-105.126908,40.016828],[-105.126891,40.016977],[-105.126924,40.017013],[-105.127375,40.017022],[-105.127683,40.017077]]],[[[-105.127612,40.004654],[-105.127685,40.00473],[-105.127671,40.004821],[-105.127503,40.00491],[-105.12744,40.004978],[-105.127156,40.005518],[-105.126892,40.005818],[-105.127044,40.005966],[-105.127361,40.006104],[-105.12743,40.006098],[-105.127832,40.005901],[-105.127866,40.00568],[-105.128023,40.00535],[-105.128149,40.005182],[-105.128478,40.004855],[-105.128517,40.004711],[-105.12859,40.00465],[-105.127612,40.004654]]],[[[-105.127563,40.00226],[-105.127654,40.002239],[-105.127932,40.002051],[-105.128059,40.001887],[-105.128345,40.001693],[-105.128371,40.001636],[-105.127995,40.001308],[-105.127833,40.001327],[-105.12771,40.00145],[-105.127595,40.001475],[-105.127463,40.001406],[-105.127445,40.001341],[-105.127469,40.001281],[-105.127555,40.001229],[-105.127713,40.001232],[-105.127903,40.001181],[-105.127979,40.000983],[-105.12815,40.000832],[-105.128205,40.000709],[-105.128285,40.000666],[-105.128384,40.000665],[-105.128482,40.000729],[-105.128485,40.000833],[-105.128418,40.000891],[-105.128261,40.000923],[-105.128142,40.000998],[-105.128086,40.001085],[-105.128072,40.001205],[-105.128137,40.001298],[-105.128404,40.001516],[-105.128521,40.001523],[-105.129016,40.001145],[-105.128906,40.000895],[-105.128952,40.000377],[-105.128871,40.000377],[-105.128871,40.000346],[-105.128242,40.000343],[-105.127593,40.000785],[-105.127388,40.001114],[-105.12713,40.001313],[-105.127109,40.00138],[-105.127158,40.001598],[-105.12703,40.001831],[-105.126985,40.001996],[-105.127084,40.001937],[-105.127204,40.001951],[-105.127269,40.002006],[-105.127327,40.002146],[-105.127563,40.00226]]],[[[-105.127117,40.002006],[-105.12707,40.002028],[-105.127062,40.002073],[-105.127152,40.002104],[-105.127189,40.002043],[-105.127117,40.002006]]],[[[-105.12728,39.997884],[-105.127243,39.997898],[-105.127242,39.997935],[-105.127301,39.997981],[-105.127347,39.997976],[-105.127354,39.997919],[-105.12728,39.997884]]],[[[-105.127304,40.019544],[-105.128033,40.020044],[-105.128268,40.020268],[-105.128607,40.020267],[-105.128579,40.020039],[-105.128453,40.019837],[-105.127632,40.019259],[-105.127304,40.019544]]],[[[-105.127466,40.010315],[-105.127408,40.010377],[-105.127492,40.010413],[-105.127536,40.010353],[-105.127466,40.010315]]],[[[-105.128879,40.007228],[-105.129429,40.006561],[-105.129412,40.00648],[-105.128539,40.006063],[-105.128282,40.005995],[-105.128054,40.005993],[-105.127849,40.006037],[-105.127595,40.006154],[-105.127476,40.006262],[-105.127433,40.006362],[-105.127433,40.00648],[-105.127481,40.006584],[-105.127573,40.006673],[-105.128774,40.007252],[-105.128879,40.007228]]],[[[-105.1276,40.001299],[-105.127549,40.001322],[-105.127544,40.00137],[-105.127638,40.001398],[-105.127672,40.00134],[-105.1276,40.001299]]],[[[-105.128053,40.013693],[-105.128086,40.013378],[-105.127599,40.0132],[-105.127584,40.013372],[-105.127615,40.013521],[-105.127969,40.014049],[-105.128045,40.014474],[-105.129945,40.014479],[-105.129908,40.014474],[-105.129785,40.013941],[-105.129313,40.01377],[-105.128053,40.013693]]],[[[-105.127739,40.00237],[-105.127639,40.002378],[-105.127629,40.002418],[-105.127663,40.002468],[-105.127728,40.002472],[-105.127767,40.002415],[-105.127739,40.00237]]],[[[-105.129131,40.013062],[-105.128953,40.013025],[-105.128788,40.012945],[-105.128626,40.012813],[-105.12851,40.012649],[-105.128427,40.012615],[-105.128024,40.012722],[-105.127835,40.012843],[-105.127718,40.012962],[-105.12837,40.013306],[-105.128844,40.013017],[-105.129131,40.013062]]],[[[-105.1286,40.019752],[-105.128816,40.019715],[-105.129372,40.019706],[-105.129589,40.019641],[-105.12973,40.01954],[-105.129817,40.019408],[-105.129841,40.019269],[-105.129804,40.01913],[-105.129719,40.019016],[-105.129599,40.01893],[-105.129449,40.018875],[-105.129264,40.018857],[-105.128217,40.018876],[-105.127962,40.018967],[-105.127753,40.019133],[-105.127755,40.019177],[-105.1286,40.019752]]],[[[-105.130763,40.004531],[-105.128741,40.00465],[-105.128821,40.004728],[-105.128806,40.004821],[-105.128595,40.004921],[-105.128222,40.005298],[-105.128019,40.00568],[-105.128007,40.005842],[-105.128544,40.005929],[-105.129481,40.006366],[-105.129593,40.006359],[-105.129697,40.006207],[-105.12975,40.006051],[-105.129759,40.00541],[-105.12981,40.005257],[-105.129928,40.005137],[-105.130115,40.005056],[-105.130763,40.005041],[-105.130763,40.004531]]],[[[-105.128027,39.998335],[-105.129076,39.99834],[-105.129069,39.99999],[-105.129098,39.999918],[-105.129864,39.999139],[-105.129835,39.999072],[-105.129197,39.998668],[-105.129197,39.99858],[-105.129374,39.998388],[-105.129406,39.998255],[-105.129473,39.99825],[-105.129522,39.998369],[-105.129637,39.998455],[-105.129593,39.998501],[-105.129498,39.998449],[-105.12942,39.998457],[-105.12927,39.998604],[-105.129271,39.998649],[-105.129871,39.999013],[-105.130082,39.998963],[-105.130209,39.998993],[-105.13047,39.999354],[-105.130487,39.999417],[-105.130456,39.999478],[-105.129976,39.999943],[-105.129481,39.999961],[-105.129286,39.999885],[-105.129218,39.999919],[-105.129222,39.99999],[-105.130443,39.999993],[-105.130707,39.999716],[-105.130483,39.999251],[-105.130161,39.998836],[-105.128239,39.997107],[-105.128192,39.997213],[-105.128027,39.997317],[-105.128035,39.998073],[-105.128559,39.998066],[-105.128618,39.998015],[-105.128616,39.997873],[-105.128696,39.997873],[-105.128734,39.998314],[-105.128655,39.998314],[-105.128649,39.998183],[-105.128594,39.998136],[-105.128048,39.998138],[-105.128027,39.998335]]],[[[-105.130905,40.016712],[-105.130914,40.014897],[-105.128057,40.014895],[-105.128074,40.015805],[-105.1285,40.015917],[-105.129187,40.01624],[-105.130079,40.016371],[-105.130683,40.016656],[-105.130905,40.016712]]],[[[-105.130803,39.994334],[-105.130919,39.994273],[-105.131211,39.994564],[-105.131572,39.995068],[-105.131632,39.995105],[-105.132959,39.994574],[-105.13317,39.994542],[-105.133333,39.994569],[-105.133489,39.994659],[-105.133569,39.994851],[-105.133718,39.995085],[-105.133788,39.995124],[-105.136014,39.994299],[-105.136251,39.994278],[-105.136479,39.994362],[-105.136559,39.994438],[-105.136753,39.994745],[-105.137055,39.994849],[-105.137114,39.994913],[-105.137146,39.99502],[-105.137112,39.995126],[-105.137021,39.995211],[-105.136226,39.995511],[-105.136193,39.995557],[-105.136661,39.99633],[-105.136717,39.99649],[-105.136706,39.996647],[-105.136624,39.996813],[-105.136476,39.996942],[-105.136217,39.99705],[-105.136188,39.997088],[-105.136396,39.997468],[-105.136411,39.997592],[-105.136381,39.997697],[-105.136213,39.997846],[-105.135255,39.998207],[-105.134112,39.998742],[-105.134065,39.998874],[-105.134071,39.99913],[-105.133954,39.999613],[-105.133951,39.999922],[-105.133996,39.999976],[-105.134048,39.999985],[-105.134201,39.999878],[-105.13436,39.999642],[-105.134461,39.999391],[-105.134547,39.999273],[-105.136251,39.998222],[-105.136477,39.998341],[-105.136741,39.998414],[-105.137049,39.998585],[-105.137327,39.998652],[-105.137351,39.994356],[-105.137182,39.994162],[-105.128115,39.994133],[-105.128114,39.994239],[-105.130635,39.994286],[-105.130803,39.994334]]],[[[-105.128339,40.000733],[-105.12827,40.000772],[-105.128317,40.000832],[-105.128403,40.00079],[-105.128339,40.000733]]],[[[-105.128384,40.011801],[-105.1286,40.012207],[-105.128694,40.012652],[-105.12882,40.012799],[-105.129,40.012899],[-105.129147,40.012933],[-105.129306,40.012924],[-105.130023,40.012699],[-105.130818,40.012685],[-105.130809,40.011843],[-105.13069,40.011844],[-105.130695,40.011233],[-105.130568,40.011063],[-105.130819,40.011061],[-105.130766,40.00801],[-105.130297,40.008049],[-105.129977,40.008184],[-105.129944,40.008234],[-105.129971,40.008292],[-105.130393,40.008706],[-105.130538,40.009054],[-105.130526,40.0091],[-105.130687,40.009591],[-105.130706,40.009777],[-105.130654,40.010038],[-105.130521,40.010265],[-105.130371,40.010416],[-105.130173,40.010545],[-105.129912,40.010648],[-105.129486,40.010747],[-105.129074,40.010994],[-105.12875,40.011059],[-105.128343,40.011059],[-105.12835,40.011295],[-105.12839,40.011331],[-105.129766,40.011384],[-105.129964,40.011324],[-105.130189,40.011327],[-105.130303,40.011389],[-105.130304,40.011495],[-105.130202,40.011558],[-105.129979,40.011561],[-105.129784,40.011504],[-105.128392,40.011451],[-105.128351,40.01149],[-105.128384,40.011801]]],[[[-105.128557,40.00255],[-105.128509,40.002576],[-105.128505,40.002618],[-105.128551,40.00265],[-105.128609,40.002639],[-105.12863,40.00258],[-105.128557,40.00255]]],[[[-105.129177,40.00123],[-105.128611,40.001649],[-105.129151,40.002087],[-105.129716,40.001669],[-105.129177,40.00123]]],[[[-105.128713,40.010108],[-105.128662,40.010126],[-105.128648,40.01017],[-105.128743,40.010206],[-105.128776,40.010148],[-105.128713,40.010108]]],[[[-105.128826,40.021378],[-105.129901,40.021375],[-105.129982,40.02134],[-105.129987,40.020937],[-105.129725,40.020467],[-105.128778,40.02056],[-105.128772,40.02134],[-105.128826,40.021378]]],[[[-105.130692,40.00686],[-105.130633,40.006963],[-105.130486,40.006984],[-105.129682,40.006609],[-105.129611,40.006603],[-105.129012,40.007296],[-105.129005,40.00734],[-105.12947,40.007613],[-105.129795,40.007954],[-105.130293,40.007789],[-105.130762,40.007754],[-105.130763,40.005172],[-105.130134,40.005181],[-105.130008,40.00525],[-105.129934,40.005358],[-105.129906,40.006056],[-105.12973,40.006465],[-105.130342,40.006777],[-105.13052,40.006742],[-105.130605,40.006756],[-105.130692,40.00686]]],[[[-105.129096,40.000377],[-105.129053,40.000402],[-105.129025,40.000626],[-105.129057,40.000652],[-105.129087,40.000637],[-105.129111,40.000542],[-105.129096,40.000377]]],[[[-105.130612,40.003087],[-105.130722,40.003133],[-105.130766,40.003219],[-105.130785,40.001372],[-105.130756,40.000375],[-105.129233,40.000377],[-105.129206,40.000649],[-105.129083,40.00085],[-105.129092,40.000926],[-105.129149,40.001005],[-105.129262,40.001012],[-105.12956,40.000777],[-105.129677,40.000721],[-105.129821,40.000705],[-105.130014,40.000741],[-105.13019,40.000705],[-105.130317,40.000789],[-105.13029,40.000957],[-105.130369,40.001134],[-105.130363,40.001298],[-105.130319,40.00139],[-105.12998,40.00163],[-105.129959,40.001681],[-105.130319,40.002004],[-105.130362,40.0021],[-105.130364,40.002245],[-105.130413,40.002336],[-105.130401,40.002403],[-105.130276,40.002477],[-105.130123,40.002428],[-105.130095,40.002329],[-105.130207,40.002198],[-105.130204,40.002083],[-105.12992,40.001796],[-105.129827,40.001781],[-105.129279,40.002193],[-105.129445,40.002426],[-105.129491,40.00266],[-105.129853,40.002969],[-105.130612,40.003087]]],[[[-105.129864,40.001564],[-105.129934,40.001546],[-105.130188,40.001338],[-105.130224,40.001148],[-105.130189,40.001074],[-105.129935,40.000859],[-105.129772,40.000817],[-105.129401,40.00103],[-105.12932,40.001128],[-105.129864,40.001564]]],[[[-105.129928,39.999195],[-105.129366,39.999764],[-105.129369,39.999837],[-105.129527,39.999901],[-105.129942,39.999885],[-105.130394,39.999435],[-105.130399,39.999382],[-105.130158,39.999045],[-105.130022,39.999045],[-105.129928,39.999195]]],[[[-105.129446,40.013024],[-105.129744,40.012934],[-105.129761,40.012956],[-105.129448,40.013092],[-105.129538,40.013266],[-105.129935,40.013258],[-105.129915,40.013362],[-105.129984,40.013439],[-105.130386,40.013458],[-105.130312,40.012864],[-105.130167,40.012865],[-105.129934,40.012947],[-105.129913,40.012857],[-105.129446,40.013024]]],[[[-105.129781,40.010147],[-105.129831,40.010128],[-105.129843,40.010086],[-105.129763,40.010046],[-105.129713,40.0101],[-105.129781,40.010147]]],[[[-105.130242,40.007908],[-105.129925,40.008034],[-105.129914,40.008066],[-105.129954,40.008078],[-105.130309,40.007945],[-105.130717,40.007909],[-105.130741,40.007882],[-105.130711,40.007858],[-105.130548,40.00786],[-105.130242,40.007908]]],[[[-105.13016,40.011486],[-105.130218,40.01145],[-105.13018,40.011403],[-105.129974,40.011401],[-105.129926,40.011433],[-105.129965,40.011484],[-105.13016,40.011486]]],[[[-105.130163,40.000885],[-105.130232,40.000836],[-105.130179,40.000782],[-105.130099,40.00083],[-105.130163,40.000885]]],[[[-105.130238,40.002303],[-105.130193,40.002329],[-105.13019,40.002371],[-105.130292,40.002395],[-105.130316,40.002339],[-105.130238,40.002303]]],[[[-105.131002,39.996074],[-105.130943,39.996208],[-105.131354,39.996807],[-105.131905,39.996575],[-105.131151,39.995475],[-105.130903,39.995575],[-105.130826,39.995463],[-105.131074,39.995364],[-105.130804,39.994955],[-105.130849,39.994848],[-105.131066,39.994745],[-105.130897,39.994545],[-105.130674,39.994662],[-105.130372,39.995888],[-105.130831,39.995901],[-105.131002,39.996074]]],[[[-105.130522,40.006816],[-105.130465,40.006875],[-105.130556,40.006912],[-105.130593,40.006856],[-105.130522,40.006816]]],[[[-105.130578,40.00317],[-105.130533,40.003185],[-105.130524,40.003242],[-105.130615,40.003269],[-105.13065,40.003209],[-105.130578,40.00317]]],[[[-105.130873,39.994519],[-105.130677,39.994651],[-105.130675,39.994659],[-105.130897,39.994543],[-105.130873,39.994519]]],[[[-105.132018,39.997978],[-105.13226,39.998353],[-105.132219,39.998452],[-105.130792,39.998985],[-105.131038,39.999391],[-105.131189,39.999769],[-105.131561,40.000016],[-105.133606,39.999967],[-105.133632,39.999916],[-105.133641,39.999562],[-105.133762,39.99903],[-105.133721,39.99896],[-105.133623,39.998944],[-105.133382,39.999036],[-105.133308,39.998876],[-105.133271,39.998861],[-105.132916,39.998955],[-105.132508,39.998953],[-105.132476,39.998978],[-105.132496,39.999007],[-105.132326,39.998979],[-105.132471,39.998894],[-105.132924,39.998892],[-105.133151,39.998838],[-105.133244,39.998776],[-105.132553,39.997695],[-105.13255,39.997557],[-105.132203,39.997009],[-105.131671,39.997206],[-105.132028,39.997784],[-105.131957,39.997809],[-105.131588,39.997214],[-105.13144,39.997181],[-105.131312,39.997074],[-105.13128,39.99696],[-105.131305,39.996868],[-105.131025,39.996462],[-105.13095,39.996432],[-105.130827,39.99647],[-105.130723,39.996705],[-105.130877,39.99696],[-105.131258,39.997063],[-105.131345,39.997193],[-105.131186,39.997563],[-105.131352,39.997815],[-105.132018,39.997978]]],[[[-105.130864,39.996385],[-105.130913,39.996346],[-105.130906,39.996291],[-105.130864,39.996385]]],[[[-105.131387,39.995196],[-105.131103,39.994798],[-105.130891,39.994905],[-105.130892,39.994963],[-105.131136,39.995321],[-105.131336,39.995259],[-105.131387,39.995196]]],[[[-105.132225,39.996392],[-105.131517,39.995378],[-105.13142,39.995362],[-105.131229,39.995455],[-105.131979,39.996547],[-105.132214,39.996448],[-105.132225,39.996392]]],[[[-105.131244,40.018328],[-105.1358,40.018331],[-105.135833,40.014879],[-105.134164,40.014883],[-105.134152,40.015293],[-105.134194,40.015344],[-105.135014,40.015346],[-105.13522,40.015285],[-105.135318,40.015314],[-105.135372,40.015384],[-105.135341,40.015486],[-105.135236,40.015531],[-105.135014,40.015471],[-105.134208,40.015487],[-105.134188,40.015542],[-105.134355,40.015866],[-105.134436,40.016126],[-105.135367,40.016143],[-105.135592,40.016063],[-105.135678,40.016087],[-105.135743,40.016146],[-105.135744,40.016269],[-105.135603,40.016308],[-105.135416,40.016267],[-105.134441,40.016268],[-105.134405,40.016298],[-105.134295,40.016609],[-105.134289,40.016789],[-105.134342,40.01684],[-105.134653,40.016874],[-105.13556,40.016875],[-105.135686,40.016939],[-105.135688,40.017056],[-105.135557,40.017122],[-105.135461,40.017104],[-105.135289,40.016999],[-105.134637,40.016997],[-105.134357,40.016968],[-105.1343,40.017004],[-105.134296,40.017716],[-105.134318,40.017759],[-105.134377,40.017783],[-105.134806,40.017778],[-105.135238,40.017648],[-105.135322,40.017678],[-105.135375,40.017754],[-105.135358,40.017831],[-105.135293,40.017881],[-105.135193,40.017895],[-105.135038,40.017859],[-105.134808,40.017902],[-105.134397,40.017907],[-105.134255,40.017946],[-105.134148,40.017921],[-105.134085,40.017829],[-105.134136,40.017702],[-105.134133,40.017008],[-105.134074,40.01697],[-105.133794,40.01697],[-105.133301,40.017034],[-105.133292,40.017662],[-105.133371,40.017827],[-105.133293,40.017924],[-105.133146,40.01793],[-105.133077,40.017884],[-105.133051,40.017821],[-105.133132,40.017664],[-105.133118,40.017032],[-105.132254,40.016879],[-105.132189,40.016926],[-105.132181,40.017597],[-105.132214,40.01766],[-105.132316,40.017733],[-105.132339,40.017807],[-105.132276,40.017896],[-105.13213,40.017916],[-105.132052,40.017874],[-105.132017,40.017806],[-105.132016,40.016913],[-105.131966,40.01689],[-105.131262,40.016884],[-105.131244,40.018328]]],[[[-105.131286,40.014889],[-105.131264,40.016718],[-105.131997,40.016716],[-105.132031,40.016673],[-105.132036,40.01624],[-105.131941,40.016063],[-105.131997,40.015977],[-105.13212,40.015949],[-105.132149,40.0158],[-105.132012,40.015575],[-105.131581,40.01573],[-105.131584,40.015419],[-105.131981,40.015065],[-105.132669,40.014938],[-105.133014,40.014937],[-105.132846,40.015251],[-105.133096,40.015404],[-105.133245,40.015398],[-105.133276,40.015306],[-105.133391,40.015259],[-105.133602,40.015334],[-105.133924,40.015346],[-105.133974,40.015301],[-105.13395,40.014883],[-105.131286,40.014889]]],[[[-105.131275,40.016789],[-105.131279,40.016815],[-105.131708,40.016806],[-105.131691,40.01679],[-105.131275,40.016789]]],[[[-105.131295,40.002966],[-105.131619,40.002977],[-105.13192,40.003187],[-105.133405,40.001892],[-105.13492,40.001193],[-105.134301,40.001216],[-105.133624,40.001499],[-105.133265,40.001537],[-105.133092,40.001767],[-105.132796,40.001886],[-105.132702,40.002101],[-105.132172,40.002558],[-105.132007,40.002628],[-105.131567,40.002697],[-105.131463,40.002607],[-105.131468,40.002539],[-105.131514,40.002487],[-105.13164,40.002456],[-105.131784,40.002516],[-105.131884,40.002519],[-105.132046,40.002478],[-105.132559,40.002045],[-105.132615,40.001936],[-105.1326,40.001891],[-105.132542,40.001862],[-105.131952,40.001848],[-105.131798,40.001747],[-105.131773,40.001672],[-105.131795,40.000899],[-105.131879,40.000765],[-105.132031,40.000716],[-105.133049,40.000732],[-105.133164,40.000778],[-105.133238,40.000872],[-105.133232,40.001343],[-105.133262,40.001392],[-105.133533,40.001399],[-105.133777,40.00129],[-105.133816,40.001236],[-105.133673,40.00093],[-105.133662,40.000412],[-105.133613,40.000354],[-105.131691,40.000345],[-105.131329,40.000647],[-105.131321,40.001163],[-105.131679,40.001166],[-105.131677,40.00131],[-105.131675,40.001443],[-105.131317,40.00144],[-105.131295,40.002966]]],[[[-105.135804,40.012111],[-105.131348,40.012141],[-105.131356,40.012694],[-105.13235,40.012697],[-105.132474,40.012728],[-105.132838,40.012944],[-105.134244,40.012945],[-105.134592,40.013027],[-105.134709,40.013101],[-105.134789,40.013205],[-105.134824,40.01334],[-105.134815,40.013746],[-105.134689,40.013906],[-105.1344,40.01403],[-105.134256,40.014139],[-105.134168,40.014286],[-105.134149,40.014477],[-105.134061,40.014477],[-105.134059,40.014594],[-105.135811,40.014591],[-105.135804,40.012111]]],[[[-105.13465,40.013665],[-105.134623,40.013254],[-105.134498,40.013147],[-105.134331,40.0131],[-105.132895,40.013092],[-105.132685,40.013043],[-105.132332,40.012832],[-105.131354,40.01283],[-105.131364,40.01448],[-105.133968,40.014477],[-105.133987,40.014267],[-105.134091,40.014081],[-105.134271,40.013934],[-105.134566,40.013807],[-105.13465,40.013665]]],[[[-105.132442,39.996746],[-105.132348,39.996588],[-105.132239,39.996561],[-105.131483,39.996851],[-105.131434,39.996909],[-105.131423,39.997009],[-105.131499,39.997109],[-105.131598,39.997124],[-105.132405,39.99682],[-105.132442,39.996746]]],[[[-105.135443,40.006341],[-105.135014,40.006199],[-105.134818,40.006566],[-105.134999,40.006688],[-105.135185,40.00676],[-105.135443,40.006341]]],[[[-105.135443,40.006341],[-105.135829,40.005713],[-105.135635,40.005519],[-105.135032,40.005698],[-105.132108,40.005054],[-105.131528,40.005795],[-105.131534,40.005953],[-105.132023,40.005925],[-105.132566,40.006298],[-105.132725,40.006268],[-105.132916,40.006307],[-105.133702,40.006559],[-105.134064,40.006856],[-105.134855,40.007036],[-105.135096,40.006905],[-105.135134,40.006843],[-105.13442,40.006528],[-105.134128,40.006186],[-105.133229,40.005975],[-105.132312,40.005697],[-105.132232,40.005594],[-105.132243,40.005518],[-105.132329,40.00544],[-105.132478,40.005426],[-105.13284,40.005555],[-105.134862,40.006003],[-105.134988,40.006084],[-105.135014,40.006198],[-105.135443,40.006341]]],[[[-105.131617,40.002627],[-105.13168,40.00259],[-105.131635,40.002535],[-105.13156,40.002576],[-105.131617,40.002627]]],[[[-105.133064,39.994671],[-105.131765,39.995207],[-105.13173,39.995293],[-105.132017,39.995705],[-105.132109,39.995738],[-105.133574,39.995129],[-105.133585,39.99505],[-105.133366,39.994746],[-105.133246,39.994678],[-105.133064,39.994671]]],[[[-105.132006,40.001729],[-105.132828,40.001736],[-105.133013,40.001649],[-105.133065,40.001539],[-105.133065,40.000879],[-105.132996,40.000852],[-105.132043,40.00084],[-105.131971,40.000872],[-105.131938,40.001678],[-105.132006,40.001729]]],[[[-105.132233,40.016735],[-105.132508,40.01678],[-105.132586,40.016646],[-105.132588,40.016284],[-105.132653,40.016103],[-105.132656,40.015946],[-105.132541,40.01571],[-105.132344,40.015596],[-105.132213,40.015796],[-105.132174,40.015962],[-105.132235,40.016003],[-105.132262,40.016071],[-105.132197,40.016209],[-105.132194,40.016698],[-105.132233,40.016735]]],[[[-105.132534,39.996366],[-105.134941,39.995456],[-105.13496,39.995391],[-105.134708,39.994993],[-105.134615,39.994964],[-105.132228,39.995867],[-105.132176,39.995942],[-105.132418,39.996322],[-105.132534,39.996366]]],[[[-105.13287,39.997436],[-105.132553,39.99693],[-105.132475,39.996909],[-105.132272,39.996984],[-105.132603,39.997488],[-105.132694,39.997501],[-105.13287,39.997436]]],[[[-105.133087,40.005856],[-105.133152,40.005837],[-105.133194,40.005781],[-105.133153,40.005697],[-105.13275,40.005602],[-105.132461,40.005496],[-105.132376,40.0055],[-105.132322,40.005549],[-105.132326,40.005605],[-105.132372,40.005643],[-105.133087,40.005856]]],[[[-105.132554,39.996717],[-105.132565,39.996696],[-105.132446,39.996532],[-105.132435,39.996549],[-105.132554,39.996717]]],[[[-105.134099,39.996133],[-105.134002,39.995965],[-105.133896,39.995936],[-105.132593,39.996427],[-105.13256,39.996502],[-105.132667,39.996669],[-105.132758,39.996687],[-105.134055,39.996199],[-105.134099,39.996133]]],[[[-105.133622,39.998621],[-105.132905,39.997492],[-105.132647,39.997583],[-105.132622,39.997661],[-105.133381,39.998845],[-105.133525,39.998792],[-105.133585,39.998737],[-105.133622,39.998621]]],[[[-105.13598,40.001644],[-105.134073,40.003658],[-105.132624,40.004253],[-105.132637,40.00469],[-105.1332,40.00467],[-105.13314,40.004599],[-105.133154,40.004516],[-105.133448,40.004302],[-105.134513,40.003874],[-105.134625,40.003618],[-105.135192,40.003032],[-105.13534,40.002966],[-105.136034,40.002813],[-105.136144,40.002762],[-105.136188,40.002719],[-105.136185,40.002671],[-105.135992,40.002511],[-105.135848,40.002303],[-105.135844,40.00223],[-105.135902,40.002162],[-105.136023,40.002136],[-105.136128,40.00218],[-105.136165,40.002269],[-105.136106,40.002418],[-105.136327,40.002583],[-105.136416,40.002563],[-105.136745,40.002296],[-105.136767,40.002245],[-105.136527,40.002025],[-105.136297,40.001745],[-105.13609,40.001719],[-105.13598,40.001644]]],[[[-105.132777,39.996855],[-105.133026,39.997261],[-105.133119,39.997301],[-105.134466,39.996799],[-105.134507,39.996723],[-105.134257,39.996311],[-105.134147,39.996276],[-105.132806,39.996782],[-105.132777,39.996855]]],[[[-105.133496,39.997923],[-105.134866,39.997415],[-105.1349,39.997363],[-105.13464,39.996937],[-105.134576,39.99691],[-105.133207,39.997414],[-105.133168,39.997465],[-105.133428,39.997901],[-105.133496,39.997923]]],[[[-105.133417,40.016098],[-105.133556,40.016147],[-105.133608,40.016088],[-105.133697,40.016062],[-105.133924,40.016119],[-105.134167,40.016137],[-105.134221,40.016114],[-105.134198,40.01594],[-105.13399,40.015497],[-105.133584,40.015458],[-105.133423,40.015507],[-105.133306,40.015481],[-105.133199,40.015551],[-105.133201,40.015811],[-105.133417,40.016098]]],[[[-105.133293,40.004524],[-105.133233,40.004567],[-105.133287,40.004617],[-105.133356,40.004572],[-105.133293,40.004524]]],[[[-105.133387,40.005749],[-105.133325,40.005766],[-105.133271,40.005842],[-105.13331,40.00592],[-105.134175,40.00612],[-105.134241,40.006104],[-105.134297,40.006027],[-105.134294,40.005973],[-105.134244,40.005936],[-105.133387,40.005749]]],[[[-105.138584,40.004025],[-105.139149,40.004447],[-105.139658,40.004941],[-105.139676,40.005362],[-105.139783,40.004689],[-105.139749,40.004523],[-105.139628,40.004313],[-105.139394,40.004122],[-105.138729,40.003797],[-105.138528,40.003815],[-105.138393,40.003769],[-105.138321,40.00367],[-105.138336,40.003523],[-105.138191,40.003339],[-105.137683,40.002954],[-105.137617,40.002971],[-105.137257,40.003283],[-105.137481,40.00348],[-105.137662,40.003476],[-105.137757,40.003521],[-105.137788,40.003622],[-105.1377,40.00371],[-105.137544,40.003705],[-105.137157,40.003406],[-105.137068,40.003393],[-105.136949,40.003504],[-105.136797,40.003865],[-105.136595,40.004005],[-105.135151,40.004319],[-105.13483,40.004257],[-105.134687,40.004167],[-105.134569,40.00403],[-105.134481,40.004017],[-105.133552,40.004396],[-105.133448,40.004481],[-105.133455,40.004594],[-105.133404,40.004663],[-105.135695,40.004581],[-105.136884,40.004251],[-105.137706,40.00419],[-105.138014,40.003918],[-105.138584,40.004025]]],[[[-105.133573,40.016315],[-105.133549,40.016584],[-105.133794,40.016597],[-105.134125,40.016563],[-105.134219,40.016311],[-105.134167,40.016263],[-105.133968,40.016249],[-105.133727,40.016308],[-105.133618,40.016287],[-105.133573,40.016315]]],[[[-105.134285,39.998532],[-105.135117,39.998125],[-105.136165,39.997728],[-105.13624,39.997626],[-105.136246,39.99753],[-105.136043,39.997178],[-105.13593,39.997155],[-105.133565,39.998059],[-105.133569,39.998126],[-105.133854,39.998566],[-105.134035,39.998621],[-105.134285,39.998532]]],[[[-105.133861,39.998693],[-105.133757,39.998742],[-105.133759,39.998798],[-105.133797,39.998828],[-105.133874,39.998835],[-105.133923,39.9988],[-105.133931,39.998752],[-105.133861,39.998693]]],[[[-105.133879,39.999113],[-105.133762,39.999615],[-105.133778,39.999985],[-105.133821,39.999985],[-105.133827,39.999599],[-105.13395,39.999078],[-105.133938,39.99892],[-105.133874,39.999169],[-105.133879,39.999113]]],[[[-105.133818,40.000412],[-105.133796,40.000431],[-105.133803,40.000898],[-105.133874,40.001075],[-105.133978,40.001183],[-105.133858,40.000903],[-105.133818,40.000412]]],[[[-105.135173,40.000647],[-105.135166,40.000998],[-105.1352,40.001045],[-105.135653,40.001152],[-105.136025,40.001357],[-105.136298,40.001355],[-105.136653,40.001095],[-105.136676,40.001045],[-105.13613,40.000589],[-105.136101,40.000485],[-105.136171,40.000404],[-105.136273,40.000383],[-105.136374,40.000415],[-105.136425,40.000487],[-105.136401,40.00059],[-105.136423,40.000641],[-105.136772,40.000914],[-105.136832,40.000929],[-105.137429,40.000509],[-105.137814,40.000435],[-105.138094,40.000464],[-105.138152,40.00043],[-105.138162,40.000365],[-105.138105,40.000309],[-105.134062,40.000319],[-105.133988,40.000374],[-105.133988,40.000873],[-105.134044,40.001013],[-105.134128,40.001096],[-105.134974,40.001038],[-105.135005,40.000986],[-105.135005,40.000664],[-105.134926,40.000517],[-105.134955,40.000455],[-105.13502,40.000412],[-105.135155,40.000412],[-105.13524,40.000484],[-105.135245,40.000558],[-105.135173,40.000647]]],[[[-105.136782,39.994885],[-105.13426,39.995828],[-105.134217,39.995862],[-105.134214,39.995912],[-105.134311,39.996061],[-105.13442,39.99608],[-105.136933,39.995137],[-105.137006,39.995069],[-105.137014,39.994985],[-105.13693,39.994899],[-105.136782,39.994885]]],[[[-105.134654,40.006533],[-105.134742,40.006497],[-105.134917,40.006208],[-105.134918,40.006136],[-105.134843,40.006073],[-105.134446,40.006003],[-105.134297,40.006248],[-105.134474,40.00647],[-105.134654,40.006533]]],[[[-105.135943,39.995617],[-105.134435,39.996184],[-105.134395,39.996253],[-105.134647,39.996658],[-105.134732,39.996692],[-105.136275,39.99612],[-105.136305,39.996047],[-105.136056,39.995648],[-105.135943,39.995617]]],[[[-105.135111,40.004194],[-105.13658,40.003873],[-105.136674,40.003781],[-105.136847,40.003387],[-105.137501,40.002882],[-105.137515,40.002807],[-105.13697,40.002384],[-105.136909,40.00237],[-105.136171,40.0029],[-105.135312,40.003115],[-105.134777,40.003663],[-105.134701,40.003801],[-105.134709,40.003937],[-105.134796,40.004071],[-105.134936,40.004159],[-105.135111,40.004194]]],[[[-105.136349,39.996235],[-105.134808,39.996817],[-105.134792,39.996887],[-105.135041,39.997285],[-105.135156,39.997312],[-105.136297,39.996884],[-105.136447,39.996789],[-105.136534,39.996665],[-105.136561,39.996532],[-105.13653,39.996408],[-105.136444,39.996266],[-105.136349,39.996235]]],[[[-105.136093,39.994408],[-105.134868,39.994873],[-105.134857,39.994948],[-105.135101,39.995332],[-105.135156,39.995363],[-105.135227,39.995354],[-105.136591,39.994828],[-105.136589,39.994766],[-105.136392,39.99447],[-105.136247,39.994402],[-105.136093,39.994408]]],[[[-105.135092,40.000479],[-105.135028,40.000514],[-105.135073,40.000572],[-105.135147,40.000536],[-105.135092,40.000479]]],[[[-105.135951,40.00154],[-105.135924,40.001472],[-105.13565,40.00131],[-105.135264,40.001201],[-105.135951,40.00154]]],[[[-105.140509,40.003772],[-105.14048,40.000315],[-105.138383,40.000308],[-105.13833,40.000351],[-105.138254,40.000565],[-105.138278,40.000615],[-105.138631,40.000881],[-105.138711,40.000871],[-105.139009,40.00067],[-105.139271,40.00063],[-105.139429,40.000659],[-105.139573,40.000727],[-105.139684,40.000833],[-105.13974,40.000945],[-105.139749,40.00107],[-105.139708,40.00119],[-105.139433,40.001442],[-105.139418,40.001486],[-105.139687,40.001729],[-105.139822,40.001906],[-105.139908,40.002128],[-105.139916,40.002368],[-105.139873,40.002536],[-105.13979,40.002692],[-105.139461,40.003036],[-105.139852,40.003417],[-105.13987,40.00352],[-105.139761,40.003604],[-105.139604,40.003578],[-105.139551,40.003494],[-105.139583,40.003346],[-105.139365,40.003168],[-105.139306,40.003151],[-105.139247,40.003169],[-105.138829,40.003498],[-105.138803,40.003553],[-105.138851,40.003706],[-105.139508,40.004027],[-105.139682,40.004145],[-105.139819,40.004294],[-105.139923,40.004485],[-105.139959,40.004757],[-105.139854,40.005338],[-105.139864,40.005912],[-105.139931,40.006275],[-105.14009,40.006667],[-105.140102,40.006843],[-105.140176,40.006957],[-105.140147,40.007081],[-105.140045,40.007152],[-105.139894,40.007171],[-105.139679,40.007276],[-105.139456,40.00732],[-105.137277,40.007318],[-105.136506,40.007365],[-105.135833,40.007367],[-105.135465,40.007404],[-105.140526,40.007408],[-105.140527,40.007367],[-105.1405,40.00406],[-105.140488,40.003772],[-105.140509,40.003772]],[[-105.140316,40.007066],[-105.140319,40.007067],[-105.140312,40.007065],[-105.140316,40.007066]],[[-105.140524,40.007097],[-105.140524,40.0071],[-105.140524,40.007045],[-105.140524,40.007097]]],[[[-105.136442,40.007231],[-105.136831,40.007195],[-105.136849,40.007018],[-105.136896,40.006915],[-105.137268,40.006493],[-105.137435,40.006393],[-105.13809,40.006256],[-105.138348,40.006277],[-105.138661,40.006122],[-105.139014,40.006053],[-105.139209,40.00607],[-105.139395,40.006188],[-105.139674,40.006157],[-105.13971,40.006102],[-105.13967,40.005608],[-105.137035,40.006135],[-105.136143,40.007175],[-105.136088,40.007216],[-105.135837,40.007229],[-105.136442,40.007231]]],[[[-105.136006,40.002212],[-105.135943,40.002252],[-105.135995,40.002307],[-105.136062,40.002264],[-105.136006,40.002212]]],[[[-105.136093,40.001505],[-105.136077,40.001574],[-105.136138,40.00163],[-105.136231,40.00163],[-105.136294,40.00157],[-105.136284,40.001512],[-105.136231,40.001474],[-105.136158,40.001469],[-105.136093,40.001505]]],[[[-105.13627,40.000463],[-105.136204,40.000498],[-105.136235,40.000554],[-105.136322,40.000526],[-105.136315,40.000483],[-105.13627,40.000463]]],[[[-105.137452,40.000651],[-105.136448,40.00144],[-105.136437,40.001642],[-105.136705,40.001975],[-105.136873,40.002106],[-105.136951,40.002117],[-105.138171,40.00116],[-105.138441,40.001042],[-105.138482,40.000978],[-105.137999,40.000586],[-105.137849,40.000557],[-105.137596,40.000591],[-105.137452,40.000651]]],[[[-105.137044,40.007183],[-105.139479,40.007183],[-105.139709,40.007106],[-105.139735,40.006922],[-105.139909,40.0068],[-105.139919,40.006729],[-105.139755,40.006297],[-105.139702,40.006259],[-105.139425,40.006287],[-105.139325,40.006408],[-105.139228,40.00647],[-105.138743,40.006587],[-105.13845,40.006571],[-105.138359,40.006516],[-105.138279,40.006403],[-105.138125,40.006375],[-105.137513,40.0065],[-105.137416,40.006546],[-105.137029,40.006985],[-105.137005,40.00707],[-105.137044,40.007183]]],[[[-105.138301,40.001236],[-105.137097,40.002192],[-105.137083,40.002258],[-105.137632,40.002691],[-105.137713,40.002701],[-105.138043,40.002475],[-105.138942,40.001766],[-105.139123,40.00147],[-105.138709,40.001129],[-105.138619,40.001113],[-105.138301,40.001236]]],[[[-105.137625,40.003647],[-105.13769,40.003605],[-105.137652,40.003555],[-105.137569,40.003591],[-105.137625,40.003647]]],[[[-105.139065,40.001845],[-105.13786,40.002775],[-105.137844,40.002849],[-105.13826,40.003181],[-105.138459,40.003404],[-105.138691,40.003423],[-105.139612,40.002685],[-105.139751,40.002405],[-105.139741,40.002107],[-105.139676,40.001953],[-105.139562,40.001805],[-105.139339,40.001623],[-105.139256,40.001609],[-105.139208,40.001635],[-105.139065,40.001845]]],[[[-105.138575,40.006522],[-105.138883,40.006497],[-105.139174,40.006409],[-105.139274,40.006335],[-105.139283,40.006223],[-105.139218,40.006152],[-105.139112,40.006121],[-105.138857,40.006144],[-105.138607,40.006221],[-105.138416,40.006331],[-105.138396,40.00638],[-105.138443,40.006483],[-105.138575,40.006522]]],[[[-105.138481,40.003565],[-105.138435,40.003627],[-105.138469,40.003697],[-105.138562,40.00372],[-105.138645,40.003676],[-105.138658,40.003618],[-105.138619,40.003567],[-105.138481,40.003565]]],[[[-105.139184,40.000756],[-105.139002,40.000821],[-105.138831,40.000956],[-105.13881,40.001007],[-105.139211,40.001348],[-105.13929,40.001362],[-105.139537,40.001174],[-105.139587,40.000999],[-105.139539,40.000888],[-105.139447,40.000809],[-105.139331,40.000764],[-105.139184,40.000756]]],[[[-105.139718,40.003437],[-105.139654,40.003473],[-105.139697,40.00353],[-105.139774,40.003492],[-105.139718,40.003437]]],[[[-105.139943,40.007075],[-105.140015,40.00706],[-105.140061,40.007006],[-105.140046,40.006941],[-105.139981,40.006904],[-105.139886,40.006916],[-105.139838,40.006976],[-105.139861,40.00704],[-105.139943,40.007075]]],[[[-105.152651,39.998939],[-105.152621,40.00013],[-105.152692,40.00013],[-105.152694,40.000053],[-105.155156,40.000044],[-105.155102,39.99981],[-105.15516,39.99934],[-105.155441,39.998848],[-105.156029,39.998101],[-105.156197,39.997802],[-105.156235,39.997388],[-105.156802,39.997438],[-105.157108,39.997424],[-105.157205,39.99677],[-105.157242,39.996178],[-105.152733,39.996186],[-105.152725,39.994389],[-105.152111,39.994366],[-105.151409,39.994247],[-105.151205,39.994353],[-105.150821,39.994469],[-105.150572,39.994608],[-105.150382,39.994821],[-105.15015,39.994924],[-105.150031,39.995144],[-105.14999,39.995377],[-105.15004,39.995663],[-105.14999,39.996505],[-105.150041,39.996543],[-105.150066,39.997185],[-105.150145,39.997955],[-105.150004,39.998297],[-105.149886,39.998242],[-105.149831,39.998257],[-105.149825,39.998366],[-105.149932,39.998376],[-105.149973,39.998408],[-105.150003,39.998731],[-105.150043,39.99886],[-105.150093,39.998942],[-105.150154,39.998953],[-105.152651,39.998939]],[[-105.15424,39.99765],[-105.15464,39.99777],[-105.15469,39.9979],[-105.15457,39.99822],[-105.15438,39.99827],[-105.1542,39.99827],[-105.1539,39.99825],[-105.15371,39.99818],[-105.15366,39.99802],[-105.15381,39.99787],[-105.15424,39.99765]]]]}}]}