{"type":"FeatureCollection","features":[{"type":"Feature","properties":{"type":"mixed","acres":0.16,"family1_treatment":"hearing","family2_treatment":"allowed","family3_treatment":"allowed","family4_treatment":"allowed","slice_id":1275324},"geometry":{"type":"Polygon","coordinates":[[[-105.085376,39.99872],[-105.085199,39.998719],[-105.085199,39.998336],[-105.085377,39.998335],[-105.085376,39.99872]]]}},{"type":"Feature","properties":{"type":"mixed","acres":41.76,"family1_treatment":"hearing","family2_treatment":"allowed","family3_treatment":"allowed","family4_treatment":"allowed","slice_id":1275325},"geometry":{"type":"MultiPolygon","coordinates":[[[[-105.089653,39.981958],[-105.08964,39.982285],[-105.090376,39.982291],[-105.090376,39.98292],[-105.088477,39.982894],[-105.088475,39.981931],[-105.089653,39.981958]]],[[[-105.094903,39.971072],[-105.094933,39.971108],[-105.094902,39.972254],[-105.093098,39.972266],[-105.093096,39.971872],[-105.093857,39.971481],[-105.093868,39.971067],[-105.094903,39.971072]]],[[[-105.105764,39.985491],[-105.106099,39.985446],[-105.106358,39.985291],[-105.106497,39.98506],[-105.106512,39.984932],[-105.106484,39.984788],[-105.10651,39.984746],[-105.107056,39.984717],[-105.107156,39.985053],[-105.107441,39.985575],[-105.107573,39.985915],[-105.107645,39.986309],[-105.107646,39.986826],[-105.101507,39.986806],[-105.101499,39.986302],[-105.101399,39.985894],[-105.10454,39.9859],[-105.104866,39.984927],[-105.104874,39.98506],[-105.10504,39.985324],[-105.105219,39.985434],[-105.10553,39.98552],[-105.105539,39.98589],[-105.105466,39.986056],[-105.105524,39.986137],[-105.105649,39.986164],[-105.105742,39.986122],[-105.10578,39.986055],[-105.105697,39.985887],[-105.105697,39.985537],[-105.105764,39.985491]]],[[[-105.105128,39.984699],[-105.105176,39.984671],[-105.105823,39.984773],[-105.106277,39.984763],[-105.106345,39.98487],[-105.106338,39.985039],[-105.106218,39.985223],[-105.106022,39.985335],[-105.105893,39.985364],[-105.105357,39.985345],[-105.105166,39.985244],[-105.105058,39.985085],[-105.105049,39.98494],[-105.105128,39.984699]]],[[[-105.106494,39.987339],[-105.106309,39.987338],[-105.106313,39.987186],[-105.107626,39.987177],[-105.107658,39.987779],[-105.107725,39.988003],[-105.107831,39.98821],[-105.106494,39.987339]]],[[[-105.109853,40.002081],[-105.108247,40.002523],[-105.108249,40.001772],[-105.108449,40.001557],[-105.108551,40.001504],[-105.109545,40.001495],[-105.10954,40.001833],[-105.109852,40.001836],[-105.109853,40.002081]]],[[[-105.130286,39.994279],[-105.128368,39.994244],[-105.130286,39.994279],[-105.130286,39.994279]]],[[[-105.132484,39.99772],[-105.132572,39.997726],[-105.133244,39.998776],[-105.133151,39.998838],[-105.132924,39.998892],[-105.132471,39.998894],[-105.132326,39.998979],[-105.132496,39.999007],[-105.132476,39.998978],[-105.132508,39.998952],[-105.132916,39.998955],[-105.133271,39.998861],[-105.133308,39.998876],[-105.133382,39.999036],[-105.133623,39.998944],[-105.133721,39.99896],[-105.133762,39.99903],[-105.133641,39.999562],[-105.133632,39.999916],[-105.133596,39.999974],[-105.131561,40.000016],[-105.131189,39.999769],[-105.131038,39.999391],[-105.130792,39.998985],[-105.132219,39.998452],[-105.13226,39.998353],[-105.132018,39.997978],[-105.131767,39.997914],[-105.132411,39.997664],[-105.132484,39.99772]]],[[[-105.133381,39.998845],[-105.132656,39.997716],[-105.132762,39.997602],[-105.132932,39.997536],[-105.133622,39.998621],[-105.13356,39.998769],[-105.133381,39.998845]]],[[[-105.133879,39.999113],[-105.133821,39.999985],[-105.133778,39.999985],[-105.133762,39.999615],[-105.133879,39.999113]]],[[[-105.133897,39.998702],[-105.133931,39.998752],[-105.133897,39.998827],[-105.133828,39.998837],[-105.133759,39.998798],[-105.133786,39.998708],[-105.133897,39.998702]]]]}},{"type":"Feature","properties":{"type":"mixed","acres":250.13,"family1_treatment":"hearing","family2_treatment":"allowed","family3_treatment":"allowed","family4_treatment":"allowed","slice_id":1275327},"geometry":{"type":"MultiPolygon","coordinates":[[[[-105.071727,39.997151],[-105.074259,39.997145],[-105.074299,39.997286],[-105.074361,39.997741],[-105.074341,39.999864],[-105.074136,40.00002],[-105.071704,40.000039],[-105.071729,39.996971],[-105.071727,39.997151]]],[[[-105.079687,40.000586],[-105.079478,40.000975],[-105.079275,40.001205],[-105.079203,40.00127],[-105.079136,40.001307],[-105.079157,40.000343],[-105.079756,40.000309],[-105.079687,40.000586]]],[[[-105.079911,39.999386],[-105.07988,39.999247],[-105.080073,39.99925],[-105.080083,39.999312],[-105.080416,39.999315],[-105.080414,39.999678],[-105.080307,39.999677],[-105.080308,40.00014],[-105.079962,40.000138],[-105.079962,40.000223],[-105.079858,40.000223],[-105.079911,39.999386]]],[[[-105.089837,39.975141],[-105.089502,39.975139],[-105.0895,39.975259],[-105.089166,39.975189],[-105.088173,39.975176],[-105.087863,39.975096],[-105.084662,39.973686],[-105.08458,39.973564],[-105.084555,39.973333],[-105.084355,39.973162],[-105.084297,39.973066],[-105.08432,39.972869],[-105.084471,39.972615],[-105.084555,39.972383],[-105.085863,39.972398],[-105.085863,39.972434],[-105.089784,39.972506],[-105.089837,39.972566],[-105.089838,39.973153],[-105.089622,39.973156],[-105.089621,39.973269],[-105.089837,39.973266],[-105.089837,39.975141]]],[[[-105.090339,39.987761],[-105.090332,39.988368],[-105.090225,39.988424],[-105.089021,39.98842],[-105.088724,39.988368],[-105.088389,39.988184],[-105.088195,39.987917],[-105.088153,39.98769],[-105.088212,39.987079],[-105.088285,39.987026],[-105.089137,39.987036],[-105.089129,39.987745],[-105.090339,39.987761]]],[[[-105.090344,39.98292],[-105.090341,39.983395],[-105.090268,39.98348],[-105.088904,39.983484],[-105.0889,39.984445],[-105.088668,39.985395],[-105.088563,39.985613],[-105.088264,39.986017],[-105.088174,39.986047],[-105.088067,39.98602],[-105.088029,39.98289],[-105.090344,39.98292]]],[[[-105.090268,39.988568],[-105.090347,39.988595],[-105.090379,39.988657],[-105.090373,39.989274],[-105.090322,39.989273],[-105.090316,39.990094],[-105.088686,39.990094],[-105.088686,39.98997],[-105.088574,39.989808],[-105.088473,39.989729],[-105.088474,39.989331],[-105.088297,39.989233],[-105.088672,39.988586],[-105.088819,39.988532],[-105.089037,39.988562],[-105.090268,39.988568]]],[[[-105.088263,39.986306],[-105.08872,39.98567],[-105.088832,39.98544],[-105.089071,39.984482],[-105.089088,39.983717],[-105.089158,39.983668],[-105.089272,39.98365],[-105.090199,39.983659],[-105.090299,39.983691],[-105.090341,39.983763],[-105.09035,39.986276],[-105.090404,39.986276],[-105.090409,39.986731],[-105.090334,39.986783],[-105.089725,39.986782],[-105.089727,39.986843],[-105.089365,39.98684],[-105.089365,39.986778],[-105.088256,39.986768],[-105.088263,39.986306]]],[[[-105.088986,39.990241],[-105.088995,39.990528],[-105.088525,39.990522],[-105.088986,39.990241]]],[[[-105.091647,39.985148],[-105.091637,39.986777],[-105.090794,39.98677],[-105.090723,39.986715],[-105.090726,39.985131],[-105.091647,39.985148]]],[[[-105.090769,39.983427],[-105.090723,39.983403],[-105.090713,39.98331],[-105.090716,39.981408],[-105.090792,39.981363],[-105.09153,39.981363],[-105.091523,39.983424],[-105.090769,39.983427]]],[[[-105.094452,39.988856],[-105.095289,39.988864],[-105.095264,39.989556],[-105.094644,39.989546],[-105.094585,39.989456],[-105.094339,39.989273],[-105.094446,39.98911],[-105.094452,39.988856]]],[[[-105.095228,39.98709],[-105.095852,39.987135],[-105.096562,39.987136],[-105.096562,39.987178],[-105.097926,39.987184],[-105.098094,39.987313],[-105.098115,39.988806],[-105.097812,39.988806],[-105.097537,39.988692],[-105.097129,39.989227],[-105.096999,39.989274],[-105.096697,39.989275],[-105.096359,39.989236],[-105.096034,39.989137],[-105.095796,39.989017],[-105.095446,39.988779],[-105.095307,39.988724],[-105.094449,39.988707],[-105.094425,39.987081],[-105.095228,39.98709]]],[[[-105.095207,39.981848],[-105.095728,39.982072],[-105.09607,39.982122],[-105.097222,39.982122],[-105.09758,39.982074],[-105.098004,39.98207],[-105.098037,39.983329],[-105.095189,39.983322],[-105.095207,39.981848]],[[-105.09566,39.983322],[-105.095878,39.983322],[-105.095768,39.983322],[-105.09566,39.983322]]],[[[-105.097514,39.980517],[-105.097819,39.981003],[-105.097991,39.981517],[-105.098,39.981905],[-105.097561,39.981911],[-105.097222,39.981962],[-105.095983,39.981957],[-105.095718,39.98189],[-105.095201,39.981648],[-105.0952,39.980784],[-105.096245,39.980614],[-105.096578,39.980399],[-105.097007,39.980569],[-105.097514,39.980517]]],[[[-105.09637,39.989379],[-105.096678,39.989409],[-105.097072,39.989395],[-105.097273,39.989303],[-105.09745,39.989086],[-105.097528,39.989035],[-105.098124,39.989],[-105.098172,39.989401],[-105.098336,39.989906],[-105.097544,39.989921],[-105.097506,39.989979],[-105.097541,39.989979],[-105.097516,39.990247],[-105.096603,39.990243],[-105.096352,39.989408],[-105.09637,39.989379]]],[[[-105.100283,40.001608],[-105.100314,40.001415],[-105.100529,40.000893],[-105.100577,40.00041],[-105.102392,40.000394],[-105.102594,40.000559],[-105.10258,40.003755],[-105.10155,40.003761],[-105.101458,40.003725],[-105.101426,40.003665],[-105.10142,40.003058],[-105.101334,40.002799],[-105.101128,40.002551],[-105.100471,40.002059],[-105.100334,40.001851],[-105.100283,40.001608]]],[[[-105.101152,40.005958],[-105.101199,40.006007],[-105.101203,40.006044],[-105.101149,40.006044],[-105.101152,40.005958]]],[[[-105.101456,40.004068],[-105.101572,40.003989],[-105.102665,40.003984],[-105.102665,40.006033],[-105.101354,40.006043],[-105.101339,40.005966],[-105.10126,40.005857],[-105.101267,40.004916],[-105.101435,40.00434],[-105.101456,40.004068]]],[[[-105.103963,40.010557],[-105.104193,40.010598],[-105.104728,40.010764],[-105.103152,40.010766],[-105.103152,40.010547],[-105.103963,40.010557]]],[[[-105.106679,40.007703],[-105.106582,40.008013],[-105.106262,40.008531],[-105.106234,40.008674],[-105.10625,40.008778],[-105.106304,40.008896],[-105.106408,40.009011],[-105.107089,40.00945],[-105.107273,40.009659],[-105.107343,40.009884],[-105.107339,40.010569],[-105.10731,40.010617],[-105.10724,40.010642],[-105.105463,40.010627],[-105.105189,40.010574],[-105.104188,40.010279],[-105.103579,40.010213],[-105.103153,40.010209],[-105.103178,40.007647],[-105.106679,40.007703]]],[[[-105.104083,40.010419],[-105.10325,40.010431],[-105.103251,40.010392],[-105.104073,40.01038],[-105.104506,40.010506],[-105.104473,40.010523],[-105.104083,40.010419]]],[[[-105.103208,40.00405],[-105.103351,40.003938],[-105.103886,40.003911],[-105.106239,40.003918],[-105.106289,40.003955],[-105.106276,40.005649],[-105.106364,40.005969],[-105.106595,40.006285],[-105.10667,40.006461],[-105.106683,40.007369],[-105.103174,40.007366],[-105.103208,40.00405]]],[[[-105.10332,39.998285],[-105.10412,39.998284],[-105.104129,39.999995],[-105.10338,39.999993],[-105.103198,39.999856],[-105.103206,39.998816],[-105.10332,39.998285]]],[[[-105.105029,40.010652],[-105.104767,40.010649],[-105.104731,40.010625],[-105.104769,40.010573],[-105.105029,40.010652]]],[[[-105.104734,40.002626],[-105.104732,40.003753],[-105.104477,40.003753],[-105.104571,40.002616],[-105.104734,40.002626]]],[[[-105.105079,40.0013],[-105.105187,40.001532],[-105.105384,40.001758],[-105.104565,40.002288],[-105.104568,40.002396],[-105.104527,40.0022],[-105.104402,40.001881],[-105.104435,40.001645],[-105.104529,40.001508],[-105.104694,40.001385],[-105.104897,40.001311],[-105.105079,40.0013]]],[[[-105.106616,40.008963],[-105.107223,40.009354],[-105.107365,40.009506],[-105.106854,40.009147],[-105.106476,40.008944],[-105.106616,40.008963]]],[[[-105.107529,40.006185],[-105.106768,40.006166],[-105.106583,40.005946],[-105.106508,40.005653],[-105.107527,40.005652],[-105.107529,40.006185]]],[[[-105.107514,40.007477],[-105.106897,40.007484],[-105.10688,40.006422],[-105.106948,40.006335],[-105.107538,40.006332],[-105.107514,40.007477]]],[[[-105.129611,40.016864],[-105.129069,40.016932],[-105.128895,40.016765],[-105.128702,40.016663],[-105.127778,40.016363],[-105.127461,40.016333],[-105.127168,40.016395],[-105.12689,40.016574],[-105.126754,40.016792],[-105.12673,40.017079],[-105.126399,40.017078],[-105.126375,40.014897],[-105.127842,40.014895],[-105.12785,40.015998],[-105.128141,40.016003],[-105.12836,40.016049],[-105.129216,40.016423],[-105.130066,40.016546],[-105.130608,40.016809],[-105.130904,40.016875],[-105.130903,40.017092],[-105.130236,40.017088],[-105.130207,40.017003],[-105.130111,40.016951],[-105.129865,40.016887],[-105.129611,40.016864]]],[[[-105.127538,40.016456],[-105.127723,40.016481],[-105.128686,40.016794],[-105.128862,40.016924],[-105.128945,40.017087],[-105.127683,40.017077],[-105.127407,40.017025],[-105.126899,40.016998],[-105.12692,40.016797],[-105.127051,40.016618],[-105.127276,40.016494],[-105.127538,40.016456]]],[[[-105.12894,40.013747],[-105.128932,40.013817],[-105.12913,40.013878],[-105.129258,40.013888],[-105.12941,40.013816],[-105.129538,40.013851],[-105.129738,40.014014],[-105.12987,40.01431],[-105.129908,40.014474],[-105.129945,40.014479],[-105.12806,40.014482],[-105.128024,40.014449],[-105.128019,40.014222],[-105.127973,40.014059],[-105.127657,40.013615],[-105.127583,40.013347],[-105.128082,40.013416],[-105.128053,40.013693],[-105.12894,40.013747]]],[[[-105.127847,40.012834],[-105.12814,40.012674],[-105.128441,40.012617],[-105.12851,40.012649],[-105.128626,40.012813],[-105.128778,40.012938],[-105.128953,40.013025],[-105.129131,40.013062],[-105.128844,40.013017],[-105.12837,40.013306],[-105.127718,40.012962],[-105.127847,40.012834]]],[[[-105.130903,40.016711],[-105.130683,40.016656],[-105.130122,40.016384],[-105.12926,40.016263],[-105.1285,40.015917],[-105.128089,40.01582],[-105.128063,40.015776],[-105.128057,40.014894],[-105.130914,40.014897],[-105.130903,40.016711]]],[[[-105.129626,40.016987],[-105.129833,40.017011],[-105.129916,40.017092],[-105.129105,40.017086],[-105.129132,40.017055],[-105.129336,40.017009],[-105.129626,40.016987]]],[[[-105.129913,40.012862],[-105.129934,40.012947],[-105.130167,40.012865],[-105.130312,40.012864],[-105.130386,40.013458],[-105.129984,40.013439],[-105.129915,40.013362],[-105.129935,40.013258],[-105.129538,40.013266],[-105.129448,40.013092],[-105.129759,40.012947],[-105.129732,40.012929],[-105.129446,40.013024],[-105.129913,40.012862]]],[[[-105.134649,40.013673],[-105.134559,40.013812],[-105.134271,40.013934],[-105.134091,40.014081],[-105.133987,40.014267],[-105.133968,40.014477],[-105.131364,40.01448],[-105.131354,40.01283],[-105.132332,40.012832],[-105.132685,40.013042],[-105.132895,40.013092],[-105.134331,40.0131],[-105.134498,40.013147],[-105.134623,40.013254],[-105.134649,40.013673]]],[[[-105.135804,40.012111],[-105.135811,40.014591],[-105.134059,40.014594],[-105.134061,40.014477],[-105.134149,40.014477],[-105.134168,40.014286],[-105.134256,40.014139],[-105.1344,40.01403],[-105.134673,40.013917],[-105.134808,40.013761],[-105.134824,40.01334],[-105.134789,40.013205],[-105.134709,40.013101],[-105.134521,40.013003],[-105.134244,40.012945],[-105.132838,40.012944],[-105.132474,40.012728],[-105.13235,40.012697],[-105.131356,40.012694],[-105.131348,40.012141],[-105.135804,40.012111]]]]}},{"type":"Feature","properties":{"type":"mixed","acres":44.35,"family1_treatment":"hearing","family2_treatment":"allowed","family3_treatment":"allowed","family4_treatment":"allowed","slice_id":1275328},"geometry":{"type":"MultiPolygon","coordinates":[[[[-105.092898,39.986773],[-105.09284,39.986735],[-105.092837,39.985245],[-105.092861,39.985216],[-105.09356,39.985211],[-105.094065,39.985098],[-105.094492,39.984894],[-105.095031,39.984477],[-105.096009,39.985078],[-105.096132,39.98519],[-105.096212,39.985316],[-105.096255,39.985498],[-105.096258,39.986756],[-105.096231,39.986788],[-105.092898,39.986773]]],[[[-105.096482,39.98678],[-105.096464,39.985487],[-105.096432,39.985267],[-105.097438,39.984898],[-105.097618,39.98489],[-105.097704,39.984794],[-105.098033,39.984688],[-105.098081,39.984781],[-105.098089,39.985272],[-105.098062,39.986695],[-105.097869,39.986795],[-105.096482,39.98678]]],[[[-105.095289,39.988864],[-105.095784,39.989178],[-105.096265,39.989358],[-105.09624,39.989403],[-105.096493,39.990242],[-105.095212,39.990236],[-105.095289,39.988864]]],[[[-105.105466,40.001592],[-105.105336,40.001409],[-105.105259,40.001196],[-105.105225,40.000384],[-105.105286,40.000348],[-105.106147,40.000346],[-105.106099,40.000438],[-105.106107,40.000788],[-105.105893,40.000845],[-105.106007,40.001081],[-105.106179,40.001229],[-105.105466,40.001592]]],[[[-105.105043,40.001111],[-105.104728,40.001181],[-105.104504,40.001287],[-105.104314,40.001456],[-105.104206,40.001655],[-105.104186,40.001894],[-105.104334,40.002307],[-105.10436,40.002668],[-105.104256,40.003753],[-105.103362,40.003738],[-105.103196,40.003614],[-105.103193,40.001786],[-105.103228,40.000527],[-105.103407,40.000391],[-105.105021,40.000396],[-105.105043,40.001111]]],[[[-105.101354,40.006043],[-105.101355,40.006037],[-105.101354,40.006043],[-105.101354,40.006043]]],[[[-105.090899,39.987088],[-105.090972,39.98712],[-105.090968,39.987245],[-105.090687,39.98724],[-105.090895,39.987229],[-105.090899,39.987088]]],[[[-105.071923,39.994385],[-105.072141,39.994744],[-105.072385,39.995038],[-105.073777,39.996319],[-105.074016,39.996637],[-105.074197,39.99698],[-105.071729,39.996971],[-105.071782,39.994034],[-105.071923,39.994385]]],[[[-105.079676,40.000616],[-105.079676,40.000616],[-105.079687,40.000586],[-105.079676,40.000616]]],[[[-105.079657,40.000663],[-105.079657,40.000663],[-105.079644,40.00069],[-105.079657,40.000663]]],[[[-105.079478,40.000974],[-105.079487,40.000962],[-105.079487,40.000962],[-105.079478,40.000974]]],[[[-105.079337,40.001143],[-105.079316,40.001164],[-105.079337,40.001143],[-105.079337,40.001143]]]]}},{"type":"Feature","properties":{"type":"primarily_residential","acres":133.49,"family1_treatment":"allowed","family2_treatment":"allowed","family3_treatment":"prohibited","family4_treatment":"prohibited","slice_id":1275334},"geometry":{"type":"MultiPolygon","coordinates":[[[[-105.079118,39.997203],[-105.079608,39.998368],[-105.079695,39.998348],[-105.079882,39.998777],[-105.082699,39.99878],[-105.082706,39.999321],[-105.082304,39.99932],[-105.082138,39.999277],[-105.082137,39.999164],[-105.080048,39.99916],[-105.080073,39.99925],[-105.07988,39.999247],[-105.079004,39.997209],[-105.079118,39.997203]]],[[[-105.08268,39.997353],[-105.082685,39.997735],[-105.080916,39.997743],[-105.079572,39.997744],[-105.079413,39.997361],[-105.08268,39.997353]]],[[[-105.081976,39.997769],[-105.082685,39.997768],[-105.082691,39.998171],[-105.079753,39.99818],[-105.079596,39.997801],[-105.081976,39.997794],[-105.081976,39.997769]]],[[[-105.079933,39.998725],[-105.079811,39.998345],[-105.082693,39.99834],[-105.082698,39.998723],[-105.079933,39.998725]]],[[[-105.082717,40.000146],[-105.080308,40.00014],[-105.08031,39.999733],[-105.082712,39.999765],[-105.082717,40.000146]]],[[[-105.080416,39.999315],[-105.08214,39.999326],[-105.082141,39.999378],[-105.082706,39.999376],[-105.082711,39.999706],[-105.080414,39.999678],[-105.080416,39.999315]]],[[[-105.082564,40.001038],[-105.081501,40.001036],[-105.0815,40.000698],[-105.082564,40.0007],[-105.082564,40.001038]]],[[[-105.082564,40.000656],[-105.081499,40.000656],[-105.081491,40.000308],[-105.082565,40.000309],[-105.082564,40.000656]]],[[[-105.084132,39.994767],[-105.082629,39.994779],[-105.082236,39.994252],[-105.084146,39.99436],[-105.084132,39.994767]]],[[[-105.083384,39.9941],[-105.082318,39.99405],[-105.08233,39.99371],[-105.08256,39.993709],[-105.082556,39.993761],[-105.08313,39.993761],[-105.083134,39.993707],[-105.083398,39.993705],[-105.083384,39.9941]]],[[[-105.083842,40.00104],[-105.082776,40.001039],[-105.082777,40.0007],[-105.083847,40.0007],[-105.083842,40.00104]]],[[[-105.083848,40.000658],[-105.082777,40.000657],[-105.082777,40.000309],[-105.083852,40.000309],[-105.083848,40.000658]]],[[[-105.084108,40.000146],[-105.082928,40.000145],[-105.082926,39.999761],[-105.084106,39.999758],[-105.084108,40.000146]]],[[[-105.084106,39.999702],[-105.082925,39.999705],[-105.082919,39.999323],[-105.084105,39.999316],[-105.084106,39.999702]]],[[[-105.084105,39.999154],[-105.082917,39.999161],[-105.082912,39.998777],[-105.084107,39.99877],[-105.084105,39.999154]]],[[[-105.084117,39.995193],[-105.082904,39.9952],[-105.082666,39.994833],[-105.08413,39.994824],[-105.084117,39.995193]]],[[[-105.084107,39.998715],[-105.082911,39.998722],[-105.082905,39.998337],[-105.084109,39.998331],[-105.084107,39.998715]]],[[[-105.082907,39.998169],[-105.082894,39.997789],[-105.084112,39.997787],[-105.08411,39.998164],[-105.082907,39.998169]]],[[[-105.084112,39.997733],[-105.082897,39.997736],[-105.082891,39.997352],[-105.084113,39.997348],[-105.084112,39.997733]]],[[[-105.084117,39.995357],[-105.084111,39.997181],[-105.082876,39.997184],[-105.082872,39.996815],[-105.083501,39.996808],[-105.0835,39.996735],[-105.083637,39.996398],[-105.083229,39.995803],[-105.08289,39.995804],[-105.082885,39.995363],[-105.084117,39.995357]]],[[[-105.089162,39.994195],[-105.088219,39.994305],[-105.08822,39.994246],[-105.088099,39.994293],[-105.087372,39.994365],[-105.087373,39.994337],[-105.086623,39.994332],[-105.083405,39.994166],[-105.083411,39.993761],[-105.089233,39.993771],[-105.089237,39.994163],[-105.089162,39.994195]]],[[[-105.085426,40.002654],[-105.08404,40.002655],[-105.084042,40.00227],[-105.085429,40.00227],[-105.085426,40.002654]]],[[[-105.08543,40.002105],[-105.084044,40.002104],[-105.084047,40.001724],[-105.085429,40.001725],[-105.08543,40.002105]]],[[[-105.08405,40.00129],[-105.085423,40.001291],[-105.085428,40.001671],[-105.084047,40.00167],[-105.08405,40.00129]]],[[[-105.08542,40.001128],[-105.084051,40.001125],[-105.084054,40.000745],[-105.085414,40.000749],[-105.08542,40.001128]]],[[[-105.085413,40.000693],[-105.084055,40.000691],[-105.084057,40.000309],[-105.085407,40.000313],[-105.085413,40.000693]]],[[[-105.085382,40.000149],[-105.084298,40.000148],[-105.084298,39.999757],[-105.085378,39.999759],[-105.085382,40.000149]]],[[[-105.085378,39.999703],[-105.08432,39.999702],[-105.084318,39.999317],[-105.085377,39.999322],[-105.085378,39.999703]]],[[[-105.08432,39.99877],[-105.085376,39.998775],[-105.085376,39.999159],[-105.084318,39.999153],[-105.08432,39.99877]]],[[[-105.084321,39.998331],[-105.085199,39.998336],[-105.085199,39.998719],[-105.08432,39.998715],[-105.084321,39.998331]]],[[[-105.084323,39.997787],[-105.08538,39.997788],[-105.085378,39.998167],[-105.084322,39.998164],[-105.084323,39.997787]]],[[[-105.085381,39.997733],[-105.084324,39.997732],[-105.084325,39.997348],[-105.085382,39.997346],[-105.085381,39.997733]]],[[[-105.085382,39.997178],[-105.084326,39.99718],[-105.084327,39.996794],[-105.085379,39.996793],[-105.085382,39.997178]]],[[[-105.084328,39.996352],[-105.085378,39.996352],[-105.085379,39.99674],[-105.084327,39.996741],[-105.084328,39.996352]]],[[[-105.085378,39.996188],[-105.084328,39.996188],[-105.084329,39.995874],[-105.084512,39.995802],[-105.085376,39.995802],[-105.085378,39.996188]]],[[[-105.085376,39.995742],[-105.08487,39.995742],[-105.08487,39.995587],[-105.084329,39.995803],[-105.08433,39.995357],[-105.085373,39.995358],[-105.085376,39.995742]]],[[[-105.085059,39.994807],[-105.085058,39.994838],[-105.085409,39.994851],[-105.085408,39.995192],[-105.084332,39.995193],[-105.084345,39.994825],[-105.084877,39.994822],[-105.084878,39.9948],[-105.084879,39.994767],[-105.084347,39.994767],[-105.08436,39.994372],[-105.08542,39.994415],[-105.085409,39.994821],[-105.085059,39.994807]]],[[[-105.088011,40.00266],[-105.085542,40.002651],[-105.085544,40.002268],[-105.088008,40.002275],[-105.088011,40.00266]]],[[[-105.086718,40.00211],[-105.08565,40.002105],[-105.085644,40.001726],[-105.086712,40.001731],[-105.086718,40.00211]]],[[[-105.086712,40.001677],[-105.085643,40.001672],[-105.085638,40.001292],[-105.086705,40.001295],[-105.086712,40.001677]]],[[[-105.086697,40.000754],[-105.086703,40.001133],[-105.085636,40.001129],[-105.08563,40.00075],[-105.086697,40.000754]]],[[[-105.086696,40.000697],[-105.08563,40.000694],[-105.085625,40.000314],[-105.08669,40.000317],[-105.086696,40.000697]]],[[[-105.086663,40.000151],[-105.085601,40.000149],[-105.085597,39.99976],[-105.086664,39.999763],[-105.086663,40.000151]]],[[[-105.086664,39.999707],[-105.085597,39.999704],[-105.085596,39.999323],[-105.086666,39.999324],[-105.086664,39.999707]]],[[[-105.086667,39.99916],[-105.085596,39.99916],[-105.085595,39.998775],[-105.086669,39.998773],[-105.086667,39.99916]]],[[[-105.086675,39.99773],[-105.0856,39.997732],[-105.085602,39.997346],[-105.086677,39.997344],[-105.086675,39.99773]]],[[[-105.086677,39.997176],[-105.085602,39.997178],[-105.085599,39.996792],[-105.086673,39.996792],[-105.086677,39.997176]]],[[[-105.086672,39.996739],[-105.085599,39.996739],[-105.085597,39.996352],[-105.086671,39.996352],[-105.086672,39.996739]]],[[[-105.085595,39.995802],[-105.086669,39.995802],[-105.086671,39.996187],[-105.085596,39.996188],[-105.085595,39.995802]]],[[[-105.086669,39.995743],[-105.085594,39.995742],[-105.085591,39.995356],[-105.086664,39.995356],[-105.086669,39.995743]]],[[[-105.08795,39.994478],[-105.087945,39.994755],[-105.087172,39.994754],[-105.087177,39.994668],[-105.086804,39.994814],[-105.086808,39.995192],[-105.08559,39.995192],[-105.085599,39.994429],[-105.086198,39.994463],[-105.087191,39.994458],[-105.08742,39.994476],[-105.087421,39.994499],[-105.08795,39.994478]]],[[[-105.088006,40.002112],[-105.086934,40.002111],[-105.086929,40.001732],[-105.088003,40.001733],[-105.088006,40.002112]]],[[[-105.088002,40.001678],[-105.086928,40.001677],[-105.086922,40.001296],[-105.088,40.001298],[-105.088002,40.001678]]],[[[-105.087414,40.000154],[-105.086875,40.000151],[-105.086878,39.999763],[-105.087417,39.999762],[-105.087414,40.000154]]],[[[-105.087957,39.999706],[-105.086878,39.999707],[-105.08688,39.999324],[-105.087959,39.999323],[-105.087957,39.999706]]],[[[-105.087961,39.99877],[-105.08796,39.999158],[-105.086881,39.99916],[-105.086883,39.998772],[-105.087961,39.99877]]],[[[-105.087966,39.997342],[-105.087965,39.997728],[-105.086889,39.99773],[-105.086891,39.997344],[-105.087966,39.997342]]],[[[-105.087966,39.997174],[-105.086891,39.997176],[-105.086887,39.996792],[-105.087962,39.99679],[-105.087966,39.997174]]],[[[-105.087961,39.996736],[-105.086887,39.996739],[-105.086886,39.996352],[-105.087957,39.996352],[-105.087961,39.996736]]],[[[-105.087956,39.996187],[-105.086885,39.996187],[-105.086884,39.995802],[-105.087953,39.995801],[-105.087956,39.996187]]],[[[-105.087952,39.995744],[-105.086884,39.995743],[-105.086879,39.995356],[-105.087946,39.995356],[-105.087952,39.995744]]],[[[-105.087945,39.995192],[-105.087059,39.995192],[-105.08706,39.994808],[-105.087945,39.99481],[-105.087945,39.995192]]],[[[-105.086878,39.995192],[-105.086878,39.994869],[-105.08706,39.994808],[-105.08706,39.995011],[-105.087059,39.995192],[-105.086878,39.995192]]],[[[-105.089242,40.000167],[-105.088168,40.00016],[-105.088172,39.999763],[-105.089245,39.999771],[-105.089242,40.000167]]],[[[-105.089246,39.999714],[-105.088172,39.999706],[-105.088174,39.999323],[-105.089249,39.999325],[-105.089246,39.999714]]],[[[-105.08925,39.999158],[-105.088175,39.999158],[-105.088176,39.998769],[-105.088891,39.998769],[-105.088892,39.998714],[-105.089254,39.998716],[-105.08925,39.999158]]],[[[-105.089256,39.997726],[-105.088181,39.997728],[-105.088182,39.997341],[-105.089257,39.997339],[-105.089256,39.997726]]],[[[-105.088178,39.996789],[-105.089254,39.996787],[-105.089257,39.997173],[-105.088181,39.997174],[-105.088178,39.996789]]],[[[-105.089253,39.996733],[-105.088177,39.996735],[-105.088173,39.996352],[-105.089247,39.996352],[-105.089253,39.996733]]],[[[-105.089245,39.996186],[-105.088172,39.996187],[-105.088168,39.995801],[-105.08924,39.995801],[-105.089245,39.996186]]],[[[-105.088161,39.995356],[-105.089233,39.995355],[-105.089239,39.995745],[-105.088167,39.995744],[-105.088161,39.995356]]],[[[-105.089232,39.995192],[-105.08816,39.995192],[-105.08816,39.994809],[-105.089235,39.994807],[-105.089232,39.995192]]],[[[-105.089235,39.994752],[-105.08816,39.994755],[-105.08816,39.994596],[-105.088721,39.994372],[-105.089239,39.994367],[-105.089235,39.994752]]],[[[-105.090003,39.997719],[-105.08947,39.997725],[-105.089472,39.997338],[-105.090004,39.997332],[-105.090003,39.997719]]],[[[-105.090006,39.997166],[-105.089473,39.997172],[-105.08947,39.996786],[-105.090009,39.996782],[-105.090006,39.997166]]],[[[-105.090008,39.996727],[-105.089469,39.996732],[-105.089464,39.996351],[-105.090003,39.99635],[-105.090008,39.996727]]],[[[-105.090001,39.996184],[-105.089462,39.996186],[-105.089457,39.9958],[-105.089999,39.995796],[-105.090001,39.996184]]],[[[-105.089998,39.99574],[-105.089456,39.995744],[-105.08945,39.995355],[-105.089994,39.995354],[-105.089998,39.99574]]],[[[-105.089994,39.99519],[-105.08945,39.995191],[-105.089454,39.994806],[-105.089991,39.994806],[-105.089994,39.99519]]],[[[-105.091648,39.997173],[-105.090909,39.997174],[-105.090913,39.996787],[-105.091645,39.996786],[-105.091648,39.997173]]],[[[-105.091645,39.996731],[-105.090914,39.996731],[-105.090915,39.996345],[-105.091642,39.996341],[-105.091645,39.996731]]],[[[-105.091641,39.996176],[-105.090914,39.99618],[-105.090911,39.995796],[-105.091637,39.995795],[-105.091641,39.996176]]],[[[-105.092226,39.999306],[-105.092226,39.999583],[-105.091224,39.999588],[-105.091223,39.999311],[-105.092226,39.999306]]],[[[-105.091733,39.999144],[-105.091223,39.999145],[-105.091226,39.998337],[-105.09175,39.998336],[-105.091733,39.999144]]],[[[-105.091635,39.995743],[-105.091104,39.995742],[-105.091099,39.995358],[-105.091631,39.995359],[-105.091635,39.995743]]],[[[-105.091224,39.997753],[-105.091223,39.997347],[-105.091748,39.997346],[-105.091749,39.997758],[-105.091224,39.997753]]],[[[-105.091628,39.995196],[-105.091097,39.995194],[-105.091092,39.994811],[-105.091622,39.99481],[-105.091628,39.995196]]],[[[-105.093035,39.999135],[-105.09195,39.999142],[-105.091958,39.998764],[-105.093035,39.998759],[-105.093035,39.999135]]],[[[-105.093028,39.997173],[-105.091863,39.997173],[-105.091861,39.996786],[-105.093025,39.996786],[-105.093028,39.997173]]],[[[-105.093036,39.998703],[-105.091959,39.998708],[-105.091968,39.998334],[-105.093036,39.99833],[-105.093036,39.998703]]],[[[-105.093025,39.996731],[-105.09186,39.996731],[-105.091858,39.99634],[-105.093023,39.996342],[-105.093025,39.996731]]],[[[-105.093033,39.99778],[-105.093037,39.998165],[-105.092146,39.998168],[-105.092144,39.997783],[-105.093033,39.99778]]],[[[-105.091968,39.998169],[-105.091967,39.997783],[-105.092144,39.997783],[-105.092145,39.997955],[-105.092146,39.998168],[-105.091968,39.998169]]],[[[-105.093022,39.996177],[-105.091857,39.996175],[-105.091853,39.995796],[-105.09302,39.995788],[-105.093022,39.996177]]],[[[-105.093033,39.997725],[-105.091967,39.997727],[-105.091966,39.997347],[-105.093029,39.997348],[-105.093033,39.997725]]],[[[-105.09302,39.995736],[-105.091852,39.995742],[-105.091848,39.995361],[-105.093016,39.995354],[-105.09302,39.995736]]],[[[-105.093014,39.995189],[-105.091847,39.995195],[-105.091841,39.994807],[-105.093011,39.994802],[-105.093014,39.995189]]],[[[-105.093011,39.994747],[-105.09184,39.994752],[-105.091835,39.994365],[-105.093009,39.994361],[-105.093011,39.994747]]],[[[-105.095641,39.999664],[-105.094714,39.999669],[-105.092431,39.999575],[-105.092425,39.999304],[-105.095634,39.999307],[-105.095641,39.999664]]],[[[-105.09434,39.999138],[-105.093248,39.999133],[-105.093249,39.998757],[-105.094328,39.998752],[-105.09434,39.999138]]],[[[-105.094326,39.998695],[-105.093249,39.998701],[-105.093249,39.998328],[-105.094315,39.998312],[-105.094326,39.998695]]],[[[-105.093245,39.99778],[-105.094314,39.997775],[-105.094315,39.99815],[-105.093249,39.998165],[-105.093245,39.99778]]],[[[-105.094314,39.99772],[-105.093245,39.997724],[-105.093241,39.997348],[-105.09431,39.997345],[-105.094314,39.99772]]],[[[-105.094308,39.997153],[-105.093243,39.997156],[-105.09324,39.996787],[-105.094305,39.996784],[-105.094308,39.997153]]],[[[-105.093237,39.996343],[-105.094302,39.996342],[-105.094305,39.99673],[-105.09324,39.996732],[-105.093237,39.996343]]],[[[-105.093233,39.995789],[-105.094298,39.995789],[-105.094301,39.996177],[-105.093236,39.996177],[-105.093233,39.995789]]],[[[-105.094297,39.995735],[-105.093233,39.995734],[-105.093229,39.995351],[-105.094295,39.995347],[-105.094297,39.995735]]],[[[-105.094294,39.995183],[-105.093227,39.995189],[-105.093224,39.994803],[-105.09429,39.9948],[-105.094294,39.995183]]],[[[-105.094289,39.994745],[-105.093223,39.994747],[-105.09322,39.99436],[-105.094286,39.994358],[-105.094289,39.994745]]],[[[-105.095634,39.999142],[-105.094558,39.999139],[-105.094547,39.998753],[-105.095624,39.998757],[-105.095634,39.999142]]],[[[-105.095623,39.998701],[-105.094545,39.998696],[-105.094533,39.998312],[-105.095614,39.998317],[-105.095623,39.998701]]],[[[-105.09561,39.99815],[-105.094528,39.998146],[-105.094527,39.997772],[-105.0956,39.997767],[-105.09561,39.99815]]],[[[-105.095599,39.997713],[-105.094528,39.997719],[-105.094523,39.997344],[-105.095587,39.99734],[-105.095599,39.997713]]],[[[-105.095585,39.99715],[-105.094522,39.997153],[-105.094519,39.996784],[-105.095578,39.996778],[-105.095585,39.99715]]],[[[-105.095577,39.996725],[-105.094519,39.996729],[-105.094516,39.996341],[-105.095568,39.996337],[-105.095577,39.996725]]],[[[-105.094511,39.995788],[-105.095559,39.995784],[-105.095565,39.996172],[-105.094514,39.996176],[-105.094511,39.995788]]],[[[-105.095559,39.995732],[-105.094511,39.995734],[-105.094507,39.995345],[-105.095561,39.995349],[-105.095559,39.995732]]],[[[-105.095562,39.995187],[-105.094506,39.995182],[-105.094503,39.994797],[-105.095563,39.994804],[-105.095562,39.995187]]],[[[-105.094499,39.994358],[-105.095564,39.994358],[-105.095564,39.994746],[-105.094503,39.994744],[-105.094499,39.994358]]]]}},{"type":"Feature","properties":{"type":"primarily_residential","acres":184.18,"family1_treatment":"allowed","family2_treatment":"allowed","family3_treatment":"prohibited","family4_treatment":"prohibited","slice_id":1275344},"geometry":{"type":"MultiPolygon","coordinates":[[[[-105.07184,39.986815],[-105.079078,39.986906],[-105.079039,39.989694],[-105.079084,39.989857],[-105.079241,39.99002],[-105.079484,39.990105],[-105.080983,39.990127],[-105.081033,39.990184],[-105.081032,39.990436],[-105.07476,39.990344],[-105.074787,39.988167],[-105.07184,39.988187],[-105.07184,39.986815]]],[[[-105.08052,39.986681],[-105.080477,39.986711],[-105.077341,39.986679],[-105.077419,39.983664],[-105.080614,39.984595],[-105.08054,39.984629],[-105.08052,39.986681]]],[[[-105.079337,40.001143],[-105.07933,40.00115],[-105.079337,40.001143],[-105.079337,40.001143]]],[[[-105.079586,40.000806],[-105.079586,40.000806],[-105.079593,40.000796],[-105.079586,40.000806]]],[[[-105.079603,40.000776],[-105.079593,40.000796],[-105.079603,40.000776],[-105.079603,40.000776]]],[[[-105.079628,40.000727],[-105.079628,40.000727],[-105.079643,40.000695],[-105.079628,40.000727]]],[[[-105.079713,40.000509],[-105.079713,40.000513],[-105.079713,40.000509],[-105.079713,40.000509]]],[[[-105.079729,40.000448],[-105.079729,40.000448],[-105.079738,40.000413],[-105.079729,40.000448]]],[[[-105.079913,40.000348],[-105.079913,40.000348],[-105.079904,40.000399],[-105.079913,40.000348]]],[[[-105.079767,40.000791],[-105.079767,40.000791],[-105.079753,40.000818],[-105.079767,40.000791]]],[[[-105.07946,39.999701],[-105.079821,39.9997],[-105.079827,40.000083],[-105.079468,40.000078],[-105.07946,39.999701]]],[[[-105.080642,39.989631],[-105.080641,39.9897],[-105.081053,39.989717],[-105.081022,39.989967],[-105.080975,39.989987],[-105.079498,39.989968],[-105.079291,39.989869],[-105.079215,39.989706],[-105.079223,39.989478],[-105.07927,39.98944],[-105.080165,39.989438],[-105.080319,39.989406],[-105.080458,39.989334],[-105.080707,39.98953],[-105.080677,39.989623],[-105.080642,39.989631]]],[[[-105.080453,39.989142],[-105.080305,39.989252],[-105.080159,39.989298],[-105.079287,39.989294],[-105.079225,39.989247],[-105.079238,39.988784],[-105.079295,39.988748],[-105.079809,39.988744],[-105.080037,39.988671],[-105.080237,39.988917],[-105.080197,39.988949],[-105.080453,39.989142]]],[[[-105.081029,39.98738],[-105.081096,39.987433],[-105.081087,39.987597],[-105.081024,39.987713],[-105.079966,39.988545],[-105.07975,39.988615],[-105.079316,39.988611],[-105.079248,39.988575],[-105.079257,39.987409],[-105.079285,39.987379],[-105.081029,39.98738]]],[[[-105.079316,39.986905],[-105.082202,39.986943],[-105.082264,39.987011],[-105.082267,39.987253],[-105.081216,39.98725],[-105.081215,39.987319],[-105.079258,39.987298],[-105.079261,39.986953],[-105.079316,39.986905]]],[[[-105.082418,39.993356],[-105.081079,39.993349],[-105.081144,39.990438],[-105.08121,39.990438],[-105.081215,39.99017],[-105.081244,39.990136],[-105.082778,39.990142],[-105.082775,39.990445],[-105.088995,39.990528],[-105.088983,39.991287],[-105.086988,39.991266],[-105.086987,39.991429],[-105.088978,39.991447],[-105.088954,39.993354],[-105.089297,39.99335],[-105.089304,39.993665],[-105.088891,39.993662],[-105.088838,39.993623],[-105.088833,39.99355],[-105.088708,39.99355],[-105.088666,39.993697],[-105.088473,39.993719],[-105.083134,39.993707],[-105.08313,39.993761],[-105.082556,39.993761],[-105.08256,39.993709],[-105.082408,39.99371],[-105.082418,39.993356]]],[[[-105.081528,39.989724],[-105.082204,39.989735],[-105.082192,39.989979],[-105.082137,39.990005],[-105.081243,39.989987],[-105.081202,39.989964],[-105.081206,39.989803],[-105.081301,39.989669],[-105.081528,39.989724]]],[[[-105.08108,39.984384],[-105.082661,39.984845],[-105.082766,39.984638],[-105.08124,39.984191],[-105.081797,39.983478],[-105.082289,39.983697],[-105.082609,39.983792],[-105.082402,39.984221],[-105.082534,39.984261],[-105.082667,39.9843],[-105.082873,39.983861],[-105.083163,39.983944],[-105.083202,39.983892],[-105.082608,39.985073],[-105.080907,39.984587],[-105.08108,39.984384]]],[[[-105.082779,39.990003],[-105.08236,39.989972],[-105.082361,39.989731],[-105.082782,39.989731],[-105.082779,39.990003]]],[[[-105.08289,39.995804],[-105.082863,39.995805],[-105.08289,39.995804],[-105.08289,39.995804]]],[[[-105.082407,39.987693],[-105.082425,39.987393],[-105.082812,39.987381],[-105.0828,39.987686],[-105.082407,39.987693]]],[[[-105.082798,39.986951],[-105.082803,39.987269],[-105.082449,39.987259],[-105.082445,39.986986],[-105.08251,39.986949],[-105.082798,39.986951]]],[[[-105.092226,39.999638],[-105.092226,39.999767],[-105.091918,39.999769],[-105.091916,39.999641],[-105.092226,39.999638]]],[[[-105.091689,39.993212],[-105.091586,39.993212],[-105.091588,39.992934],[-105.091692,39.992934],[-105.091689,39.993212]]],[[[-105.09502,39.993285],[-105.095036,39.992376],[-105.095119,39.992376],[-105.095108,39.993284],[-105.09502,39.993285]],[[-105.095111,39.992538],[-105.095111,39.992623],[-105.095111,39.992376],[-105.095111,39.992538]]],[[[-105.098172,39.999658],[-105.095853,39.999658],[-105.095845,39.999306],[-105.098165,39.999301],[-105.098172,39.999658]]],[[[-105.097411,39.995642],[-105.097404,39.996396],[-105.097359,39.996529],[-105.097392,39.996612],[-105.097482,39.996686],[-105.097613,39.996717],[-105.09776,39.996692],[-105.098478,39.996691],[-105.09849,39.998622],[-105.098433,39.998774],[-105.098223,39.999],[-105.098182,39.999139],[-105.098156,39.999139],[-105.098113,39.997332],[-105.097061,39.997338],[-105.097047,39.995659],[-105.097411,39.995642]]],[[[-105.097628,39.996551],[-105.097584,39.996517],[-105.097597,39.995026],[-105.09838,39.995016],[-105.098362,39.996226],[-105.098449,39.996442],[-105.098455,39.99655],[-105.097628,39.996551]]],[[[-105.099812,39.994619],[-105.099819,39.99655],[-105.099487,39.996549],[-105.099497,39.995173],[-105.099535,39.995055],[-105.099481,39.994934],[-105.0994,39.994877],[-105.099273,39.99485],[-105.099114,39.994882],[-105.097598,39.994888],[-105.097596,39.994624],[-105.099812,39.994619]]],[[[-105.098706,39.999218],[-105.098717,39.999691],[-105.098384,39.99969],[-105.098377,39.999219],[-105.098706,39.999218]]],[[[-105.098357,39.999139],[-105.098396,39.999034],[-105.09862,39.998773],[-105.098665,39.998483],[-105.099441,39.998481],[-105.099441,39.998448],[-105.099747,39.998448],[-105.09975,39.999214],[-105.098377,39.999219],[-105.098357,39.999139]]],[[[-105.099836,39.99841],[-105.098664,39.998414],[-105.098656,39.997774],[-105.099824,39.997775],[-105.099836,39.99841]]],[[[-105.098566,39.995016],[-105.099298,39.995025],[-105.099323,39.995063],[-105.099305,39.996549],[-105.098629,39.996549],[-105.09862,39.996406],[-105.098545,39.996199],[-105.098566,39.995016]]],[[[-105.099745,39.997033],[-105.099735,39.997701],[-105.098655,39.997704],[-105.098654,39.997032],[-105.099745,39.997033]]],[[[-105.099826,39.996961],[-105.098655,39.996961],[-105.09866,39.99669],[-105.099824,39.996686],[-105.099826,39.996961]]],[[[-105.098797,39.983331],[-105.099867,39.983334],[-105.099866,39.984992],[-105.09878,39.984972],[-105.098797,39.983331]]],[[[-105.107481,39.993119],[-105.107135,39.993105],[-105.106918,39.993169],[-105.106803,39.993263],[-105.106502,39.993657],[-105.10651,39.99373],[-105.106574,39.993792],[-105.10667,39.993818],[-105.106761,39.993803],[-105.106831,39.993754],[-105.106863,39.993684],[-105.106797,39.993539],[-105.106981,39.993312],[-105.107159,39.993241],[-105.107411,39.993272],[-105.10743,39.993295],[-105.107308,39.99376],[-105.107282,39.994084],[-105.1057,39.994083],[-105.105709,39.993669],[-105.106033,39.993288],[-105.105871,39.993162],[-105.105929,39.993066],[-105.106235,39.993041],[-105.106403,39.99283],[-105.106369,39.992714],[-105.106497,39.992707],[-105.107389,39.992446],[-105.107663,39.992488],[-105.107481,39.993119]]],[[[-105.106837,39.980377],[-105.107189,39.981212],[-105.107174,39.981241],[-105.106338,39.981544],[-105.106066,39.981724],[-105.105111,39.981138],[-105.106837,39.980377]]],[[[-105.10866,40.007796],[-105.108403,40.007796],[-105.108403,40.007598],[-105.108662,40.007597],[-105.10866,40.007796]]],[[[-105.107606,39.980262],[-105.10821,39.980968],[-105.107868,39.981289],[-105.10734,39.981161],[-105.106991,39.980305],[-105.107635,39.980004],[-105.107606,39.980262]]],[[[-105.107477,39.983666],[-105.108421,39.983791],[-105.10858,39.983883],[-105.108677,39.983898],[-105.108778,39.984056],[-105.108774,39.984519],[-105.107332,39.984634],[-105.107341,39.984215],[-105.107477,39.983666]]],[[[-105.108902,39.98451],[-105.108908,39.984037],[-105.108794,39.983857],[-105.108836,39.983796],[-105.108833,39.983722],[-105.108757,39.983645],[-105.108876,39.983165],[-105.108943,39.983137],[-105.108895,39.983073],[-105.108753,39.98313],[-105.10863,39.983625],[-105.108465,39.983657],[-105.107519,39.983498],[-105.107942,39.981782],[-105.108054,39.981527],[-105.108457,39.981676],[-105.108678,39.981834],[-105.109235,39.982712],[-105.109334,39.982825],[-105.108972,39.98303],[-105.109237,39.983398],[-105.109229,39.984333],[-105.109227,39.984486],[-105.108902,39.98451]],[[-105.109228,39.984341],[-105.109228,39.984383],[-105.109228,39.984385],[-105.109228,39.984341]]],[[[-105.109986,40.009802],[-105.109944,40.009931],[-105.109664,40.009905],[-105.109672,40.009777],[-105.109986,40.009802]]],[[[-105.133831,39.999585],[-105.133837,39.999555],[-105.133831,39.999585],[-105.133831,39.999585]]]]}},{"type":"Feature","properties":{"type":"mixed","acres":201.26,"family1_treatment":"allowed","family2_treatment":"allowed","family3_treatment":"allowed","family4_treatment":"allowed","slice_id":1275345},"geometry":{"type":"MultiPolygon","coordinates":[[[[-105.081641,40.002241],[-105.08151,40.002241],[-105.081048,40.002247],[-105.080255,40.002244],[-105.080259,40.001487],[-105.0808,40.001489],[-105.080939,40.001403],[-105.081565,40.001382],[-105.081632,40.001431],[-105.081632,40.001474],[-105.082559,40.001479],[-105.082567,40.001916],[-105.08267,40.002095],[-105.082671,40.002251],[-105.081605,40.002241],[-105.081641,40.002241]]],[[[-105.088802,39.980117],[-105.08972,39.980252],[-105.08976,39.980313],[-105.08954,39.980477],[-105.089355,39.980495],[-105.089303,39.980542],[-105.089258,39.980668],[-105.089153,39.980715],[-105.088897,39.980596],[-105.088695,39.980552],[-105.085655,39.980555],[-105.085484,39.980459],[-105.085372,39.980435],[-105.085242,39.98046],[-105.085133,39.98054],[-105.08514,39.98049],[-105.08376,39.98047],[-105.08365,39.98052],[-105.083615,39.980652],[-105.083309,39.980658],[-105.083309,39.980684],[-105.082831,39.980681],[-105.082637,39.980554],[-105.082533,39.980548],[-105.082435,39.98063],[-105.082427,39.980798],[-105.08331,39.980802],[-105.083379,39.98083],[-105.083402,39.981291],[-105.083315,39.981355],[-105.082413,39.981351],[-105.082414,39.98151],[-105.083355,39.981521],[-105.083402,39.98157],[-105.083403,39.98198],[-105.083333,39.982028],[-105.083021,39.98203],[-105.082745,39.982109],[-105.082559,39.982236],[-105.082362,39.982495],[-105.08238,39.9816],[-105.082358,39.981517],[-105.082357,39.980595],[-105.081464,39.9801],[-105.081545,39.980043],[-105.082188,39.98005],[-105.082651,39.980154],[-105.083044,39.980329],[-105.083196,39.980326],[-105.083197,39.979752],[-105.083509,39.979763],[-105.083509,39.97992],[-105.084465,39.979964],[-105.085244,39.979901],[-105.086047,39.979944],[-105.086048,39.979853],[-105.087372,39.979908],[-105.088033,39.980005],[-105.088802,39.980117]],[[-105.087529,39.979931],[-105.087661,39.97995],[-105.087374,39.979908],[-105.087529,39.979931]],[[-105.088195,39.980028],[-105.088492,39.980072],[-105.088799,39.980117],[-105.088195,39.980028]],[[-105.08516,39.9803],[-105.08521,39.98034],[-105.08589,39.98035],[-105.08593,39.98028],[-105.08589,39.98017],[-105.0858,39.98012],[-105.08529,39.98009],[-105.08521,39.98014],[-105.08516,39.9803]]],[[[-105.082273,39.982753],[-105.081921,39.983245],[-105.081882,39.983244],[-105.082248,39.982758],[-105.082273,39.982753]]],[[[-105.082427,39.982718],[-105.08253,39.982683],[-105.083074,39.982892],[-105.083082,39.982933],[-105.082924,39.983233],[-105.082852,39.983257],[-105.08275,39.983223],[-105.082716,39.983271],[-105.083137,39.983403],[-105.083162,39.98335],[-105.083051,39.983316],[-105.083023,39.983265],[-105.083201,39.982928],[-105.084099,39.983187],[-105.083948,39.98353],[-105.083873,39.983556],[-105.083773,39.983528],[-105.083743,39.983582],[-105.084126,39.983696],[-105.084155,39.983701],[-105.084177,39.983649],[-105.084076,39.983613],[-105.084049,39.983553],[-105.084223,39.983224],[-105.084469,39.983292],[-105.085255,39.983309],[-105.085299,39.983523],[-105.08559,39.984149],[-105.085585,39.984194],[-105.085542,39.984232],[-105.085337,39.984278],[-105.085102,39.98428],[-105.082553,39.983531],[-105.081977,39.983297],[-105.082427,39.982718]]],[[[-105.085851,39.988605],[-105.086067,39.988788],[-105.086532,39.989344],[-105.086716,39.989446],[-105.087356,39.989479],[-105.087817,39.989548],[-105.088072,39.989468],[-105.088297,39.989233],[-105.088474,39.989331],[-105.088473,39.989729],[-105.088574,39.989808],[-105.088686,39.98997],[-105.088685,39.99024],[-105.088334,39.990364],[-105.085811,39.990332],[-105.085851,39.988605]]],[[[-105.08528,39.982349],[-105.085272,39.983138],[-105.085238,39.983157],[-105.084494,39.983149],[-105.084286,39.983096],[-105.084405,39.98282],[-105.084411,39.982533],[-105.084467,39.982486],[-105.084578,39.982485],[-105.084578,39.982426],[-105.08413,39.982425],[-105.084126,39.982483],[-105.084252,39.982487],[-105.084298,39.982523],[-105.084302,39.982805],[-105.08416,39.98306],[-105.082892,39.982654],[-105.082665,39.982548],[-105.082628,39.982493],[-105.082677,39.982395],[-105.082777,39.982299],[-105.083051,39.982208],[-105.085142,39.982209],[-105.08528,39.982349]]],[[[-105.083684,39.981507],[-105.085227,39.981519],[-105.085273,39.981571],[-105.085276,39.981937],[-105.085122,39.982048],[-105.08369,39.982041],[-105.083621,39.98201],[-105.083607,39.981557],[-105.083633,39.98153],[-105.083684,39.981507]]],[[[-105.085128,39.980712],[-105.085266,39.980841],[-105.085277,39.981287],[-105.085221,39.981347],[-105.083682,39.98135],[-105.083608,39.981293],[-105.083607,39.980877],[-105.083653,39.980815],[-105.08487,39.98081],[-105.08504,39.98078],[-105.085128,39.980712]]],[[[-105.086365,40.005161],[-105.087701,40.004323],[-105.089561,40.004314],[-105.089898,40.004516],[-105.089062,40.00534],[-105.087796,40.005308],[-105.087784,40.006608],[-105.087719,40.006672],[-105.087349,40.00647],[-105.087314,40.006414],[-105.08744,40.006201],[-105.087487,40.006059],[-105.087501,40.005186],[-105.087636,40.004858],[-105.087672,40.00486],[-105.087831,40.004735],[-105.088028,40.004658],[-105.088092,40.004705],[-105.088114,40.004943],[-105.088216,40.005054],[-105.08837,40.005102],[-105.088769,40.005097],[-105.08897,40.005022],[-105.089129,40.004857],[-105.089247,40.004793],[-105.089288,40.004713],[-105.089253,40.004622],[-105.08915,40.004571],[-105.089,40.00459],[-105.088818,40.004555],[-105.08823,40.004553],[-105.087999,40.004584],[-105.087743,40.00468],[-105.087488,40.004858],[-105.087333,40.005093],[-105.087029,40.005118],[-105.086827,40.005208],[-105.08674,40.005302],[-105.0867,40.005407],[-105.086697,40.005595],[-105.086737,40.005702],[-105.086826,40.005792],[-105.087038,40.005917],[-105.087337,40.00601],[-105.087252,40.006193],[-105.087126,40.006303],[-105.087033,40.006288],[-105.086375,40.005927],[-105.086365,40.005161]]],[[[-105.085402,39.982044],[-105.085482,39.982086],[-105.085489,39.982158],[-105.085416,39.982211],[-105.085321,39.9822],[-105.085277,39.982153],[-105.085279,39.982099],[-105.085329,39.982055],[-105.085402,39.982044]]],[[[-105.085425,39.980548],[-105.085477,39.980613],[-105.085449,39.980692],[-105.085397,39.980714],[-105.085288,39.980692],[-105.08526,39.980628],[-105.085288,39.980563],[-105.085425,39.980548]]],[[[-105.086359,39.987511],[-105.086544,39.987556],[-105.086871,39.987806],[-105.087347,39.988015],[-105.087568,39.988021],[-105.088001,39.987896],[-105.088163,39.988181],[-105.088471,39.988422],[-105.08853,39.988525],[-105.088195,39.989118],[-105.088002,39.989348],[-105.0879,39.989406],[-105.087779,39.989424],[-105.087387,39.989358],[-105.086736,39.989317],[-105.086646,39.989255],[-105.08615,39.988667],[-105.085786,39.988398],[-105.085774,39.988356],[-105.085826,39.988205],[-105.085831,39.98788],[-105.085946,39.987668],[-105.085986,39.987522],[-105.086359,39.987511]]],[[[-105.087279,40.005181],[-105.087334,40.005226],[-105.087327,40.005847],[-105.087239,40.005896],[-105.08711,40.005862],[-105.086854,40.0057],[-105.086798,40.005602],[-105.086791,40.005439],[-105.086832,40.005323],[-105.086945,40.005227],[-105.087082,40.005185],[-105.087279,40.005181]]],[[[-105.086213,39.983507],[-105.086322,39.983629],[-105.086473,39.983682],[-105.087158,39.983662],[-105.087263,39.98372],[-105.087279,39.984377],[-105.087254,39.984409],[-105.086023,39.984416],[-105.086025,39.984529],[-105.08725,39.984546],[-105.08728,39.984588],[-105.087282,39.984867],[-105.087281,39.985141],[-105.087251,39.985189],[-105.086049,39.98519],[-105.085968,39.985141],[-105.085943,39.984416],[-105.085525,39.983483],[-105.085501,39.983328],[-105.085544,39.9833],[-105.086137,39.983302],[-105.086189,39.983342],[-105.086213,39.983507]]],[[[-105.086073,39.982219],[-105.086165,39.982279],[-105.086156,39.983136],[-105.086118,39.983157],[-105.085522,39.983148],[-105.085496,39.983115],[-105.085508,39.982331],[-105.08564,39.982224],[-105.086073,39.982219]]],[[[-105.088664,39.980711],[-105.088878,39.980767],[-105.089033,39.980917],[-105.089062,39.981021],[-105.08906,39.981306],[-105.089027,39.981413],[-105.088882,39.98155],[-105.087953,39.981964],[-105.087692,39.981959],[-105.087485,39.982059],[-105.085661,39.982053],[-105.085491,39.981933],[-105.085484,39.981568],[-105.085539,39.981519],[-105.087099,39.981523],[-105.087242,39.981482],[-105.087323,39.981411],[-105.087357,39.981331],[-105.087352,39.980778],[-105.087407,39.980717],[-105.088664,39.980711]]],[[[-105.087078,39.98071],[-105.087149,39.980779],[-105.087153,39.981301],[-105.0871,39.981365],[-105.085578,39.98136],[-105.085484,39.981301],[-105.085475,39.980833],[-105.08562,39.98071],[-105.087078,39.98071]]],[[[-105.088477,39.982894],[-105.088029,39.98289],[-105.088062,39.986016],[-105.088045,39.986002],[-105.088044,39.98683],[-105.086009,39.986778],[-105.085969,39.986734],[-105.08595,39.986243],[-105.085957,39.985343],[-105.086004,39.985307],[-105.086313,39.985318],[-105.08637,39.985507],[-105.086365,39.986153],[-105.086308,39.9862],[-105.08607,39.986198],[-105.086071,39.986317],[-105.087226,39.98632],[-105.087279,39.986376],[-105.087272,39.986672],[-105.087438,39.986655],[-105.087464,39.983711],[-105.0874,39.983612],[-105.087241,39.983527],[-105.086525,39.983536],[-105.08643,39.983505],[-105.086372,39.983395],[-105.086374,39.982973],[-105.086452,39.982932],[-105.087467,39.982938],[-105.087781,39.982898],[-105.087869,39.982826],[-105.087876,39.982321],[-105.087974,39.982251],[-105.088047,39.982108],[-105.088475,39.981931],[-105.088477,39.982894]]],[[[-105.088475,39.981931],[-105.089116,39.981588],[-105.089284,39.981406],[-105.090202,39.981403],[-105.090283,39.981436],[-105.090328,39.981499],[-105.09033,39.981888],[-105.089656,39.98189],[-105.089653,39.981958],[-105.088475,39.981931]]],[[[-105.0872,40.006393],[-105.08734,40.00626],[-105.087243,40.00639],[-105.0872,40.006393]]],[[[-105.086464,39.985442],[-105.086424,39.985432],[-105.086445,39.985313],[-105.086473,39.98533],[-105.086464,39.985442]]],[[[-105.087258,39.985339],[-105.087261,39.986182],[-105.087214,39.986202],[-105.086545,39.986186],[-105.086523,39.986142],[-105.086523,39.985621],[-105.08656,39.985351],[-105.08663,39.985314],[-105.087258,39.985339]]],[[[-105.086407,39.982226],[-105.08751,39.982215],[-105.087658,39.982337],[-105.08766,39.982701],[-105.087615,39.982764],[-105.086466,39.982773],[-105.086375,39.982723],[-105.086369,39.982271],[-105.086407,39.982226]]],[[[-105.088847,40.004632],[-105.088914,40.004663],[-105.08901,40.004847],[-105.088965,40.004922],[-105.088864,40.004987],[-105.088733,40.005021],[-105.08873,40.00498],[-105.088381,40.004978],[-105.088363,40.005025],[-105.088262,40.004993],[-105.088203,40.004929],[-105.088194,40.004688],[-105.088228,40.004639],[-105.088847,40.004632]]],[[[-105.087773,39.982059],[-105.087845,39.982091],[-105.087864,39.98216],[-105.087805,39.982215],[-105.087717,39.982216],[-105.087664,39.982177],[-105.087657,39.98212],[-105.087696,39.982075],[-105.087773,39.982059]]],[[[-105.08904,40.004745],[-105.089025,40.004687],[-105.089075,40.00464],[-105.089148,40.004638],[-105.089202,40.004686],[-105.089152,40.004767],[-105.08904,40.004745]]],[[[-105.089288,39.981301],[-105.089256,39.981273],[-105.089289,39.981249],[-105.090336,39.981255],[-105.09037,39.981278],[-105.090338,39.981309],[-105.089288,39.981301]]],[[[-105.08929,39.981102],[-105.089263,39.980863],[-105.089619,39.980693],[-105.089655,39.980617],[-105.089617,39.980521],[-105.089814,39.98035],[-105.089935,39.980365],[-105.090006,39.980456],[-105.089968,39.980833],[-105.089556,39.981097],[-105.08929,39.981102]],[[-105.089618,39.981057],[-105.089628,39.981051],[-105.089556,39.981097],[-105.089618,39.981057]]],[[[-105.091415,39.973669],[-105.090599,39.973665],[-105.090605,39.97258],[-105.091364,39.972581],[-105.091365,39.972536],[-105.093879,39.972527],[-105.093861,39.973041],[-105.093929,39.973166],[-105.093925,39.973567],[-105.093511,39.973581],[-105.092684,39.97368],[-105.091648,39.973677],[-105.091456,39.973718],[-105.091415,39.973669]]],[[[-105.092402,39.971658],[-105.092691,39.971669],[-105.092842,39.971638],[-105.093385,39.971353],[-105.093466,39.971252],[-105.093529,39.971068],[-105.093863,39.971053],[-105.093857,39.971481],[-105.093096,39.971872],[-105.093098,39.972266],[-105.090902,39.972262],[-105.090586,39.972158],[-105.090591,39.968868],[-105.092768,39.968849],[-105.092784,39.970947],[-105.092493,39.970922],[-105.092445,39.970717],[-105.092248,39.970442],[-105.092248,39.970263],[-105.09243,39.969937],[-105.09246,39.969778],[-105.092421,39.969628],[-105.092174,39.969232],[-105.092056,39.969163],[-105.091922,39.969132],[-105.091273,39.969128],[-105.090978,39.969064],[-105.090666,39.969067],[-105.090613,39.969114],[-105.090613,39.970832],[-105.090666,39.970979],[-105.090822,39.971105],[-105.091032,39.971153],[-105.091434,39.971095],[-105.091729,39.971105],[-105.092287,39.971047],[-105.092331,39.971107],[-105.09233,39.971587],[-105.092402,39.971658]]],[[[-105.091879,39.969224],[-105.09201,39.969251],[-105.092124,39.969331],[-105.092332,39.969715],[-105.092328,39.969875],[-105.092142,39.970212],[-105.092113,39.970367],[-105.09216,39.970527],[-105.09234,39.970763],[-105.09235,39.970904],[-105.092304,39.970942],[-105.091726,39.97101],[-105.091415,39.971005],[-105.091072,39.971064],[-105.090856,39.971017],[-105.090772,39.970943],[-105.090734,39.970838],[-105.090739,39.969195],[-105.090799,39.969155],[-105.090977,39.969154],[-105.09125,39.969217],[-105.091879,39.969224]]],[[[-105.093931,40.005393],[-105.093921,40.006203],[-105.093952,40.006369],[-105.09403,40.006538],[-105.093889,40.00665],[-105.093876,40.006753],[-105.093924,40.006813],[-105.09402,40.006848],[-105.094257,40.006783],[-105.094459,40.006965],[-105.094306,40.007042],[-105.094053,40.007112],[-105.093501,40.007128],[-105.093499,40.007258],[-105.093468,40.007197],[-105.09349,40.005273],[-105.093544,40.00522],[-105.093857,40.005178],[-105.093903,40.005216],[-105.093931,40.005393]]],[[[-105.095574,40.00398],[-105.09553,40.004009],[-105.094374,40.003995],[-105.094302,40.004063],[-105.094286,40.004136],[-105.094335,40.004261],[-105.094344,40.004514],[-105.094412,40.004782],[-105.093759,40.005031],[-105.093531,40.00505],[-105.093549,40.003872],[-105.095579,40.003862],[-105.095574,40.00398]]],[[[-105.09415,40.006629],[-105.094176,40.006695],[-105.094049,40.006766],[-105.093998,40.006747],[-105.094007,40.00668],[-105.09415,40.006629]]],[[[-105.094133,40.006262],[-105.094372,40.006531],[-105.094352,40.006593],[-105.0943,40.006605],[-105.094186,40.006485],[-105.094095,40.006283],[-105.094133,40.006262]]],[[[-105.095609,40.004834],[-105.095634,40.004862],[-105.095637,40.005223],[-105.095691,40.00556],[-105.09546,40.00562],[-105.094928,40.005605],[-105.094844,40.00564],[-105.094798,40.005702],[-105.0948,40.005779],[-105.094863,40.005899],[-105.09502,40.005962],[-105.095085,40.00611],[-105.095211,40.006206],[-105.095101,40.006336],[-105.095117,40.00639],[-105.09521,40.006387],[-105.095278,40.006234],[-105.095548,40.006237],[-105.09643,40.006018],[-105.096799,40.005877],[-105.096909,40.005856],[-105.096999,40.005991],[-105.095578,40.006364],[-105.095203,40.006535],[-105.094625,40.006881],[-105.09443,40.00669],[-105.094506,40.006581],[-105.09449,40.006476],[-105.09425,40.006205],[-105.094121,40.006126],[-105.09411,40.00507],[-105.094352,40.004958],[-105.094798,40.004855],[-105.095609,40.004834]]],[[[-105.094897,40.00736],[-105.094689,40.007351],[-105.094506,40.007338],[-105.09473,40.007252],[-105.094897,40.00736]]],[[[-105.093281,39.971044],[-105.093351,39.97108],[-105.093362,39.971165],[-105.093331,39.971247],[-105.09325,39.97132],[-105.092758,39.971561],[-105.092538,39.971572],[-105.092464,39.971529],[-105.092458,39.971103],[-105.092497,39.971049],[-105.093281,39.971044]]],[[[-105.094561,40.004169],[-105.09463,40.004131],[-105.095529,40.00414],[-105.095633,40.004505],[-105.095636,40.004654],[-105.095595,40.00468],[-105.095071,40.004681],[-105.094636,40.004722],[-105.094542,40.0045],[-105.094561,40.004169]]],[[[-105.097387,40.007479],[-105.095628,40.007443],[-105.095155,40.007297],[-105.094961,40.007188],[-105.094936,40.00713],[-105.094971,40.007075],[-105.095387,40.006826],[-105.095699,40.006673],[-105.09711,40.006296],[-105.097217,40.006348],[-105.097284,40.006574],[-105.097267,40.006609],[-105.096844,40.006723],[-105.096476,40.006914],[-105.096261,40.006967],[-105.095775,40.006965],[-105.095599,40.00683],[-105.095464,40.006816],[-105.095359,40.006891],[-105.095349,40.007],[-105.095435,40.007075],[-105.095584,40.007117],[-105.096187,40.007123],[-105.096542,40.007065],[-105.096657,40.00713],[-105.096752,40.007138],[-105.096841,40.007107],[-105.096891,40.007051],[-105.096885,40.006874],[-105.097286,40.006766],[-105.097324,40.006788],[-105.097334,40.00695],[-105.097401,40.007094],[-105.097494,40.007145],[-105.097616,40.007138],[-105.097696,40.007081],[-105.097717,40.006997],[-105.097672,40.006922],[-105.09753,40.006827],[-105.097424,40.006295],[-105.097503,40.006252],[-105.098049,40.006232],[-105.098026,40.007462],[-105.097387,40.007479]]],[[[-105.094935,40.005714],[-105.095328,40.005705],[-105.095343,40.005718],[-105.09506,40.005857],[-105.094948,40.005834],[-105.094915,40.005768],[-105.094935,40.005714]]],[[[-105.096697,40.005527],[-105.096741,40.005553],[-105.096872,40.0058],[-105.096394,40.005964],[-105.095451,40.006191],[-105.095235,40.006145],[-105.095112,40.006009],[-105.095095,40.005946],[-105.095349,40.00582],[-105.096697,40.005527]]],[[[-105.095551,40.006913],[-105.095649,40.007012],[-105.095646,40.007027],[-105.095465,40.006981],[-105.095474,40.006912],[-105.095551,40.006913]]],[[[-105.096654,40.004048],[-105.096616,40.00413],[-105.096591,40.00454],[-105.096493,40.004679],[-105.09634,40.004721],[-105.095848,40.004663],[-105.095773,40.004241],[-105.095776,40.003994],[-105.096619,40.003997],[-105.096654,40.004048]]],[[[-105.09679,40.005347],[-105.0959,40.005502],[-105.095836,40.005253],[-105.095839,40.004854],[-105.095884,40.004831],[-105.096456,40.004862],[-105.096653,40.004766],[-105.096785,40.004592],[-105.09679,40.005347]]],[[[-105.09675,40.006957],[-105.096785,40.006993],[-105.096771,40.007042],[-105.096677,40.007038],[-105.096678,40.006972],[-105.09675,40.006957]]],[[[-105.096751,40.004216],[-105.096736,40.004104],[-105.096809,40.004079],[-105.096839,40.00415],[-105.096751,40.004216]]],[[[-105.099139,40.005317],[-105.099173,40.005354],[-105.099174,40.005607],[-105.098854,40.005615],[-105.098604,40.005738],[-105.097842,40.005744],[-105.097421,40.00571],[-105.097073,40.005757],[-105.09694,40.005511],[-105.09697,40.005468],[-105.097775,40.005327],[-105.099139,40.005317]]],[[[-105.09901,40.005669],[-105.099175,40.005667],[-105.099176,40.005925],[-105.09901,40.005925],[-105.09901,40.005669]]],[[[-105.09759,40.005925],[-105.097203,40.005957],[-105.097109,40.005813],[-105.097427,40.005771],[-105.097834,40.005806],[-105.098605,40.005799],[-105.098714,40.005769],[-105.098837,40.005685],[-105.098945,40.00567],[-105.098946,40.005924],[-105.09901,40.005925],[-105.09759,40.005925]]],[[[-105.09746,40.006965],[-105.097588,40.006994],[-105.097573,40.007071],[-105.097495,40.007058],[-105.09746,40.006965]]],[[[-105.099132,40.004537],[-105.099165,40.004577],[-105.09917,40.005119],[-105.099139,40.005159],[-105.097656,40.005185],[-105.097606,40.005154],[-105.09758,40.004766],[-105.09764,40.00465],[-105.097742,40.00457],[-105.097919,40.004535],[-105.099132,40.004537]]],[[[-105.100351,40.005642],[-105.100466,40.005585],[-105.100505,40.005512],[-105.100517,40.004534],[-105.100891,40.004534],[-105.101105,40.00458],[-105.101144,40.004651],[-105.101089,40.004877],[-105.101077,40.00572],[-105.101026,40.005838],[-105.100852,40.005996],[-105.10073,40.00605],[-105.100518,40.006078],[-105.099465,40.006083],[-105.099382,40.006027],[-105.099377,40.005645],[-105.100351,40.005642]]],[[[-105.100392,40.00454],[-105.100377,40.005533],[-105.100304,40.005561],[-105.099376,40.005546],[-105.099384,40.004549],[-105.100392,40.00454]]],[[[-105.101064,40.006101],[-105.101046,40.005993],[-105.10109,40.005956],[-105.101152,40.005958],[-105.101148,40.006115],[-105.101064,40.006101]]],[[[-105.108309,40.003213],[-105.108397,40.003391],[-105.108403,40.003468],[-105.107816,40.003495],[-105.107804,40.003359],[-105.108309,40.003213]]],[[[-105.109856,40.002431],[-105.108337,40.002828],[-105.10824,40.002622],[-105.108247,40.002523],[-105.109853,40.002081],[-105.109856,40.002431]]],[[[-105.109219,40.002949],[-105.10932,40.003183],[-105.1086,40.00342],[-105.108495,40.003159],[-105.109219,40.002949]],[[-105.109067,40.002994],[-105.10909,40.002988],[-105.10901,40.00301],[-105.109067,40.002994]]],[[[-105.107952,39.987752],[-105.10793,39.987171],[-105.108703,39.987171],[-105.108694,39.987741],[-105.107952,39.987752]]],[[[-105.109869,40.003774],[-105.109514,40.003774],[-105.109502,40.003124],[-105.109396,40.002898],[-105.109862,40.002763],[-105.109869,40.003774]]],[[[-105.113947,39.983353],[-105.117412,39.983315],[-105.117397,39.985148],[-105.117303,39.985149],[-105.11731,39.986798],[-105.115784,39.986813],[-105.115783,39.986542],[-105.11623,39.986537],[-105.11623,39.986436],[-105.115784,39.98644],[-105.115763,39.986284],[-105.115515,39.985534],[-105.1155,39.984842],[-105.116476,39.984834],[-105.116727,39.984758],[-105.116839,39.984656],[-105.116892,39.984526],[-105.116895,39.984189],[-105.116834,39.984042],[-105.116714,39.983942],[-105.116559,39.983888],[-105.115611,39.983876],[-105.114883,39.983699],[-105.114606,39.983774],[-105.114506,39.98386],[-105.114449,39.983966],[-105.114438,39.984546],[-105.114479,39.984659],[-105.114568,39.984758],[-105.114467,39.984907],[-105.114023,39.985],[-105.114025,39.985135],[-105.114428,39.985181],[-105.114429,39.985713],[-105.113974,39.985714],[-105.113972,39.985908],[-105.114475,39.98591],[-105.114631,39.986279],[-105.114654,39.986413],[-105.113949,39.986468],[-105.113962,39.986559],[-105.114653,39.986511],[-105.114652,39.986818],[-105.113909,39.98682],[-105.113947,39.983353]]],[[[-105.115047,39.985222],[-105.115373,39.985222],[-105.115389,39.985538],[-105.115453,39.985769],[-105.115029,39.985771],[-105.114683,39.985874],[-105.11464,39.985711],[-105.11464,39.985135],[-105.115047,39.985222]]],[[[-105.11464,39.985032],[-105.114761,39.984835],[-105.115374,39.984841],[-105.115375,39.985124],[-105.115059,39.985124],[-105.11464,39.985032]]],[[[-105.114616,39.984031],[-105.114703,39.983891],[-105.114882,39.983836],[-105.115574,39.98401],[-105.116536,39.984022],[-105.116655,39.98408],[-105.116715,39.984166],[-105.116721,39.984522],[-105.116638,39.984638],[-105.116477,39.984697],[-105.114807,39.984696],[-105.11469,39.98464],[-105.114622,39.984539],[-105.114616,39.984031]]],[[[-105.114729,39.985973],[-105.115053,39.985868],[-105.115486,39.985867],[-105.115629,39.986266],[-105.115655,39.986439],[-105.114869,39.986443],[-105.114847,39.986261],[-105.114729,39.985973]]],[[[-105.115654,39.98654],[-105.115654,39.986811],[-105.11487,39.986816],[-105.114869,39.986543],[-105.115654,39.98654]]],[[[-105.117969,39.997674],[-105.117958,39.999022],[-105.119033,39.999033],[-105.11899,40.000089],[-105.116564,40.000057],[-105.116481,39.999991],[-105.116483,39.999491],[-105.11654,39.999434],[-105.117851,39.99942],[-105.118111,39.999461],[-105.118216,39.999548],[-105.118307,39.999573],[-105.118411,39.99955],[-105.118473,39.999485],[-105.118458,39.999386],[-105.118362,39.999331],[-105.117349,39.999293],[-105.117278,39.999259],[-105.117274,39.997797],[-105.117307,39.997748],[-105.117524,39.997736],[-105.117668,39.997827],[-105.117777,39.997844],[-105.117872,39.997808],[-105.117914,39.997701],[-105.117969,39.997674]]],[[[-105.118325,39.999395],[-105.118375,39.99942],[-105.118384,39.999466],[-105.118333,39.999504],[-105.11827,39.999495],[-105.118244,39.999429],[-105.118325,39.999395]]],[[[-105.128874,40.007232],[-105.128774,40.007252],[-105.127573,40.006673],[-105.127481,40.006584],[-105.127433,40.00648],[-105.127431,40.006368],[-105.127476,40.006262],[-105.127595,40.006153],[-105.127849,40.006037],[-105.128054,40.005993],[-105.128282,40.005995],[-105.128539,40.006063],[-105.129412,40.00648],[-105.129429,40.006561],[-105.128874,40.007232]]],[[[-105.130264,40.00504],[-105.129978,40.005107],[-105.129796,40.005282],[-105.129759,40.00541],[-105.12975,40.006051],[-105.129687,40.006227],[-105.129588,40.006362],[-105.129193,40.006214],[-105.128708,40.00595],[-105.128463,40.005681],[-105.128476,40.005503],[-105.128557,40.005384],[-105.128971,40.005085],[-105.129473,40.004672],[-105.129512,40.00461],[-105.130763,40.004531],[-105.130763,40.005041],[-105.130264,40.00504]]],[[[-105.129754,40.007933],[-105.129435,40.007586],[-105.129037,40.007379],[-105.129003,40.007326],[-105.129573,40.006621],[-105.129682,40.006609],[-105.130493,40.006986],[-105.130609,40.006976],[-105.130669,40.006931],[-105.130692,40.00686],[-105.130761,40.006864],[-105.130762,40.007754],[-105.130293,40.007789],[-105.129826,40.007956],[-105.129754,40.007933]]],[[[-105.130031,40.02069],[-105.129858,40.020385],[-105.130116,40.020311],[-105.130425,40.020272],[-105.130827,40.020274],[-105.13087,40.020314],[-105.130867,40.020641],[-105.130543,40.020639],[-105.130031,40.02069]]],[[[-105.130831,39.995901],[-105.130372,39.995888],[-105.130674,39.994662],[-105.130897,39.994545],[-105.131066,39.994745],[-105.130849,39.994848],[-105.130804,39.994955],[-105.131074,39.995364],[-105.130826,39.995463],[-105.130903,39.995575],[-105.131151,39.995475],[-105.131905,39.996575],[-105.131354,39.996807],[-105.130943,39.996208],[-105.131002,39.996074],[-105.130831,39.995901]]],[[[-105.130984,39.996437],[-105.131305,39.996868],[-105.13128,39.99696],[-105.131313,39.997074],[-105.13144,39.997181],[-105.131588,39.997214],[-105.131957,39.997809],[-105.132028,39.997783],[-105.131671,39.997206],[-105.132203,39.997009],[-105.13255,39.997557],[-105.132539,39.997655],[-105.132572,39.997726],[-105.132484,39.99772],[-105.132411,39.997664],[-105.131767,39.997914],[-105.131352,39.997815],[-105.131186,39.997563],[-105.131345,39.997193],[-105.131258,39.997063],[-105.130877,39.99696],[-105.130723,39.996705],[-105.130827,39.99647],[-105.130984,39.996437]]],[[[-105.130675,39.994659],[-105.130873,39.994519],[-105.130897,39.994543],[-105.130675,39.994659]]],[[[-105.130906,39.996291],[-105.130908,39.996355],[-105.130864,39.996385],[-105.130906,39.996291]]],[[[-105.131387,39.995196],[-105.131136,39.995321],[-105.130892,39.994963],[-105.130891,39.994905],[-105.131103,39.994798],[-105.131387,39.995196]]],[[[-105.132221,39.996383],[-105.1322,39.996461],[-105.131979,39.996547],[-105.131229,39.995455],[-105.13142,39.995362],[-105.131517,39.995378],[-105.132221,39.996383]]],[[[-105.132442,39.996768],[-105.132405,39.99682],[-105.131598,39.997124],[-105.131499,39.997109],[-105.131423,39.997009],[-105.131434,39.996909],[-105.131483,39.996851],[-105.132256,39.996557],[-105.132349,39.996588],[-105.132442,39.996768]]],[[[-105.132694,39.997501],[-105.132575,39.997462],[-105.132272,39.996983],[-105.132475,39.996909],[-105.132565,39.996941],[-105.13287,39.997436],[-105.132694,39.997501]]],[[[-105.132554,39.996717],[-105.132535,39.996711],[-105.132437,39.99654],[-105.132554,39.996717]]],[[[-105.132762,39.997602],[-105.132656,39.997716],[-105.132619,39.997652],[-105.132647,39.997583],[-105.132905,39.997492],[-105.132932,39.997536],[-105.132762,39.997602]]],[[[-105.13613,40.000589],[-105.136664,40.001014],[-105.136671,40.001072],[-105.13646,40.001249],[-105.135802,40.000744],[-105.135167,40.000734],[-105.13517,40.000655],[-105.135239,40.000571],[-105.135248,40.000505],[-105.135203,40.000437],[-105.135104,40.000401],[-105.134989,40.000427],[-105.134929,40.0005],[-105.134935,40.000568],[-105.135003,40.000653],[-105.135005,40.000735],[-105.133983,40.000739],[-105.133988,40.000374],[-105.134062,40.000319],[-105.137313,40.000311],[-105.137299,40.000592],[-105.136839,40.000928],[-105.136772,40.000914],[-105.136423,40.000641],[-105.136401,40.00059],[-105.136425,40.000487],[-105.136374,40.000415],[-105.136252,40.000383],[-105.136139,40.000426],[-105.136098,40.000505],[-105.13613,40.000589]]],[[[-105.1351,40.00048],[-105.135141,40.000504],[-105.135142,40.000547],[-105.135047,40.000562],[-105.135031,40.000507],[-105.1351,40.00048]]],[[[-105.136277,40.000464],[-105.136323,40.000496],[-105.136318,40.000533],[-105.136223,40.000548],[-105.13621,40.000487],[-105.136277,40.000464]]],[[[-105.137223,40.00083],[-105.137309,40.000763],[-105.13731,40.000779],[-105.137223,40.00083]]]]}},{"type":"Feature","properties":{"type":"mixed","acres":58.08,"family1_treatment":"allowed","family2_treatment":"prohibited","family3_treatment":"prohibited","family4_treatment":"prohibited","slice_id":1275348},"geometry":{"type":"Polygon","coordinates":[[[-105.152045,39.994354],[-105.152725,39.994389],[-105.152733,39.996186],[-105.157242,39.996178],[-105.157205,39.99677],[-105.157108,39.997424],[-105.156802,39.997438],[-105.156235,39.997388],[-105.156197,39.997802],[-105.156029,39.998101],[-105.155441,39.998848],[-105.15516,39.99934],[-105.155102,39.99981],[-105.155156,40.000044],[-105.152694,40.000053],[-105.152692,40.00013],[-105.152621,40.00013],[-105.152651,39.998939],[-105.150154,39.998953],[-105.150093,39.998942],[-105.150051,39.998875],[-105.150003,39.998731],[-105.149973,39.998408],[-105.149932,39.998376],[-105.149825,39.998366],[-105.149831,39.998257],[-105.149886,39.998242],[-105.150004,39.998297],[-105.150145,39.997955],[-105.150066,39.997185],[-105.150041,39.996543],[-105.14999,39.996505],[-105.15004,39.995663],[-105.14999,39.995377],[-105.150031,39.995144],[-105.15015,39.994923],[-105.150382,39.994821],[-105.150572,39.994608],[-105.150821,39.994469],[-105.151205,39.994353],[-105.151409,39.994247],[-105.152045,39.994354]],[[-105.15381,39.99787],[-105.15366,39.99802],[-105.15371,39.99818],[-105.1539,39.99825],[-105.1542,39.99827],[-105.15438,39.99827],[-105.15457,39.99822],[-105.15469,39.9979],[-105.15464,39.99777],[-105.15424,39.99765],[-105.15381,39.99787]]]}},{"type":"Feature","properties":{"type":"primarily_residential","acres":5.14,"family1_treatment":"allowed","family2_treatment":"prohibited","family3_treatment":"prohibited","family4_treatment":"prohibited","slice_id":1275349},"geometry":{"type":"Polygon","coordinates":[[[-105.14049,40.00081],[-105.140555,40.00102],[-105.140693,40.001214],[-105.14165,40.001979],[-105.141473,40.002189],[-105.141394,40.002406],[-105.141404,40.00356],[-105.141351,40.003655],[-105.141415,40.003777],[-105.140509,40.003772],[-105.14049,40.00081]]]}},{"type":"Feature","properties":{"type":"mixed","acres":54.74,"family1_treatment":"allowed","family2_treatment":"hearing","family3_treatment":"hearing","family4_treatment":"hearing","slice_id":1275329},"geometry":{"type":"MultiPolygon","coordinates":[[[[-105.093408,39.985056],[-105.09263,39.985049],[-105.092624,39.986755],[-105.091637,39.986775],[-105.091647,39.985148],[-105.090726,39.985131],[-105.090715,39.983682],[-105.090781,39.983653],[-105.09161,39.983629],[-105.092553,39.983414],[-105.09282,39.983403],[-105.093068,39.983431],[-105.093381,39.983506],[-105.093672,39.983628],[-105.094826,39.984347],[-105.09482,39.984384],[-105.094517,39.984658],[-105.094208,39.984857],[-105.093823,39.984998],[-105.093408,39.985056]]],[[[-105.09074,39.983538],[-105.091435,39.983541],[-105.091442,39.983548],[-105.090902,39.983586],[-105.090722,39.983564],[-105.09074,39.983538]]],[[[-105.095202,39.980491],[-105.095201,39.981648],[-105.094929,39.98153],[-105.093916,39.981208],[-105.093393,39.981114],[-105.092922,39.981086],[-105.092269,39.981141],[-105.090774,39.981136],[-105.090726,39.981096],[-105.090723,39.980458],[-105.09517,39.980536],[-105.095173,39.980491],[-105.095202,39.980491]]],[[[-105.090741,39.981251],[-105.091416,39.98125],[-105.091419,39.981258],[-105.09095,39.98129],[-105.090749,39.981274],[-105.090741,39.981251]]],[[[-105.092402,39.981333],[-105.092508,39.981405],[-105.092606,39.981956],[-105.092647,39.982441],[-105.092649,39.983157],[-105.092559,39.983222],[-105.091523,39.983424],[-105.09153,39.981363],[-105.092402,39.981333]]],[[[-105.092623,39.983304],[-105.092304,39.983357],[-105.092186,39.983414],[-105.091661,39.983536],[-105.092121,39.983381],[-105.092623,39.983304]]],[[[-105.091628,39.981272],[-105.092396,39.98121],[-105.092404,39.981217],[-105.09201,39.981279],[-105.091628,39.981272]]],[[[-105.092612,39.981344],[-105.092649,39.981569],[-105.092703,39.981675],[-105.092723,39.981846],[-105.092646,39.981674],[-105.092589,39.981347],[-105.092612,39.981344]]],[[[-105.092771,39.982679],[-105.092803,39.982851],[-105.092799,39.9832],[-105.092784,39.982972],[-105.092743,39.982845],[-105.092749,39.98268],[-105.092771,39.982679]]],[[[-105.092728,39.982004],[-105.092798,39.982249],[-105.092789,39.982514],[-105.092702,39.982008],[-105.092728,39.982004]]],[[[-105.092847,39.981297],[-105.093386,39.981309],[-105.093739,39.981376],[-105.095207,39.981848],[-105.095189,39.983322],[-105.09566,39.983331],[-105.09567,39.983476],[-105.095594,39.983641],[-105.095013,39.984201],[-105.094938,39.984201],[-105.093724,39.983457],[-105.093382,39.983329],[-105.093001,39.983251],[-105.092925,39.983195],[-105.092887,39.982148],[-105.092765,39.981393],[-105.092847,39.981297]]],[[[-105.09279,39.98122],[-105.0933,39.98118],[-105.09378,39.981276],[-105.093486,39.981232],[-105.09279,39.98122]]],[[[-105.093975,39.981319],[-105.094407,39.981458],[-105.094409,39.981472],[-105.094378,39.981485],[-105.093958,39.981345],[-105.093975,39.981319]]],[[[-105.098033,39.984688],[-105.097704,39.984794],[-105.097634,39.984659],[-105.097497,39.984637],[-105.09734,39.984752],[-105.09634,39.985104],[-105.095175,39.984322],[-105.095804,39.983689],[-105.095876,39.983531],[-105.095879,39.983332],[-105.098037,39.983329],[-105.098033,39.984688]]],[[[-105.102536,39.998328],[-105.102422,39.998995],[-105.102399,39.99982],[-105.102219,39.999958],[-105.101437,39.999964],[-105.101444,39.998284],[-105.101988,39.998282],[-105.10199,39.998325],[-105.102536,39.998328]]]]}},{"type":"Feature","properties":{"type":"mixed","acres":168.57,"family1_treatment":"allowed","family2_treatment":"prohibited","family3_treatment":"prohibited","family4_treatment":"prohibited","slice_id":1275331},"geometry":{"type":"MultiPolygon","coordinates":[[[[-105.069234,39.989434],[-105.06922,39.990549],[-105.067355,39.990528],[-105.068273,39.989428],[-105.069234,39.989434]]],[[[-105.075855,39.991647],[-105.077637,39.992977],[-105.077929,39.99327],[-105.078155,39.993571],[-105.079085,39.99357],[-105.079103,39.993901],[-105.07834,39.993904],[-105.078368,39.993991],[-105.078182,39.993954],[-105.077943,39.993551],[-105.077628,39.993187],[-105.075919,39.993142],[-105.075923,39.992772],[-105.07586,39.992529],[-105.075901,39.992418],[-105.075878,39.992295],[-105.076027,39.992101],[-105.076127,39.992043],[-105.075727,39.991745],[-105.075863,39.991752],[-105.075855,39.991647]]],[[[-105.082318,39.99405],[-105.081082,39.993971],[-105.081079,39.993349],[-105.082418,39.993356],[-105.082408,39.99371],[-105.08233,39.99371],[-105.082318,39.99405]]],[[[-105.084465,39.979964],[-105.083509,39.97992],[-105.083509,39.979763],[-105.086048,39.979853],[-105.086047,39.979944],[-105.085244,39.979901],[-105.084465,39.979964]]],[[[-105.089556,39.981097],[-105.089968,39.980833],[-105.090006,39.980456],[-105.089935,39.980365],[-105.089814,39.98035],[-105.089617,39.980521],[-105.08954,39.980477],[-105.08976,39.980313],[-105.08972,39.980252],[-105.088802,39.980117],[-105.088821,39.980036],[-105.090324,39.980256],[-105.090329,39.981054],[-105.090295,39.981129],[-105.090189,39.981172],[-105.089413,39.981163],[-105.08929,39.981102],[-105.089556,39.981097]]],[[[-105.095199,39.977154],[-105.094886,39.977112],[-105.094644,39.977131],[-105.094151,39.977285],[-105.093972,39.977398],[-105.093793,39.97765],[-105.093327,39.977535],[-105.092633,39.977304],[-105.092061,39.977014],[-105.091475,39.97657],[-105.091042,39.976075],[-105.095195,39.976077],[-105.095199,39.977154]]],[[[-105.095691,40.003861],[-105.09347,40.003864],[-105.093476,40.00297],[-105.095693,40.002971],[-105.095691,40.003861]]],[[[-105.094201,39.977505],[-105.094388,39.977353],[-105.094633,39.977266],[-105.094928,39.977244],[-105.0952,39.977292],[-105.095203,39.978],[-105.094085,39.977723],[-105.094201,39.977505]]],[[[-105.097304,39.979818],[-105.097103,39.979924],[-105.097514,39.980517],[-105.097007,39.980569],[-105.096578,39.980399],[-105.096245,39.980614],[-105.0952,39.980784],[-105.095205,39.978569],[-105.095353,39.978619],[-105.097304,39.979818]]],[[[-105.10944,40.000344],[-105.109505,40.000382],[-105.109531,40.000437],[-105.109523,40.001289],[-105.10944,40.001331],[-105.108501,40.001345],[-105.108343,40.001412],[-105.10812,40.00161],[-105.108034,40.001794],[-105.108033,40.002617],[-105.108229,40.00306],[-105.107562,40.003262],[-105.10752,40.000342],[-105.10944,40.000344]]],[[[-105.108535,40.009345],[-105.109517,40.009575],[-105.109482,40.009907],[-105.108032,40.009543],[-105.108112,40.009364],[-105.108535,40.009345]]],[[[-105.108338,40.008436],[-105.108506,40.009077],[-105.108496,40.009199],[-105.108239,40.0092],[-105.108064,40.008566],[-105.10804,40.008218],[-105.108337,40.008218],[-105.108338,40.008436]]],[[[-105.11126,40.00783],[-105.111183,40.008061],[-105.11077,40.008715],[-105.110451,40.009698],[-105.11089,40.00977],[-105.111543,40.009934],[-105.111762,40.010063],[-105.111883,40.010245],[-105.111894,40.010422],[-105.111842,40.010599],[-105.111448,40.011122],[-105.111662,40.011292],[-105.111829,40.011492],[-105.111926,40.011672],[-105.112008,40.011929],[-105.111995,40.0122],[-105.111758,40.012681],[-105.111697,40.013036],[-105.111615,40.013136],[-105.111357,40.013281],[-105.1108,40.013721],[-105.110494,40.013889],[-105.110124,40.014034],[-105.109738,40.014105],[-105.109276,40.014103],[-105.108941,40.014035],[-105.108409,40.013824],[-105.108823,40.013459],[-105.109292,40.013137],[-105.109044,40.012977],[-105.109277,40.012598],[-105.1095,40.012041],[-105.10967,40.011762],[-105.10973,40.011521],[-105.109724,40.011275],[-105.110239,40.011322],[-105.110898,40.011484],[-105.111223,40.011063],[-105.110484,40.010847],[-105.109699,40.010783],[-105.109587,40.010242],[-105.109569,40.009994],[-105.109662,40.009993],[-105.109665,40.009966],[-105.109834,40.009973],[-105.111129,40.010285],[-105.111157,40.01023],[-105.109855,40.009915],[-105.109944,40.009931],[-105.109986,40.009802],[-105.109672,40.009777],[-105.109706,40.009558],[-105.110068,40.009605],[-105.11028,40.008915],[-105.109929,40.008852],[-105.110083,40.008466],[-105.110128,40.0084],[-105.110452,40.00852],[-105.110867,40.007874],[-105.110885,40.007791],[-105.110444,40.007754],[-105.110447,40.007592],[-105.111266,40.007593],[-105.11126,40.00783]],[[-105.1111,40.01264],[-105.111683,40.01274],[-105.111809,40.012469],[-105.111254,40.012374],[-105.110218,40.012043],[-105.110026,40.012377],[-105.109989,40.012367],[-105.10986,40.012594],[-105.110485,40.012822],[-105.11076,40.012525],[-105.1111,40.01264]],[[-105.110488,40.013165],[-105.111136,40.013391],[-105.111341,40.01323],[-105.110841,40.013059],[-105.110868,40.013011],[-105.110608,40.012925],[-105.110632,40.012901],[-105.110554,40.012857],[-105.11035,40.013062],[-105.110488,40.013165]]],[[[-105.114585,40.007458],[-105.109889,40.007482],[-105.109852,40.001836],[-105.10954,40.001833],[-105.109546,40.001495],[-105.10985,40.001496],[-105.109848,40.001213],[-105.109784,40.001219],[-105.109807,40.000398],[-105.109842,40.000398],[-105.109842,40.000342],[-105.114569,40.000324],[-105.11455,40.001103],[-105.114585,40.007458]]],[[[-105.112157,40.007594],[-105.112185,40.010071],[-105.112192,40.010768],[-105.11219,40.010768],[-105.112157,40.007594]]],[[[-105.111266,40.007593],[-105.111363,40.007593],[-105.112157,40.007594],[-105.111266,40.007593]]],[[[-105.110251,40.007592],[-105.110214,40.007899],[-105.110064,40.008164],[-105.109835,40.008089],[-105.109897,40.007796],[-105.109936,40.007796],[-105.109936,40.007592],[-105.110251,40.007592]]],[[[-105.108042,40.007599],[-105.108609,40.007597],[-105.108608,40.007597],[-105.108042,40.007599]]],[[[-105.109856,40.008235],[-105.109986,40.008284],[-105.109852,40.008504],[-105.109737,40.008816],[-105.109403,40.008756],[-105.109193,40.009357],[-105.108576,40.009206],[-105.108576,40.009025],[-105.108421,40.008443],[-105.108417,40.008217],[-105.109856,40.008235]]],[[[-105.10972,40.008873],[-105.10954,40.009434],[-105.109269,40.009377],[-105.10945,40.008859],[-105.109504,40.008835],[-105.10972,40.008873]]],[[[-105.110173,40.008992],[-105.110013,40.009502],[-105.10996,40.00953],[-105.109725,40.009498],[-105.10991,40.008907],[-105.110141,40.00895],[-105.110173,40.008992]]],[[[-105.109686,40.001031],[-105.109691,40.001316],[-105.109675,40.001325],[-105.10966,40.001037],[-105.109686,40.001031]]],[[[-105.10968,40.000399],[-105.10969,40.000886],[-105.109674,40.000898],[-105.109652,40.000405],[-105.10968,40.000399]]],[[[-105.110779,40.007885],[-105.110436,40.008413],[-105.110376,40.008427],[-105.110163,40.008347],[-105.11036,40.008032],[-105.110434,40.007815],[-105.110738,40.007839],[-105.110779,40.007885]]],[[[-105.119675,39.999037],[-105.119662,40.00009],[-105.11899,40.000089],[-105.119033,39.999033],[-105.119675,39.999037]]],[[[-105.12836,39.994446],[-105.128112,39.994447],[-105.128114,39.994236],[-105.12836,39.994236],[-105.12836,39.994446]]],[[[-105.130724,39.994376],[-105.130873,39.994519],[-105.130677,39.994651],[-105.130372,39.995888],[-105.130831,39.995901],[-105.131002,39.996074],[-105.130943,39.996208],[-105.13086,39.996225],[-105.130906,39.996291],[-105.130864,39.996385],[-105.130774,39.996422],[-105.130827,39.99647],[-105.130723,39.996705],[-105.130877,39.99696],[-105.131258,39.997063],[-105.131345,39.997193],[-105.131186,39.997563],[-105.131352,39.997815],[-105.132018,39.997978],[-105.132259,39.998355],[-105.132218,39.998452],[-105.130792,39.998984],[-105.130414,39.998554],[-105.128784,39.997123],[-105.12927,39.996904],[-105.129362,39.996253],[-105.129875,39.99621],[-105.129997,39.996002],[-105.130158,39.995304],[-105.130247,39.995117],[-105.130286,39.994279],[-105.130635,39.994286],[-105.130803,39.994334],[-105.130724,39.994376]]],[[[-105.135749,39.998516],[-105.136268,39.998238],[-105.136477,39.998341],[-105.136429,40.000062],[-105.135696,40.000061],[-105.135749,39.998516]]]]}},{"type":"Feature","properties":{"type":"nonresidential","acres":196.36,"family1_treatment":"prohibited","family2_treatment":"prohibited","family3_treatment":"prohibited","family4_treatment":"prohibited","slice_id":1275333},"geometry":{"type":"MultiPolygon","coordinates":[[[[-105.076544,39.97905],[-105.075092,39.980954],[-105.075929,39.981309],[-105.076618,39.9807],[-105.077445,39.980975],[-105.079292,39.979979],[-105.079283,39.980261],[-105.079234,39.980318],[-105.079213,39.980438],[-105.079114,39.980536],[-105.077296,39.983356],[-105.077262,39.983345],[-105.077152,39.983553],[-105.077055,39.986635],[-105.072173,39.986561],[-105.072011,39.986528],[-105.071959,39.986462],[-105.071969,39.986018],[-105.071913,39.986017],[-105.071915,39.985179],[-105.071866,39.985239],[-105.071909,39.980875],[-105.071961,39.980875],[-105.071964,39.980313],[-105.072061,39.980254],[-105.074079,39.980253],[-105.074315,39.980329],[-105.07444,39.980284],[-105.074489,39.98018],[-105.074433,39.980088],[-105.074324,39.98005],[-105.074077,39.980122],[-105.07207,39.980119],[-105.071981,39.980081],[-105.07196,39.98004],[-105.07196,39.979475],[-105.071925,39.979474],[-105.071924,39.978936],[-105.071979,39.978867],[-105.072095,39.97883],[-105.073484,39.978815],[-105.073743,39.978898],[-105.073884,39.978846],[-105.073938,39.978733],[-105.073865,39.978618],[-105.073722,39.978569],[-105.07347,39.978659],[-105.072101,39.978669],[-105.072005,39.978644],[-105.071924,39.978554],[-105.071927,39.977611],[-105.072342,39.977442],[-105.074025,39.97744],[-105.074052,39.97683],[-105.076083,39.976867],[-105.076939,39.975919],[-105.076895,39.975093],[-105.07721,39.974449],[-105.080128,39.973414],[-105.080175,39.973351],[-105.079577,39.974416],[-105.079077,39.975221],[-105.07659,39.978474],[-105.076575,39.978738],[-105.076533,39.978792],[-105.076544,39.97905]]],[[[-105.057597,39.979415],[-105.062368,39.979449],[-105.062359,39.982986],[-105.057607,39.982979],[-105.057597,39.979415]],[[-105.05972,39.98178],[-105.05981,39.9816],[-105.05983,39.9809],[-105.05977,39.98087],[-105.05971,39.98089],[-105.05962,39.98114],[-105.05958,39.98141],[-105.05949,39.98158],[-105.05939,39.98165],[-105.05919,39.98197],[-105.05922,39.98206],[-105.05975,39.98194],[-105.05972,39.98178]]],[[[-105.070329,39.986683],[-105.070966,39.986689],[-105.070965,39.986768],[-105.071292,39.986772],[-105.071596,39.986876],[-105.071586,39.988316],[-105.071768,39.988508],[-105.071756,39.988685],[-105.068739,39.988601],[-105.070329,39.986683]]],[[[-105.07051,39.989584],[-105.070506,39.989972],[-105.06941,39.989957],[-105.069416,39.989574],[-105.07051,39.989584]]],[[[-105.071691,39.989607],[-105.07169,39.989989],[-105.070679,39.989975],[-105.070682,39.989593],[-105.071691,39.989607]]],[[[-105.070505,39.990018],[-105.070502,39.9904],[-105.069405,39.990386],[-105.069409,39.990004],[-105.070505,39.990018]]],[[[-105.070679,39.99002],[-105.07169,39.990034],[-105.071689,39.990415],[-105.070676,39.990402],[-105.070679,39.99002]]],[[[-105.106479,40.002938],[-105.106438,40.002725],[-105.106313,40.002496],[-105.105466,40.001592],[-105.106179,40.001229],[-105.106007,40.001081],[-105.105893,40.000845],[-105.106107,40.000788],[-105.106099,40.000438],[-105.106147,40.000346],[-105.10752,40.000342],[-105.107567,40.003831],[-105.107527,40.005652],[-105.106477,40.005649],[-105.106546,40.005502],[-105.106479,40.005383],[-105.106506,40.003757],[-105.106479,40.002938]]]]}},{"type":"Feature","properties":{"type":"mixed","acres":751.61,"family1_treatment":"allowed","family2_treatment":"prohibited","family3_treatment":"prohibited","family4_treatment":"prohibited","slice_id":1275340},"geometry":{"type":"MultiPolygon","coordinates":[[[[-105.077896,39.993487],[-105.077826,39.993483],[-105.077896,39.993487],[-105.077896,39.993487]]],[[[-105.08314,40.001344],[-105.083183,40.001343],[-105.083187,40.001199],[-105.08384,40.0012],[-105.083834,40.001659],[-105.083215,40.00165],[-105.083173,40.001416],[-105.08314,40.00143],[-105.08314,40.001344]]],[[[-105.09153,39.990637],[-105.091098,39.990632],[-105.09112,39.990301],[-105.095143,39.990288],[-105.095137,39.990508],[-105.09153,39.990522],[-105.09153,39.990637]]],[[[-105.100114,39.985208],[-105.099876,39.985186],[-105.099867,39.985025],[-105.099867,39.983334],[-105.098945,39.983331],[-105.098952,39.983148],[-105.099352,39.983101],[-105.099761,39.982941],[-105.099979,39.982899],[-105.101634,39.982895],[-105.101706,39.982805],[-105.101695,39.981896],[-105.101784,39.98184],[-105.102403,39.981843],[-105.10249,39.981892],[-105.102495,39.983353],[-105.102664,39.983354],[-105.102663,39.982956],[-105.102722,39.9829],[-105.104055,39.982916],[-105.104103,39.982883],[-105.104136,39.982794],[-105.104097,39.982718],[-105.104106,39.9807],[-105.104062,39.980656],[-105.103965,39.980629],[-105.102631,39.980632],[-105.10253,39.980662],[-105.102473,39.980751],[-105.102498,39.980831],[-105.10249,39.981655],[-105.102409,39.981712],[-105.101774,39.981712],[-105.101708,39.981681],[-105.101715,39.980761],[-105.101693,39.980708],[-105.101621,39.980658],[-105.101324,39.980677],[-105.100869,39.980777],[-105.100042,39.980778],[-105.099869,39.980819],[-105.099728,39.980913],[-105.099641,39.981093],[-105.099641,39.982609],[-105.099681,39.982798],[-105.09964,39.982843],[-105.0993,39.982981],[-105.098957,39.98302],[-105.09901,39.981466],[-105.09874,39.980426],[-105.09869,39.980445],[-105.09848,39.979645],[-105.098244,39.979648],[-105.097674,39.979085],[-105.09664,39.978479],[-105.096907,39.978209],[-105.09718,39.978051],[-105.097525,39.977946],[-105.097834,39.977916],[-105.098185,39.977949],[-105.100328,39.978406],[-105.100582,39.978382],[-105.100859,39.978273],[-105.101249,39.978442],[-105.101822,39.978525],[-105.102079,39.97851],[-105.102921,39.978369],[-105.103237,39.978264],[-105.103545,39.9781],[-105.103748,39.977949],[-105.104035,39.977656],[-105.104118,39.977389],[-105.10409,39.977043],[-105.10396,39.976784],[-105.104049,39.976654],[-105.104034,39.976561],[-105.103908,39.9765],[-105.103684,39.976565],[-105.103379,39.976449],[-105.103175,39.976415],[-105.102276,39.976417],[-105.101383,39.976594],[-105.10119,39.976463],[-105.101001,39.976413],[-105.100323,39.976419],[-105.100184,39.976465],[-105.099981,39.976605],[-105.099244,39.97648],[-105.099019,39.976496],[-105.098749,39.976593],[-105.098477,39.97651],[-105.09828,39.976507],[-105.098052,39.976555],[-105.096844,39.977177],[-105.096598,39.977269],[-105.096141,39.97734],[-105.095698,39.977297],[-105.095199,39.977154],[-105.095195,39.976077],[-105.090599,39.976074],[-105.090599,39.973665],[-105.091415,39.973669],[-105.091456,39.973718],[-105.091298,39.973824],[-105.091223,39.973977],[-105.091223,39.974766],[-105.091249,39.974947],[-105.091323,39.97514],[-105.091578,39.975597],[-105.091754,39.975739],[-105.091966,39.975809],[-105.092826,39.975839],[-105.092826,39.975807],[-105.09466,39.975789],[-105.095073,39.975728],[-105.095788,39.97571],[-105.09616,39.975565],[-105.096584,39.975718],[-105.097136,39.975721],[-105.097197,39.975678],[-105.097222,39.975605],[-105.097195,39.975538],[-105.097134,39.975497],[-105.096992,39.975497],[-105.096832,39.975603],[-105.096656,39.975605],[-105.09631,39.97548],[-105.096276,39.975418],[-105.09643,39.975124],[-105.096704,39.974746],[-105.096808,39.974744],[-105.096909,39.974854],[-105.096987,39.974888],[-105.097086,39.974882],[-105.097154,39.974834],[-105.097177,39.974753],[-105.097135,39.97468],[-105.097057,39.974643],[-105.096888,39.974637],[-105.096834,39.97457],[-105.097142,39.974116],[-105.097192,39.973766],[-105.09724,39.973742],[-105.097543,39.973747],[-105.097552,39.976106],[-105.10456,39.976099],[-105.104547,39.979212],[-105.104491,39.979226],[-105.104535,39.981158],[-105.104535,39.983369],[-105.102676,39.983354],[-105.102885,39.984203],[-105.102401,39.984324],[-105.101846,39.984606],[-105.101782,39.984588],[-105.101707,39.984496],[-105.101586,39.984233],[-105.101651,39.98418],[-105.10205,39.98413],[-105.102214,39.984006],[-105.102247,39.983846],[-105.102157,39.98345],[-105.102105,39.983385],[-105.102007,39.983356],[-105.099867,39.983334],[-105.099872,39.984365],[-105.100046,39.984324],[-105.100364,39.984533],[-105.100156,39.984291],[-105.100822,39.984018],[-105.101143,39.983813],[-105.101638,39.983782],[-105.101676,39.983576],[-105.101868,39.983548],[-105.102001,39.983625],[-105.102047,39.983687],[-105.10209,39.983883],[-105.102063,39.983962],[-105.101985,39.984016],[-105.101292,39.984107],[-105.100388,39.984522],[-105.10027,39.984627],[-105.100207,39.984741],[-105.100174,39.985173],[-105.100114,39.985208]],[[-105.09078,39.97534],[-105.09063,39.97534],[-105.0906,39.97538],[-105.09065,39.97591],[-105.09072,39.97597],[-105.09086,39.976],[-105.09122,39.97601],[-105.09141,39.97597],[-105.09139,39.97586],[-105.09117,39.97576],[-105.09084,39.97537],[-105.09078,39.97534]]],[[[-105.099878,39.972263],[-105.095118,39.972254],[-105.095154,39.971105],[-105.095196,39.97107],[-105.095838,39.971099],[-105.096096,39.971175],[-105.096326,39.971296],[-105.096318,39.971342],[-105.09602,39.97158],[-105.095924,39.971593],[-105.095756,39.971554],[-105.095645,39.971598],[-105.095608,39.971654],[-105.095613,39.971716],[-105.095724,39.971796],[-105.095876,39.971781],[-105.096074,39.971705],[-105.096479,39.971404],[-105.096935,39.971665],[-105.097289,39.971759],[-105.098179,39.971756],[-105.098499,39.971689],[-105.098853,39.971542],[-105.099214,39.9718],[-105.099337,39.971802],[-105.099412,39.971744],[-105.099431,39.971662],[-105.099383,39.971586],[-105.099138,39.971558],[-105.099009,39.971446],[-105.099306,39.971079],[-105.099424,39.970792],[-105.099441,39.970576],[-105.099403,39.97037],[-105.099313,39.97018],[-105.099163,39.969991],[-105.099217,39.969926],[-105.099407,39.969845],[-105.099424,39.969775],[-105.099373,39.969699],[-105.099285,39.969674],[-105.099184,39.969692],[-105.099093,39.969848],[-105.099012,39.969896],[-105.098782,39.969807],[-105.098515,39.969766],[-105.098179,39.969767],[-105.097736,39.969826],[-105.097487,39.969818],[-105.096901,39.969659],[-105.096546,39.969515],[-105.096338,39.969389],[-105.096867,39.968809],[-105.097499,39.969025],[-105.097864,39.969067],[-105.098942,39.968998],[-105.099169,39.968915],[-105.099343,39.968766],[-105.099426,39.968624],[-105.099453,39.968487],[-105.099333,39.967892],[-105.099291,39.967378],[-105.099417,39.966453],[-105.099337,39.966208],[-105.099124,39.965981],[-105.098962,39.965892],[-105.098743,39.965843],[-105.097874,39.96586],[-105.097485,39.965977],[-105.09719,39.966203],[-105.097072,39.966408],[-105.097033,39.966647],[-105.097058,39.966817],[-105.097195,39.967238],[-105.097154,39.967271],[-105.096833,39.967326],[-105.096775,39.96737],[-105.096755,39.967433],[-105.096811,39.967522],[-105.096926,39.967553],[-105.097019,39.967525],[-105.097128,39.967415],[-105.097221,39.967422],[-105.097248,39.967511],[-105.097227,39.967786],[-105.097169,39.968013],[-105.097064,39.96824],[-105.096818,39.968592],[-105.096765,39.96861],[-105.096078,39.968347],[-105.096066,39.968301],[-105.096122,39.968215],[-105.096286,39.968089],[-105.096282,39.968022],[-105.096219,39.967959],[-105.096118,39.967941],[-105.096022,39.967984],[-105.095984,39.968041],[-105.095969,39.968171],[-105.095917,39.968244],[-105.09585,39.968259],[-105.095466,39.968054],[-105.095189,39.967807],[-105.095204,39.96777],[-105.095929,39.967241],[-105.096126,39.966969],[-105.096175,39.96674],[-105.096147,39.966201],[-105.09608,39.966051],[-105.095938,39.965928],[-105.095675,39.965855],[-105.094765,39.965863],[-105.094367,39.965943],[-105.094012,39.966102],[-105.093644,39.965922],[-105.093329,39.965856],[-105.092421,39.965863],[-105.091971,39.965933],[-105.09179,39.965993],[-105.091609,39.966099],[-105.091467,39.966239],[-105.091378,39.9664],[-105.091349,39.966642],[-105.091494,39.967238],[-105.09148,39.967272],[-105.091428,39.967294],[-105.090626,39.967292],[-105.090616,39.965265],[-105.099867,39.965262],[-105.099845,39.972234],[-105.099878,39.972234],[-105.099878,39.972263]]],[[[-105.093291,39.968552],[-105.093322,39.967459],[-105.091526,39.967463],[-105.090782,39.967455],[-105.091576,39.967461],[-105.092151,39.967369],[-105.093429,39.967382],[-105.093472,39.967426],[-105.093481,39.96764],[-105.093537,39.96782],[-105.093639,39.96798],[-105.093774,39.968114],[-105.094117,39.968371],[-105.094349,39.968485],[-105.094604,39.968551],[-105.095095,39.968605],[-105.095196,39.968864],[-105.095317,39.969024],[-105.095492,39.969151],[-105.095979,39.969397],[-105.096006,39.969456],[-105.09568,39.969707],[-105.094854,39.969182],[-105.094706,39.968955],[-105.093553,39.96855],[-105.093291,39.968552]]],[[[-105.092065,39.97568],[-105.091882,39.97564],[-105.091725,39.975524],[-105.091425,39.974931],[-105.091399,39.974002],[-105.091449,39.9739],[-105.09157,39.97383],[-105.092038,39.973822],[-105.092101,39.973865],[-105.092112,39.974745],[-105.092162,39.974942],[-105.092311,39.975257],[-105.092324,39.975624],[-105.092262,39.975676],[-105.092065,39.97568]]],[[[-105.093503,40.008679],[-105.093501,40.007491],[-105.094082,40.007484],[-105.094108,40.007457],[-105.095057,40.007457],[-105.095051,40.008705],[-105.094011,40.008714],[-105.093503,40.008679]]],[[[-105.09152,39.966684],[-105.091519,39.966476],[-105.091629,39.966271],[-105.091839,39.966116],[-105.092101,39.966036],[-105.092473,39.965989],[-105.093306,39.965982],[-105.093635,39.966058],[-105.093858,39.966194],[-105.093644,39.966476],[-105.093539,39.966673],[-105.093474,39.966922],[-105.093476,39.967199],[-105.093435,39.967237],[-105.092668,39.967225],[-105.092607,39.967049],[-105.092596,39.966866],[-105.092675,39.966746],[-105.092682,39.966681],[-105.092621,39.966603],[-105.092515,39.96658],[-105.092422,39.966611],[-105.092368,39.966696],[-105.092439,39.966838],[-105.092473,39.96722],[-105.092057,39.967237],[-105.091702,39.967298],[-105.091665,39.967266],[-105.09152,39.966684]]],[[[-105.092568,39.97568],[-105.092504,39.975623],[-105.092482,39.975219],[-105.092341,39.974915],[-105.09229,39.974726],[-105.092298,39.973845],[-105.09297,39.973808],[-105.093055,39.974077],[-105.092998,39.974181],[-105.093002,39.974254],[-105.093071,39.974325],[-105.093183,39.974348],[-105.093298,39.974308],[-105.093352,39.974218],[-105.093329,39.974141],[-105.093228,39.974055],[-105.093174,39.973815],[-105.0932,39.973769],[-105.09361,39.973714],[-105.094223,39.973709],[-105.094279,39.973762],[-105.094263,39.973926],[-105.094192,39.974039],[-105.094049,39.97411],[-105.094013,39.974188],[-105.094069,39.974291],[-105.094206,39.974329],[-105.094302,39.974303],[-105.094361,39.974239],[-105.094351,39.974113],[-105.094443,39.973947],[-105.094475,39.973727],[-105.094816,39.973708],[-105.0949,39.973745],[-105.094919,39.973915],[-105.094873,39.974099],[-105.09449,39.974652],[-105.093241,39.974624],[-105.09302,39.974704],[-105.09285,39.974883],[-105.092818,39.975008],[-105.092816,39.975694],[-105.093483,39.975681],[-105.093483,39.975406],[-105.093697,39.975405],[-105.094037,39.974946],[-105.094348,39.975051],[-105.094084,39.975438],[-105.094028,39.975651],[-105.093979,39.97567],[-105.092825,39.975696],[-105.092568,39.97568]]],[[[-105.093879,39.972535],[-105.094705,39.972524],[-105.094705,39.972644],[-105.094878,39.972677],[-105.094904,39.972724],[-105.094923,39.97324],[-105.094899,39.973534],[-105.094822,39.973567],[-105.094517,39.973568],[-105.094463,39.973537],[-105.094461,39.973086],[-105.094538,39.973002],[-105.094556,39.972932],[-105.094497,39.972844],[-105.094377,39.972812],[-105.094261,39.972844],[-105.0942,39.972934],[-105.094213,39.973001],[-105.094284,39.973092],[-105.094272,39.973535],[-105.094217,39.973568],[-105.093925,39.973567],[-105.093929,39.973166],[-105.093861,39.973041],[-105.093879,39.972535]]],[[[-105.098038,40.001189],[-105.098767,40.001194],[-105.098855,40.001228],[-105.09891,40.001303],[-105.098916,40.001548],[-105.098695,40.001551],[-105.098561,40.001585],[-105.098444,40.001671],[-105.098387,40.001791],[-105.098407,40.003311],[-105.098458,40.003434],[-105.098577,40.003528],[-105.098769,40.003568],[-105.099685,40.003563],[-105.099847,40.003528],[-105.099955,40.003457],[-105.10002,40.00336],[-105.100041,40.00291],[-105.100173,40.002675],[-105.100574,40.002334],[-105.100851,40.002527],[-105.100395,40.002939],[-105.100398,40.003841],[-105.098057,40.003853],[-105.098038,40.001189]]],[[[-105.095075,39.968476],[-105.094528,39.968409],[-105.094189,39.968255],[-105.094167,39.968214],[-105.094189,39.968177],[-105.094498,39.968033],[-105.094528,39.967971],[-105.09451,39.967903],[-105.094416,39.967845],[-105.094301,39.967854],[-105.094231,39.967904],[-105.094162,39.968035],[-105.094058,39.968104],[-105.093981,39.968099],[-105.093815,39.967961],[-105.093693,39.967785],[-105.093639,39.967608],[-105.093644,39.967411],[-105.093702,39.967381],[-105.093913,39.96738],[-105.094235,39.967417],[-105.094544,39.967515],[-105.094803,39.967665],[-105.095344,39.968162],[-105.095142,39.968456],[-105.095075,39.968476]]],[[[-105.095085,39.967679],[-105.094812,39.96749],[-105.094524,39.967352],[-105.0945,39.967312],[-105.094897,39.966858],[-105.094955,39.966818],[-105.095114,39.96681],[-105.095192,39.966765],[-105.09522,39.966677],[-105.095169,39.9666],[-105.095055,39.966569],[-105.094954,39.966603],[-105.094301,39.967287],[-105.093642,39.967222],[-105.093629,39.966962],[-105.093699,39.966699],[-105.093826,39.966483],[-105.094004,39.966296],[-105.094217,39.966152],[-105.094446,39.966055],[-105.094885,39.965981],[-105.095658,39.965981],[-105.09581,39.966015],[-105.095938,39.96611],[-105.095992,39.966232],[-105.096017,39.966751],[-105.095974,39.966939],[-105.095789,39.967181],[-105.095136,39.96767],[-105.095085,39.967679]]],[[[-105.094262,39.975668],[-105.094203,39.975614],[-105.094221,39.975505],[-105.094529,39.975054],[-105.095324,39.975048],[-105.095481,39.974982],[-105.09604,39.974204],[-105.096096,39.974059],[-105.096108,39.973793],[-105.096134,39.973751],[-105.096954,39.973738],[-105.097015,39.973767],[-105.097024,39.97397],[-105.096977,39.974104],[-105.096292,39.975059],[-105.096127,39.975367],[-105.096002,39.975492],[-105.095707,39.975597],[-105.09509,39.975603],[-105.094622,39.975667],[-105.094262,39.975668]]],[[[-105.096492,39.990573],[-105.09522,39.990566],[-105.095241,39.990296],[-105.095212,39.990236],[-105.096493,39.990242],[-105.096492,39.990573]]],[[[-105.096436,39.995236],[-105.095803,39.995195],[-105.095782,39.994744],[-105.097052,39.994743],[-105.097041,39.996688],[-105.096875,39.996908],[-105.096581,39.997063],[-105.095801,39.997119],[-105.095798,39.996837],[-105.095822,39.996816],[-105.096422,39.996782],[-105.096578,39.996705],[-105.096686,39.996564],[-105.096696,39.995492],[-105.096595,39.995325],[-105.096436,39.995236]]],[[[-105.095849,39.996688],[-105.095797,39.99665],[-105.095787,39.995363],[-105.095853,39.995326],[-105.096402,39.995347],[-105.096504,39.995416],[-105.096551,39.995515],[-105.096546,39.996532],[-105.096478,39.996622],[-105.096352,39.996679],[-105.095849,39.996688]]],[[[-105.09464,39.974922],[-105.094577,39.974874],[-105.094615,39.974744],[-105.095105,39.974041],[-105.095196,39.973741],[-105.095272,39.973711],[-105.095534,39.97371],[-105.095936,39.973755],[-105.095944,39.973979],[-105.095893,39.974153],[-105.095349,39.974912],[-105.09464,39.974922]]],[[[-105.0952,39.977295],[-105.095834,39.977453],[-105.096111,39.97747],[-105.096428,39.977443],[-105.096931,39.977288],[-105.098189,39.976652],[-105.098459,39.976639],[-105.098572,39.976673],[-105.098621,39.976725],[-105.098208,39.977791],[-105.097649,39.977803],[-105.097245,39.977887],[-105.096817,39.978103],[-105.0965,39.97841],[-105.09589,39.978165],[-105.095203,39.977975],[-105.0952,39.977295]]],[[[-105.095085,39.972645],[-105.095074,39.973043],[-105.095034,39.973051],[-105.095023,39.972644],[-105.095085,39.972645]]],[[[-105.095203,39.972684],[-105.095339,39.972679],[-105.095316,39.973275],[-105.095948,39.973276],[-105.095927,39.973593],[-105.095263,39.973568],[-105.095186,39.973533],[-105.095203,39.972684]]],[[[-105.098336,39.970496],[-105.098195,39.970551],[-105.098167,39.970705],[-105.098095,39.970772],[-105.097694,39.970973],[-105.097542,39.970868],[-105.097513,39.970739],[-105.097456,39.970683],[-105.097345,39.97066],[-105.097241,39.970703],[-105.097203,39.970778],[-105.097229,39.970852],[-105.097399,39.970932],[-105.097538,39.971076],[-105.097363,39.971284],[-105.09725,39.971586],[-105.09721,39.971611],[-105.096931,39.971516],[-105.096362,39.971159],[-105.09608,39.971031],[-105.095758,39.970959],[-105.095182,39.97095],[-105.095136,39.970915],[-105.095173,39.970701],[-105.095258,39.970477],[-105.095474,39.970135],[-105.095785,39.970253],[-105.09616,39.970331],[-105.09634,39.970464],[-105.096445,39.970462],[-105.096523,39.970407],[-105.096536,39.970314],[-105.096453,39.970243],[-105.096254,39.970235],[-105.095885,39.970158],[-105.095578,39.970029],[-105.095795,39.9698],[-105.096209,39.969494],[-105.096713,39.96972],[-105.097356,39.969918],[-105.09773,39.969942],[-105.098326,39.969876],[-105.098715,39.969918],[-105.099014,39.970057],[-105.099215,39.970285],[-105.0993,39.970539],[-105.099274,39.970822],[-105.099118,39.971132],[-105.098899,39.971337],[-105.098616,39.971506],[-105.098263,39.97162],[-105.098085,39.971647],[-105.097439,39.971641],[-105.097408,39.971598],[-105.097452,39.971444],[-105.097621,39.971202],[-105.098468,39.970685],[-105.098489,39.970627],[-105.098468,39.97056],[-105.098336,39.970496]]],[[[-105.095513,39.968271],[-105.096659,39.96872],[-105.096675,39.968768],[-105.096208,39.969289],[-105.096109,39.969311],[-105.095533,39.969021],[-105.095353,39.968844],[-105.095288,39.968672],[-105.095299,39.968517],[-105.095384,39.968361],[-105.095513,39.968271]]],[[[-105.097516,39.990247],[-105.097511,39.990578],[-105.096614,39.990573],[-105.096603,39.990243],[-105.097516,39.990247]]],[[[-105.097253,39.973622],[-105.097186,39.973575],[-105.097194,39.973102],[-105.097125,39.972987],[-105.096986,39.97294],[-105.096152,39.972936],[-105.096021,39.972988],[-105.095937,39.973101],[-105.095933,39.972613],[-105.097545,39.972618],[-105.097543,39.973628],[-105.097253,39.973622]]],[[[-105.096178,39.973614],[-105.09611,39.973567],[-105.096112,39.973111],[-105.096135,39.973074],[-105.096968,39.973062],[-105.097028,39.973095],[-105.097025,39.973563],[-105.096995,39.973606],[-105.096178,39.973614]]],[[[-105.098937,40.002531],[-105.098981,40.002531],[-105.098981,40.002713],[-105.09858,40.002731],[-105.098565,40.001823],[-105.098595,40.001753],[-105.098669,40.001703],[-105.098925,40.00169],[-105.098937,40.002531]]],[[[-105.099853,40.003288],[-105.099815,40.003372],[-105.099708,40.003423],[-105.098748,40.003431],[-105.098757,40.003143],[-105.099854,40.003143],[-105.099853,40.003288]]],[[[-105.097789,39.968943],[-105.097536,39.968911],[-105.096968,39.968681],[-105.097308,39.968117],[-105.097612,39.968153],[-105.097931,39.96811],[-105.098131,39.968176],[-105.098223,39.968149],[-105.098273,39.968084],[-105.098244,39.967983],[-105.098129,39.967932],[-105.097632,39.968029],[-105.097371,39.967984],[-105.097347,39.967938],[-105.0974,39.967392],[-105.098193,39.967265],[-105.099109,39.967306],[-105.099182,39.968001],[-105.099284,39.968451],[-105.099268,39.968575],[-105.099198,39.9687],[-105.099054,39.968819],[-105.098871,39.96888],[-105.097789,39.968943]]],[[[-105.097184,39.966634],[-105.097244,39.966383],[-105.097401,39.96619],[-105.09764,39.966047],[-105.097936,39.965976],[-105.09867,39.965962],[-105.098881,39.966001],[-105.099032,39.966074],[-105.099128,39.966162],[-105.099211,39.966285],[-105.099251,39.96642],[-105.099145,39.967109],[-105.09908,39.967155],[-105.098282,39.96712],[-105.098252,39.967084],[-105.098249,39.966915],[-105.098316,39.96674],[-105.098251,39.966662],[-105.098146,39.96664],[-105.098055,39.966672],[-105.098006,39.966742],[-105.098089,39.966914],[-105.098067,39.967127],[-105.097395,39.967235],[-105.097352,39.967201],[-105.097214,39.966811],[-105.097184,39.966634]]],[[[-105.099651,40.002532],[-105.099825,40.002421],[-105.100214,40.002064],[-105.100447,40.002244],[-105.099947,40.002685],[-105.099866,40.002858],[-105.099854,40.003067],[-105.099494,40.003056],[-105.099489,40.002868],[-105.099553,40.002672],[-105.099651,40.002532]]],[[[-105.098579,39.977302],[-105.098663,39.977269],[-105.099588,39.97745],[-105.100455,39.97753],[-105.100505,39.97758],[-105.100561,39.977884],[-105.100703,39.978103],[-105.100707,39.978162],[-105.100554,39.978246],[-105.100308,39.978266],[-105.098435,39.977868],[-105.098392,39.977795],[-105.098579,39.977302]]],[[[-105.098836,39.97673],[-105.098983,39.976641],[-105.099199,39.976606],[-105.099932,39.97673],[-105.100562,39.976781],[-105.100608,39.976846],[-105.100537,39.977344],[-105.100446,39.977397],[-105.099865,39.977356],[-105.098717,39.977145],[-105.098671,39.977111],[-105.098668,39.977066],[-105.098765,39.976817],[-105.098836,39.97673]]],[[[-105.102172,39.993317],[-105.09983,39.990823],[-105.099585,39.990519],[-105.100652,39.990528],[-105.100637,39.990611],[-105.100492,39.990682],[-105.100425,39.990757],[-105.100408,39.990852],[-105.100443,39.990935],[-105.101161,39.991691],[-105.101343,39.991786],[-105.101643,39.991853],[-105.101685,39.992201],[-105.101898,39.992513],[-105.102062,39.99255],[-105.102179,39.992463],[-105.102172,39.993317]]],[[[-105.102179,39.992395],[-105.102104,39.992323],[-105.101901,39.992261],[-105.101824,39.992102],[-105.101834,39.990647],[-105.101895,39.990579],[-105.10219,39.990581],[-105.102179,39.992395]]],[[[-105.099859,39.986816],[-105.099864,39.985341],[-105.100138,39.985348],[-105.100201,39.98541],[-105.100201,39.986345],[-105.100249,39.98645],[-105.100433,39.98653],[-105.101135,39.986534],[-105.101217,39.986509],[-105.101272,39.98645],[-105.101277,39.986388],[-105.101234,39.986327],[-105.101156,39.986293],[-105.101048,39.986302],[-105.100934,39.986389],[-105.10085,39.986411],[-105.100438,39.986406],[-105.100363,39.986344],[-105.100374,39.985871],[-105.100455,39.985837],[-105.100697,39.985892],[-105.100777,39.985853],[-105.100812,39.985782],[-105.100779,39.985702],[-105.100694,39.985659],[-105.100472,39.985713],[-105.100386,39.985691],[-105.100363,39.985649],[-105.100378,39.985396],[-105.100455,39.985367],[-105.101099,39.985459],[-105.101136,39.985486],[-105.101153,39.985695],[-105.101312,39.986268],[-105.101328,39.986806],[-105.099859,39.986816]]],[[[-105.101952,39.990416],[-105.101933,39.990389],[-105.101976,39.990317],[-105.101966,39.99025],[-105.101827,39.990172],[-105.101738,39.990186],[-105.10167,39.990245],[-105.101661,39.990318],[-105.101702,39.990386],[-105.101682,39.990417],[-105.100987,39.990411],[-105.100599,39.990295],[-105.100399,39.990158],[-105.100245,39.989959],[-105.100175,39.989734],[-105.100199,39.989504],[-105.100379,39.989204],[-105.100447,39.989195],[-105.100633,39.989272],[-105.100645,39.989321],[-105.100495,39.989583],[-105.100506,39.98981],[-105.100573,39.989934],[-105.100681,39.99004],[-105.100964,39.990163],[-105.101124,39.990139],[-105.101179,39.990029],[-105.101138,39.98996],[-105.101058,39.989925],[-105.100836,39.989959],[-105.100695,39.989816],[-105.100662,39.989709],[-105.100674,39.989591],[-105.100838,39.98937],[-105.101768,39.989753],[-105.101942,39.989773],[-105.102165,39.989742],[-105.102286,39.989833],[-105.102314,39.989928],[-105.102388,39.989981],[-105.102478,39.989991],[-105.102569,39.989956],[-105.102615,39.989882],[-105.102589,39.989801],[-105.102412,39.989739],[-105.102288,39.989618],[-105.102728,39.989],[-105.102739,39.988946],[-105.102707,39.988883],[-105.102108,39.98862],[-105.101957,39.988662],[-105.101721,39.988932],[-105.101295,39.988742],[-105.101653,39.988232],[-105.101801,39.988204],[-105.101875,39.988151],[-105.101894,39.988076],[-105.101858,39.988013],[-105.101737,39.98797],[-105.101613,39.988013],[-105.10113,39.988656],[-105.101072,39.988663],[-105.100894,39.988592],[-105.100864,39.988545],[-105.101381,39.987863],[-105.101511,39.987584],[-105.101545,39.987567],[-105.102574,39.987566],[-105.102612,39.987607],[-105.102611,39.987766],[-105.102451,39.987854],[-105.10243,39.987963],[-105.10249,39.988026],[-105.102571,39.98805],[-105.102666,39.988032],[-105.10273,39.987974],[-105.102788,39.98778],[-105.102792,39.987604],[-105.102843,39.987524],[-105.102801,39.987427],[-105.101572,39.987425],[-105.101532,39.9874],[-105.101528,39.987216],[-105.101563,39.987178],[-105.101616,39.987155],[-105.103027,39.987153],[-105.103029,39.987428],[-105.103061,39.987428],[-105.103059,39.987839],[-105.102991,39.988051],[-105.102815,39.988245],[-105.103021,39.988351],[-105.103105,39.98834],[-105.103121,39.988383],[-105.10303,39.988417],[-105.102925,39.988542],[-105.103229,39.988703],[-105.103125,39.988818],[-105.102738,39.989573],[-105.102916,39.989674],[-105.102949,39.989794],[-105.102925,39.989897],[-105.102867,39.99],[-105.102671,39.990149],[-105.102538,39.990199],[-105.102247,39.990237],[-105.102246,39.99042],[-105.101952,39.990416]]],[[[-105.100083,39.980905],[-105.100522,39.980908],[-105.100585,39.980961],[-105.100585,39.982682],[-105.100524,39.98276],[-105.099909,39.982775],[-105.099844,39.982743],[-105.099818,39.98267],[-105.09981,39.981095],[-105.099893,39.980963],[-105.100083,39.980905]]],[[[-105.101552,39.991701],[-105.101379,39.991661],[-105.101232,39.991566],[-105.100585,39.990876],[-105.10059,39.990782],[-105.100888,39.99056],[-105.101609,39.990578],[-105.101654,39.990603],[-105.101663,39.991637],[-105.101628,39.991687],[-105.101552,39.991701]]],[[[-105.101892,39.989636],[-105.10178,39.989611],[-105.100542,39.989078],[-105.100506,39.989031],[-105.100735,39.988719],[-105.100775,39.988709],[-105.101725,39.989101],[-105.10186,39.989062],[-105.102097,39.988788],[-105.102497,39.988948],[-105.102509,39.989025],[-105.102125,39.989548],[-105.102028,39.989614],[-105.101892,39.989636]]],[[[-105.100375,39.984745],[-105.10049,39.984619],[-105.100809,39.984477],[-105.100904,39.984522],[-105.100926,39.98466],[-105.100974,39.984721],[-105.101071,39.984752],[-105.101169,39.984731],[-105.101232,39.984672],[-105.101235,39.984591],[-105.101191,39.984538],[-105.101051,39.984472],[-105.10102,39.984389],[-105.10134,39.98423],[-105.101423,39.984267],[-105.101518,39.984479],[-105.101674,39.984702],[-105.101657,39.984751],[-105.101365,39.984984],[-105.101177,39.985288],[-105.101103,39.985321],[-105.100369,39.985208],[-105.100344,39.985159],[-105.100375,39.984745]]],[[[-105.1003,39.976633],[-105.100253,39.976605],[-105.100249,39.976563],[-105.10037,39.976509],[-105.100984,39.976507],[-105.101087,39.97653],[-105.101115,39.976567],[-105.101076,39.976626],[-105.100969,39.976638],[-105.1003,39.976633]]],[[[-105.101463,39.980803],[-105.101532,39.980879],[-105.101527,39.982698],[-105.101442,39.982761],[-105.100797,39.982754],[-105.100751,39.982696],[-105.100756,39.98096],[-105.100825,39.980908],[-105.101463,39.980803]]],[[[-105.100737,39.977879],[-105.10068,39.97757],[-105.100739,39.977529],[-105.101506,39.977475],[-105.101572,39.977505],[-105.101581,39.977625],[-105.101618,39.977678],[-105.101785,39.977712],[-105.101888,39.97764],[-105.101897,39.977567],[-105.10185,39.977472],[-105.101896,39.977415],[-105.102297,39.977332],[-105.102465,39.977335],[-105.102648,39.977404],[-105.102755,39.977501],[-105.103079,39.978148],[-105.103027,39.978198],[-105.102827,39.978255],[-105.102028,39.978385],[-105.101766,39.978395],[-105.10139,39.978339],[-105.101098,39.978237],[-105.100886,39.978083],[-105.100737,39.977879]]],[[[-105.102816,39.977168],[-105.102665,39.977245],[-105.10229,39.977205],[-105.101681,39.97732],[-105.101114,39.977384],[-105.100774,39.977397],[-105.100708,39.977334],[-105.10078,39.976825],[-105.100833,39.976775],[-105.1016,39.976693],[-105.102341,39.97654],[-105.103181,39.976538],[-105.103564,39.976659],[-105.103826,39.976864],[-105.10394,39.977126],[-105.103928,39.977496],[-105.103841,39.977655],[-105.103589,39.97789],[-105.103347,39.978056],[-105.103258,39.978064],[-105.103128,39.977901],[-105.102919,39.977458],[-105.102923,39.977412],[-105.103002,39.977334],[-105.103006,39.977248],[-105.10293,39.977179],[-105.102816,39.977168]]],[[[-105.101399,39.985894],[-105.101323,39.985561],[-105.1014,39.985501],[-105.102063,39.985589],[-105.102889,39.985609],[-105.102889,39.985903],[-105.101399,39.985894]]],[[[-105.102134,39.984619],[-105.102513,39.984434],[-105.102894,39.98434],[-105.102885,39.984787],[-105.102801,39.984687],[-105.102658,39.984683],[-105.102386,39.984811],[-105.101908,39.985128],[-105.101686,39.985385],[-105.10162,39.985398],[-105.101377,39.985341],[-105.101362,39.985299],[-105.101397,39.985224],[-105.101552,39.985025],[-105.102134,39.984619]]],[[[-105.10289,39.985464],[-105.101935,39.985439],[-105.101894,39.985402],[-105.101895,39.985353],[-105.102033,39.985208],[-105.102471,39.984919],[-105.102565,39.984892],[-105.102784,39.984913],[-105.102853,39.984873],[-105.102885,39.984806],[-105.10289,39.985464]]],[[[-105.102738,39.982769],[-105.102663,39.982709],[-105.102665,39.982213],[-105.102711,39.982173],[-105.103003,39.982156],[-105.103116,39.982072],[-105.103131,39.981527],[-105.103092,39.981443],[-105.103017,39.981393],[-105.102725,39.981373],[-105.102671,39.981339],[-105.102675,39.980822],[-105.102753,39.980776],[-105.103878,39.980786],[-105.103928,39.980856],[-105.103922,39.98273],[-105.103824,39.982776],[-105.102738,39.982769]]],[[[-105.102921,39.981472],[-105.103008,39.981537],[-105.103007,39.982017],[-105.102925,39.982073],[-105.102708,39.982067],[-105.10266,39.98202],[-105.102661,39.981522],[-105.102717,39.981474],[-105.102921,39.981472]]],[[[-105.109201,39.989],[-105.108365,39.98843],[-105.108163,39.988211],[-105.108028,39.987983],[-105.107952,39.987752],[-105.108694,39.987741],[-105.108703,39.987171],[-105.109226,39.987176],[-105.109201,39.989]]],[[[-105.121621,40.00744],[-105.114585,40.007458],[-105.114594,40.006263],[-105.114967,40.006264],[-105.115616,40.006145],[-105.115966,40.006135],[-105.116013,40.006182],[-105.116062,40.00645],[-105.116214,40.006759],[-105.116205,40.006815],[-105.115964,40.006925],[-105.115663,40.00698],[-105.115462,40.006977],[-105.115309,40.006885],[-105.115188,40.006878],[-105.115076,40.006965],[-105.115109,40.007075],[-105.115224,40.00712],[-105.115383,40.007086],[-105.115779,40.007084],[-105.116328,40.00692],[-105.11661,40.007129],[-105.116871,40.007268],[-105.117182,40.007372],[-105.11752,40.007426],[-105.118289,40.007448],[-105.118799,40.007383],[-105.119169,40.007232],[-105.119622,40.006903],[-105.119879,40.00682],[-105.120986,40.006708],[-105.1213,40.006762],[-105.12151,40.006893],[-105.121623,40.007077],[-105.121647,40.007917],[-105.121738,40.008257],[-105.121914,40.008508],[-105.122583,40.009199],[-105.121667,40.009344],[-105.121621,40.00744]]],[[[-105.114739,40.006134],[-105.114591,40.006125],[-105.11455,40.001136],[-105.114689,40.001088],[-105.116036,40.000946],[-105.117712,40.000326],[-105.123416,40.000349],[-105.12342,40.000822],[-105.123328,40.00121],[-105.12341,40.0016],[-105.123407,40.00172],[-105.12335,40.001849],[-105.123078,40.002197],[-105.122593,40.001953],[-105.122165,40.001542],[-105.122186,40.001482],[-105.12239,40.001315],[-105.122715,40.001281],[-105.122777,40.001323],[-105.122805,40.001442],[-105.122724,40.001592],[-105.122744,40.001682],[-105.12288,40.001745],[-105.123021,40.001684],[-105.123044,40.001593],[-105.122959,40.001468],[-105.122903,40.001213],[-105.122923,40.000934],[-105.123019,40.000776],[-105.122978,40.000701],[-105.122877,40.000658],[-105.122767,40.00068],[-105.122699,40.000763],[-105.122775,40.000926],[-105.122748,40.001144],[-105.122328,40.001212],[-105.1222,40.001295],[-105.122102,40.001445],[-105.122032,40.001478],[-105.121729,40.001382],[-105.120443,40.001105],[-105.12,40.001097],[-105.119948,40.001014],[-105.119958,40.000901],[-105.120029,40.000816],[-105.120155,40.000762],[-105.120279,40.000759],[-105.120897,40.000869],[-105.121094,40.00096],[-105.121202,40.000935],[-105.121265,40.000859],[-105.121239,40.000765],[-105.121143,40.000715],[-105.120911,40.000754],[-105.120254,40.000644],[-105.120032,40.000686],[-105.119879,40.000795],[-105.119814,40.000933],[-105.119843,40.001138],[-105.119807,40.00119],[-105.119145,40.001437],[-105.118888,40.001498],[-105.118595,40.001512],[-105.118527,40.001441],[-105.1186,40.001289],[-105.118886,40.001106],[-105.119069,40.000837],[-105.119055,40.000723],[-105.118927,40.000667],[-105.118823,40.000691],[-105.118766,40.000753],[-105.118762,40.000818],[-105.118821,40.000927],[-105.118798,40.001006],[-105.118499,40.001201],[-105.118374,40.001432],[-105.118313,40.001467],[-105.118032,40.001381],[-105.117452,40.001056],[-105.11745,40.000987],[-105.117574,40.000889],[-105.117657,40.000879],[-105.11782,40.000919],[-105.117943,40.000866],[-105.117973,40.000797],[-105.117955,40.000736],[-105.117816,40.000666],[-105.117497,40.000775],[-105.117285,40.000938],[-105.116879,40.000874],[-105.116546,40.000955],[-105.116376,40.001064],[-105.115938,40.001517],[-105.115213,40.001376],[-105.115075,40.001409],[-105.115025,40.001524],[-105.115118,40.001614],[-105.115239,40.001619],[-105.115365,40.001551],[-105.115458,40.001539],[-105.11584,40.001627],[-105.115897,40.001681],[-105.115886,40.002352],[-105.115825,40.002376],[-105.115373,40.002356],[-105.115169,40.002304],[-105.115075,40.002336],[-105.115023,40.002412],[-105.115055,40.0025],[-105.115163,40.002547],[-105.115404,40.002469],[-105.115811,40.00249],[-105.115863,40.002522],[-105.115731,40.003273],[-105.115659,40.003313],[-105.115401,40.003288],[-105.115268,40.003216],[-105.115172,40.003205],[-105.115075,40.003244],[-105.115033,40.003327],[-105.115069,40.003403],[-105.115157,40.003445],[-105.115381,40.003401],[-105.115668,40.003449],[-105.115687,40.003495],[-105.115651,40.003752],[-105.115696,40.003947],[-105.115796,40.004107],[-105.116031,40.004298],[-105.116045,40.004344],[-105.115826,40.004541],[-105.115763,40.00455],[-105.115571,40.004463],[-105.115306,40.004442],[-105.11527,40.004369],[-105.115293,40.004239],[-105.115217,40.004162],[-105.115095,40.004149],[-105.114997,40.004202],[-105.114983,40.004317],[-105.115121,40.004414],[-105.115157,40.004491],[-105.115011,40.004628],[-105.114965,40.004737],[-105.115039,40.005077],[-105.114961,40.005694],[-105.115033,40.00576],[-105.115159,40.005771],[-105.11531,40.005677],[-105.115661,40.005606],[-105.115805,40.005507],[-105.115863,40.005416],[-105.116005,40.004981],[-105.115993,40.004845],[-105.11591,40.004651],[-105.1161,40.004487],[-105.116208,40.004494],[-105.11631,40.00465],[-105.116374,40.004856],[-105.116387,40.005094],[-105.116347,40.005235],[-105.115996,40.00598],[-105.114739,40.006134]]],[[[-105.115081,40.005618],[-105.115169,40.005659],[-105.115173,40.005676],[-105.115069,40.00569],[-105.115047,40.005646],[-105.115081,40.005618]]],[[[-105.115234,40.006945],[-105.115299,40.007],[-105.115226,40.007046],[-105.115167,40.00699],[-105.115234,40.006945]]],[[[-105.115219,40.005567],[-105.115133,40.005499],[-105.115186,40.005042],[-105.115115,40.004727],[-105.115208,40.004632],[-105.115437,40.004566],[-105.115536,40.004571],[-105.115808,40.00478],[-105.115858,40.004898],[-105.115849,40.005029],[-105.11572,40.00539],[-105.115662,40.005463],[-105.115534,40.005525],[-105.115219,40.005567]]],[[[-105.11516,40.004213],[-105.115212,40.004239],[-105.115215,40.004284],[-105.115117,40.004311],[-105.115084,40.00425],[-105.11516,40.004213]]],[[[-105.11518,40.003374],[-105.115134,40.003346],[-105.115136,40.0033],[-105.115236,40.003285],[-105.115255,40.003345],[-105.11518,40.003374]]],[[[-105.115198,40.002376],[-105.115242,40.002403],[-105.115242,40.002449],[-105.11514,40.002465],[-105.115124,40.002401],[-105.115198,40.002376]]],[[[-105.115223,40.001457],[-105.115279,40.001492],[-105.115274,40.001543],[-105.115218,40.00157],[-105.115154,40.001554],[-105.115142,40.001485],[-105.115223,40.001457]]],[[[-105.11601,39.995869],[-105.116453,39.995866],[-105.116452,39.996217],[-105.116249,39.996228],[-105.116099,39.996283],[-105.11578,39.996624],[-105.115694,39.996786],[-105.115647,39.996961],[-105.115667,39.99736],[-105.115347,39.997363],[-105.115219,39.997049],[-105.115294,39.996681],[-105.11601,39.995869]]],[[[-105.118313,40.007292],[-105.118256,40.007239],[-105.118258,40.006835],[-105.1182,40.006754],[-105.118053,40.006734],[-105.117834,40.006855],[-105.117485,40.006817],[-105.117145,40.006668],[-105.116913,40.006432],[-105.11683,40.006241],[-105.116836,40.006128],[-105.117083,40.006062],[-105.117305,40.006081],[-105.117414,40.005984],[-105.117399,40.005903],[-105.117287,40.005801],[-105.11718,40.005578],[-105.117169,40.005472],[-105.117111,40.005409],[-105.116957,40.005399],[-105.116887,40.005442],[-105.116857,40.005503],[-105.116889,40.005585],[-105.117056,40.005659],[-105.117116,40.005736],[-105.11712,40.005851],[-105.117041,40.00594],[-105.116849,40.005994],[-105.116546,40.006024],[-105.116282,40.006016],[-105.116215,40.005963],[-105.116279,40.005748],[-105.116549,40.005187],[-105.116581,40.004998],[-105.116567,40.004819],[-105.116501,40.004607],[-105.116381,40.004413],[-105.115903,40.003975],[-105.115842,40.003837],[-105.115832,40.003679],[-105.115873,40.003494],[-105.115966,40.00346],[-105.116131,40.003509],[-105.116269,40.003597],[-105.116348,40.003692],[-105.116363,40.003819],[-105.116433,40.003879],[-105.116584,40.003882],[-105.116673,40.003797],[-105.116666,40.003729],[-105.116622,40.00368],[-105.116478,40.003626],[-105.116236,40.003428],[-105.115949,40.003336],[-105.115912,40.003274],[-105.116074,40.002451],[-105.116064,40.001764],[-105.116101,40.001721],[-105.11617,40.001708],[-105.116364,40.001764],[-105.11655,40.001917],[-105.116599,40.002068],[-105.116552,40.002302],[-105.116562,40.002593],[-105.116486,40.002719],[-105.116483,40.002781],[-105.116545,40.002852],[-105.116633,40.002875],[-105.116741,40.002849],[-105.116798,40.002787],[-105.116797,40.002714],[-105.11671,40.002594],[-105.116699,40.002316],[-105.116746,40.002058],[-105.11668,40.00183],[-105.116831,40.001702],[-105.117041,40.001648],[-105.117088,40.001584],[-105.117081,40.00151],[-105.116983,40.001436],[-105.116851,40.001444],[-105.116781,40.001497],[-105.116728,40.001618],[-105.116567,40.001711],[-105.116218,40.001597],[-105.116167,40.001533],[-105.116526,40.001143],[-105.116752,40.001033],[-105.116937,40.001013],[-105.117161,40.001062],[-105.117988,40.001554],[-105.118188,40.001621],[-105.118224,40.001661],[-105.118194,40.001762],[-105.11753,40.001752],[-105.117246,40.002038],[-105.117033,40.00473],[-105.118581,40.006589],[-105.119158,40.006732],[-105.119206,40.006702],[-105.119434,40.006839],[-105.119134,40.007077],[-105.118907,40.007197],[-105.118623,40.007277],[-105.118313,40.007292]]],[[[-105.117561,40.007293],[-105.117274,40.00725],[-105.117003,40.007167],[-105.116585,40.00692],[-105.116425,40.006757],[-105.116295,40.006557],[-105.116213,40.00632],[-105.116211,40.006161],[-105.116276,40.00613],[-105.116641,40.00615],[-105.116737,40.006405],[-105.11685,40.006577],[-105.117017,40.006731],[-105.117219,40.006848],[-105.117516,40.006942],[-105.11803,40.006963],[-105.118103,40.007006],[-105.118108,40.007231],[-105.118066,40.007286],[-105.117561,40.007293]]],[[[-105.122097,39.994985],[-105.122033,39.994923],[-105.122141,39.994629],[-105.122105,39.994166],[-105.121945,39.994166],[-105.121981,39.994644],[-105.121929,39.994798],[-105.121818,39.994939],[-105.121565,39.994864],[-105.121171,39.994608],[-105.120871,39.994491],[-105.12087,39.993386],[-105.120912,39.993114],[-105.120869,39.992925],[-105.12091,39.992872],[-105.121051,39.99286],[-105.121142,39.992792],[-105.121136,39.992687],[-105.121041,39.992627],[-105.12089,39.992648],[-105.120814,39.992771],[-105.120756,39.992795],[-105.12041,39.992702],[-105.119333,39.992712],[-105.119096,39.99277],[-105.11896,39.992859],[-105.118871,39.992979],[-105.118758,39.993465],[-105.11866,39.993643],[-105.118476,39.993801],[-105.11828,39.993891],[-105.118198,39.99388],[-105.11808,39.993732],[-105.118326,39.993433],[-105.118423,39.993229],[-105.118467,39.992988],[-105.118446,39.992933],[-105.118468,39.992358],[-105.118546,39.992359],[-105.118546,39.992391],[-105.12234,39.992367],[-105.122321,39.994147],[-105.123259,39.994144],[-105.123582,39.994155],[-105.122776,39.994821],[-105.122446,39.994949],[-105.122097,39.994985]],[[-105.12209,39.994151],[-105.121963,39.993627],[-105.121958,39.993501],[-105.122022,39.993386],[-105.122223,39.993323],[-105.122296,39.993211],[-105.122243,39.993113],[-105.12214,39.993071],[-105.122023,39.993094],[-105.121957,39.99315],[-105.121809,39.993518],[-105.121944,39.994152],[-105.12209,39.994151]],[[-105.122963,39.994147],[-105.122815,39.994148],[-105.122861,39.994148],[-105.122963,39.994147]]],[[[-105.118953,39.996827],[-105.119578,39.997344],[-105.115827,39.997359],[-105.115802,39.997122],[-105.115858,39.997077],[-105.118462,39.997063],[-105.118646,39.997013],[-105.118953,39.996827]]],[[[-105.115877,39.996951],[-105.115819,39.996893],[-105.115901,39.996702],[-105.11614,39.99642],[-105.116271,39.996353],[-105.116974,39.996331],[-105.117359,39.996189],[-105.117418,39.996212],[-105.117644,39.996483],[-105.117763,39.996507],[-105.117871,39.996461],[-105.1179,39.99639],[-105.117875,39.996316],[-105.11761,39.996218],[-105.117248,39.995745],[-105.117257,39.995583],[-105.117413,39.995461],[-105.117479,39.995481],[-105.118812,39.996704],[-105.118794,39.996745],[-105.118581,39.996896],[-105.118438,39.996942],[-105.115877,39.996951]]],[[[-105.1165,40.003822],[-105.116455,40.003798],[-105.116451,40.003753],[-105.116495,40.003723],[-105.116553,40.003733],[-105.116574,40.003792],[-105.1165,40.003822]]],[[[-105.116651,40.002702],[-105.116706,40.002762],[-105.116618,40.0028],[-105.116578,40.002739],[-105.116651,40.002702]]],[[[-105.117036,40.005462],[-105.117079,40.005492],[-105.117077,40.005534],[-105.116978,40.005549],[-105.116962,40.005487],[-105.117036,40.005462]]],[[[-105.116908,40.001605],[-105.116859,40.001575],[-105.116862,40.001527],[-105.116914,40.001498],[-105.116972,40.001512],[-105.116986,40.001576],[-105.116908,40.001605]]],[[[-105.117272,40.005913],[-105.117315,40.00594],[-105.117311,40.005988],[-105.117261,40.006014],[-105.117201,40.005999],[-105.117272,40.005913]]],[[[-105.117286,39.995299],[-105.117297,39.995358],[-105.11713,39.995508],[-105.117077,39.995669],[-105.117104,39.995797],[-105.117265,39.996018],[-105.117265,39.996066],[-105.117052,39.99618],[-105.116945,39.996208],[-105.116896,39.996214],[-105.116874,39.996215],[-105.116867,39.996215],[-105.116864,39.996216],[-105.11685,39.996216],[-105.116882,39.996214],[-105.116664,39.99541],[-105.117104,39.99513],[-105.117286,39.995299]]],[[[-105.118524,39.996343],[-105.117139,39.995068],[-105.11717,39.994992],[-105.117564,39.994827],[-105.119113,39.995909],[-105.118706,39.996213],[-105.118775,39.996276],[-105.119189,39.995963],[-105.119841,39.996447],[-105.119704,39.996733],[-105.119686,39.996949],[-105.119462,39.997077],[-105.119704,39.99726],[-105.119639,39.997305],[-105.118524,39.996343]],[[-105.118913,39.996402],[-105.117599,39.995215],[-105.117425,39.995229],[-105.11915,39.996783],[-105.119187,39.996637],[-105.118913,39.996402]]],[[[-105.118044,40.006851],[-105.118036,40.006828],[-105.118086,40.006802],[-105.118159,40.006836],[-105.118044,40.006851]]],[[[-105.117822,40.000741],[-105.117868,40.00077],[-105.11787,40.00081],[-105.117825,40.000842],[-105.117768,40.000833],[-105.117745,40.000773],[-105.117822,40.000741]]],[[[-105.118097,40.001473],[-105.118235,40.001517],[-105.118245,40.001533],[-105.118075,40.001497],[-105.118097,40.001473]]],[[[-105.120941,39.995857],[-105.118258,39.994689],[-105.117779,39.994384],[-105.118178,39.994205],[-105.118088,39.994124],[-105.118617,39.993873],[-105.11876,39.993753],[-105.118905,39.993573],[-105.119623,39.993552],[-105.119689,39.993602],[-105.119682,39.993903],[-105.119487,39.994517],[-105.119305,39.99456],[-105.119214,39.994549],[-105.118795,39.994364],[-105.118715,39.994265],[-105.118619,39.994223],[-105.118459,39.994272],[-105.11843,39.994338],[-105.118449,39.994402],[-105.118542,39.99446],[-105.118727,39.994476],[-105.119193,39.994674],[-105.119537,39.994651],[-105.119737,39.994789],[-105.11992,39.994838],[-105.120101,39.994826],[-105.120639,39.99465],[-105.120911,39.994653],[-105.121085,39.994714],[-105.121373,39.994914],[-105.121734,39.995083],[-105.121731,39.995128],[-105.121668,39.995183],[-105.121472,39.995261],[-105.121091,39.99532],[-105.120895,39.995242],[-105.120772,39.995254],[-105.120702,39.995314],[-105.120694,39.995385],[-105.120743,39.995451],[-105.120829,39.995482],[-105.121618,39.995353],[-105.12179,39.995264],[-105.121958,39.995105],[-105.122333,39.995098],[-105.12272,39.994998],[-105.122254,39.995353],[-105.121906,39.995568],[-105.120941,39.995857]]],[[[-105.118376,40.004175],[-105.118479,40.002506],[-105.118456,40.002448],[-105.118587,40.00256],[-105.119095,40.002873],[-105.119137,40.002931],[-105.119125,40.003012],[-105.118999,40.003122],[-105.118927,40.00324],[-105.118903,40.003606],[-105.119,40.003877],[-105.119332,40.004191],[-105.11944,40.004403],[-105.119436,40.004598],[-105.119287,40.004938],[-105.119265,40.00507],[-105.119368,40.005426],[-105.11932,40.005596],[-105.119422,40.00569],[-105.119561,40.005683],[-105.119632,40.005596],[-105.119614,40.005522],[-105.119529,40.005432],[-105.119413,40.005088],[-105.119436,40.004953],[-105.119574,40.004655],[-105.119628,40.0046],[-105.119836,40.004586],[-105.120104,40.004682],[-105.120289,40.004812],[-105.120314,40.004874],[-105.120291,40.005033],[-105.120345,40.005089],[-105.120427,40.005113],[-105.120646,40.005028],[-105.120957,40.005025],[-105.121408,40.00491],[-105.122017,40.004805],[-105.12222,40.004735],[-105.122425,40.004744],[-105.122539,40.004653],[-105.12249,40.004475],[-105.122585,40.004187],[-105.122603,40.004016],[-105.122686,40.003886],[-105.122653,40.003802],[-105.122565,40.003757],[-105.122366,40.003779],[-105.121052,40.00366],[-105.120722,40.003587],[-105.119953,40.003338],[-105.119772,40.003232],[-105.11932,40.002862],[-105.118629,40.002425],[-105.118517,40.002296],[-105.118434,40.002105],[-105.118536,40.002077],[-105.118943,40.002132],[-105.120084,40.002871],[-105.121183,40.003305],[-105.123054,40.003459],[-105.123204,40.003564],[-105.12321,40.003691],[-105.12313,40.003826],[-105.123143,40.004129],[-105.123019,40.004599],[-105.123076,40.004842],[-105.122703,40.005021],[-105.122459,40.005088],[-105.121823,40.005211],[-105.121563,40.005329],[-105.121475,40.005277],[-105.119563,40.005716],[-105.119533,40.005796],[-105.11905,40.005802],[-105.118728,40.005113],[-105.118603,40.004567],[-105.118376,40.004175]]],[[[-105.118359,40.001636],[-105.118323,40.00176],[-105.11829,40.001763],[-105.11833,40.001644],[-105.118359,40.001636]]],[[[-105.118415,40.001754],[-105.118502,40.001688],[-105.118827,40.001677],[-105.118979,40.001643],[-105.120063,40.001254],[-105.120364,40.001232],[-105.120827,40.001343],[-105.12084,40.001393],[-105.120747,40.001699],[-105.120642,40.001726],[-105.120289,40.00165],[-105.120159,40.001547],[-105.120052,40.001521],[-105.119912,40.001595],[-105.1199,40.001669],[-105.119939,40.001733],[-105.120019,40.00177],[-105.120209,40.001751],[-105.120541,40.001828],[-105.121446,40.001962],[-105.121593,40.002021],[-105.121664,40.002113],[-105.121744,40.002151],[-105.121839,40.00215],[-105.12192,40.002102],[-105.121945,40.002003],[-105.121853,40.001916],[-105.121664,40.001911],[-105.120889,40.001735],[-105.120871,40.00168],[-105.120944,40.001426],[-105.121055,40.001379],[-105.12168,40.001512],[-105.121916,40.001597],[-105.122122,40.001729],[-105.122455,40.002044],[-105.122865,40.002259],[-105.122696,40.002252],[-105.122508,40.002333],[-105.121932,40.002459],[-105.121635,40.002422],[-105.118784,40.001749],[-105.118415,40.001754]]],[[[-105.118764,40.001567],[-105.118756,40.001601],[-105.118589,40.001588],[-105.118609,40.001569],[-105.118764,40.001567]]],[[[-105.118902,40.00084],[-105.11886,40.000816],[-105.118857,40.000769],[-105.118899,40.000741],[-105.118962,40.000752],[-105.118977,40.000814],[-105.118902,40.00084]]],[[[-105.120805,40.00491],[-105.120612,40.004855],[-105.120105,40.004532],[-105.119695,40.004445],[-105.119615,40.004401],[-105.119482,40.004154],[-105.119191,40.003891],[-105.119093,40.003738],[-105.119062,40.003599],[-105.119076,40.003318],[-105.119143,40.003187],[-105.119252,40.00311],[-105.119385,40.003105],[-105.119834,40.003429],[-105.120675,40.003707],[-105.12114,40.003798],[-105.122222,40.003873],[-105.122347,40.003928],[-105.122419,40.004007],[-105.12244,40.004119],[-105.122354,40.004398],[-105.12228,40.004509],[-105.122136,40.004624],[-105.121957,40.004693],[-105.120805,40.00491]]],[[[-105.119005,39.993438],[-105.11894,39.993383],[-105.119023,39.993021],[-105.119119,39.992908],[-105.119264,39.992846],[-105.120435,39.992827],[-105.120638,39.992899],[-105.120748,39.993053],[-105.120707,39.99339],[-105.12066,39.993432],[-105.119005,39.993438]]],[[[-105.119686,39.997443],[-105.119958,39.997665],[-105.120384,39.997839],[-105.120418,39.997887],[-105.120251,39.998162],[-105.120175,39.998388],[-105.12016,39.999517],[-105.120092,39.999568],[-105.11987,39.999566],[-105.119871,39.999666],[-105.120811,39.999671],[-105.120985,39.999604],[-105.121048,39.999492],[-105.121066,39.998834],[-105.121402,39.998312],[-105.121493,39.998275],[-105.121952,39.998439],[-105.121979,39.998485],[-105.121975,39.998604],[-105.122061,39.998678],[-105.122183,39.998691],[-105.122354,39.998623],[-105.122865,39.998836],[-105.122909,39.998886],[-105.122845,39.999067],[-105.122838,39.999277],[-105.122791,39.99931],[-105.121877,39.999316],[-105.121762,39.999404],[-105.121757,39.999467],[-105.121795,39.999527],[-105.121962,39.999574],[-105.122212,39.999425],[-105.12279,39.999425],[-105.122835,39.999458],[-105.12285,39.999616],[-105.12285,39.999581],[-105.122937,39.999661],[-105.123079,39.999659],[-105.123149,39.999603],[-105.123161,39.999523],[-105.123113,39.999457],[-105.122974,39.999375],[-105.122959,39.999165],[-105.123004,39.998957],[-105.123123,39.998923],[-105.12331,39.999047],[-105.123674,39.999403],[-105.123454,39.999712],[-105.123432,40.000016],[-105.119774,40.000023],[-105.11977,40.00009],[-105.119662,40.00009],[-105.119686,39.997443]]],[[[-105.122615,40.008744],[-105.122962,40.008707],[-105.123155,40.008743],[-105.123231,40.008709],[-105.123273,40.008644],[-105.123256,40.008542],[-105.123401,40.008018],[-105.123396,40.007833],[-105.123319,40.007664],[-105.122936,40.007203],[-105.122604,40.006939],[-105.122544,40.006856],[-105.122455,40.006824],[-105.122319,40.006855],[-105.122242,40.006985],[-105.122134,40.007034],[-105.121973,40.007066],[-105.121814,40.007052],[-105.121676,40.006834],[-105.121434,40.006631],[-105.121531,40.006493],[-105.121693,40.006477],[-105.121785,40.006419],[-105.121794,40.006314],[-105.121706,40.006247],[-105.121604,40.006241],[-105.121527,40.006274],[-105.121301,40.006561],[-105.121238,40.00659],[-105.120945,40.006575],[-105.120218,40.006652],[-105.120192,40.006385],[-105.120885,40.006064],[-105.120869,40.006046],[-105.120921,40.006021],[-105.120899,40.005995],[-105.121142,40.005977],[-105.12138,40.005857],[-105.121652,40.005644],[-105.121848,40.005791],[-105.122279,40.006221],[-105.123178,40.00683],[-105.123966,40.00778],[-105.123661,40.008844],[-105.123566,40.008987],[-105.12278,40.009164],[-105.122478,40.008854],[-105.1225,40.008785],[-105.122615,40.008744]]],[[[-105.120046,40.001698],[-105.119999,40.00167],[-105.120002,40.00162],[-105.120104,40.001605],[-105.120122,40.001665],[-105.120046,40.001698]]],[[[-105.123817,39.999676],[-105.123903,39.999581],[-105.123964,39.99956],[-105.124438,39.999669],[-105.124759,39.999683],[-105.124951,39.999659],[-105.125253,39.999519],[-105.125509,39.999214],[-105.125901,39.99931],[-105.126191,39.999301],[-105.127218,39.99888],[-105.127355,39.998774],[-105.127416,39.99865],[-105.127424,39.998189],[-105.127397,39.998079],[-105.127459,39.997972],[-105.127453,39.997899],[-105.12739,39.997834],[-105.127291,39.997807],[-105.127127,39.997851],[-105.126887,39.997822],[-105.126336,39.997883],[-105.125505,39.997831],[-105.124564,39.99788],[-105.123934,39.997791],[-105.123778,39.997797],[-105.123628,39.997848],[-105.123516,39.997932],[-105.123355,39.998263],[-105.12304,39.998671],[-105.12295,39.998702],[-105.12255,39.998547],[-105.122345,39.998412],[-105.122667,39.997886],[-105.122787,39.997775],[-105.122787,39.997691],[-105.122716,39.997626],[-105.122591,39.997615],[-105.122493,39.997673],[-105.122475,39.99774],[-105.122508,39.997896],[-105.122222,39.998319],[-105.12214,39.998346],[-105.121559,39.998122],[-105.12156,39.998068],[-105.121691,39.997862],[-105.121812,39.99774],[-105.121806,39.99767],[-105.121734,39.997605],[-105.121632,39.997589],[-105.121535,39.997634],[-105.121499,39.997713],[-105.121524,39.997885],[-105.121421,39.998028],[-105.121328,39.998053],[-105.120823,39.99785],[-105.120797,39.997809],[-105.120811,39.997677],[-105.120733,39.997599],[-105.120581,39.997585],[-105.120453,39.997679],[-105.120385,39.997686],[-105.120049,39.997543],[-105.11979,39.99731],[-105.120036,39.99711],[-105.120315,39.997022],[-105.122103,39.99701],[-105.122268,39.996965],[-105.122364,39.996885],[-105.122411,39.996783],[-105.122431,39.996044],[-105.122578,39.995886],[-105.122902,39.995674],[-105.122971,39.995692],[-105.123061,39.995782],[-105.123177,39.99597],[-105.1232,39.99609],[-105.123192,39.996626],[-105.123301,39.996837],[-105.123467,39.996948],[-105.123678,39.997002],[-105.123918,39.99699],[-105.124111,39.996915],[-105.124243,39.996796],[-105.124309,39.996635],[-105.12428,39.995299],[-105.1242,39.995188],[-105.124068,39.995106],[-105.123573,39.995008],[-105.123525,39.99482],[-105.123446,39.994696],[-105.123373,39.994629],[-105.123308,39.994671],[-105.123187,39.994583],[-105.123582,39.994265],[-105.123793,39.994172],[-105.124769,39.994154],[-105.124753,39.997315],[-105.123226,39.997318],[-105.123226,39.997494],[-105.127813,39.997505],[-105.12781,40.000016],[-105.123754,40.000019],[-105.123762,39.999802],[-105.123817,39.999676]]],[[[-105.119942,39.994716],[-105.119763,39.994655],[-105.119697,39.994586],[-105.119668,39.994497],[-105.119821,39.993996],[-105.119853,39.993582],[-105.119918,39.993549],[-105.120684,39.993569],[-105.120709,39.993603],[-105.120702,39.994493],[-105.12008,39.994701],[-105.119942,39.994716]]],[[[-105.120576,39.996888],[-105.120666,39.996888],[-105.120196,39.996915],[-105.11986,39.997054],[-105.119999,39.996649],[-105.120188,39.996609],[-105.120577,39.996845],[-105.120576,39.996888]]],[[[-105.12043,40.005037],[-105.120381,40.004979],[-105.120457,40.004906],[-105.120538,40.004965],[-105.12043,40.005037]]],[[[-105.120386,39.999546],[-105.12032,39.999486],[-105.120291,39.998528],[-105.12034,39.998343],[-105.120437,39.998144],[-105.120555,39.997967],[-105.120645,39.997942],[-105.121226,39.998171],[-105.121263,39.998232],[-105.120977,39.998658],[-105.120907,39.998815],[-105.120876,39.999515],[-105.120807,39.99955],[-105.120386,39.999546]]],[[[-105.127747,40.022721],[-105.127584,40.022691],[-105.127526,40.022649],[-105.127565,40.022558],[-105.127697,40.022416],[-105.127673,40.02234],[-105.127585,40.022287],[-105.127483,40.022288],[-105.1274,40.022338],[-105.127374,40.022397],[-105.127397,40.022533],[-105.12733,40.022584],[-105.126726,40.022385],[-105.125936,40.022443],[-105.125665,40.022432],[-105.125005,40.022339],[-105.124965,40.021977],[-105.130285,40.021965],[-105.130361,40.021848],[-105.126971,40.021896],[-105.125782,40.021853],[-105.124958,40.021869],[-105.121698,40.021025],[-105.1217,40.017065],[-105.122082,40.01675],[-105.122511,40.016567],[-105.122727,40.016278],[-105.122717,40.016108],[-105.123151,40.016114],[-105.123158,40.016395],[-105.123022,40.016659],[-105.122805,40.01684],[-105.122375,40.017044],[-105.122203,40.017228],[-105.122146,40.017478],[-105.122175,40.017603],[-105.122248,40.017728],[-105.122356,40.017831],[-105.122515,40.017921],[-105.122834,40.017986],[-105.123304,40.017924],[-105.123872,40.017911],[-105.124349,40.017758],[-105.124464,40.01784],[-105.124536,40.017992],[-105.124688,40.018022],[-105.124792,40.017956],[-105.124796,40.017857],[-105.124727,40.017796],[-105.124576,40.017748],[-105.124494,40.017648],[-105.124688,40.0174],[-105.124777,40.017143],[-105.12477,40.016902],[-105.124597,40.016286],[-105.124801,40.015741],[-105.124903,40.01571],[-105.125573,40.015892],[-105.125646,40.015962],[-105.125675,40.016041],[-105.12568,40.016303],[-105.125618,40.016424],[-105.125632,40.016496],[-105.125703,40.016552],[-105.125811,40.016563],[-105.125901,40.01652],[-105.125936,40.016449],[-105.125841,40.016286],[-105.125806,40.015937],[-105.125725,40.015834],[-105.125596,40.015757],[-105.124528,40.01549],[-105.124204,40.015454],[-105.123751,40.01551],[-105.123197,40.015737],[-105.123126,40.015739],[-105.122903,40.015579],[-105.122681,40.015476],[-105.122433,40.015414],[-105.122061,40.015376],[-105.122035,40.015332],[-105.122034,40.014903],[-105.126375,40.014897],[-105.126399,40.017078],[-105.12673,40.017079],[-105.126728,40.017352],[-105.126697,40.017473],[-105.12645,40.017823],[-105.126393,40.017959],[-105.126385,40.018704],[-105.126044,40.018802],[-105.125544,40.019069],[-105.125301,40.018843],[-105.12528,40.01871],[-105.125235,40.018648],[-105.125114,40.018606],[-105.125,40.018633],[-105.124931,40.018717],[-105.124952,40.018813],[-105.12518,40.018923],[-105.125383,40.019159],[-105.125108,40.019342],[-105.124905,40.019529],[-105.124856,40.019531],[-105.123729,40.019052],[-105.123712,40.019008],[-105.12374,40.018964],[-105.123902,40.018883],[-105.123953,40.018808],[-105.123932,40.018716],[-105.123834,40.018654],[-105.123725,40.018652],[-105.123632,40.018701],[-105.123597,40.018772],[-105.1236,40.018899],[-105.123519,40.018958],[-105.122777,40.01868],[-105.122424,40.018675],[-105.122224,40.018766],[-105.122135,40.018936],[-105.122127,40.020407],[-105.122202,40.020626],[-105.122367,40.020789],[-105.122595,40.020891],[-105.124013,40.02126],[-105.124316,40.021279],[-105.124651,40.021168],[-105.125233,40.020694],[-105.125754,40.020364],[-105.126314,40.02094],[-105.125771,40.021332],[-105.125588,40.021364],[-105.125506,40.021412],[-105.125471,40.021488],[-105.125493,40.02156],[-105.125567,40.021615],[-105.125653,40.021631],[-105.125773,40.021594],[-105.125862,40.021432],[-105.126425,40.021063],[-105.126796,40.021381],[-105.126967,40.02146],[-105.127166,40.021503],[-105.129951,40.021494],[-105.130099,40.021426],[-105.130162,40.021311],[-105.130152,40.020946],[-105.130031,40.02069],[-105.130543,40.020639],[-105.130867,40.020641],[-105.13085,40.022252],[-105.130477,40.022265],[-105.130023,40.02235],[-105.129368,40.022421],[-105.128936,40.022565],[-105.128839,40.022497],[-105.1288,40.022328],[-105.128637,40.022284],[-105.128541,40.022333],[-105.128512,40.022414],[-105.128552,40.022486],[-105.128712,40.022576],[-105.128733,40.022621],[-105.128698,40.022667],[-105.128516,40.022708],[-105.127747,40.022721]]],[[[-105.1206,39.99782],[-105.120546,39.997794],[-105.120536,39.997743],[-105.120598,39.997666],[-105.120691,39.997672],[-105.120714,39.997739],[-105.120668,39.997802],[-105.1206,39.99782]]],[[[-105.121904,40.014906],[-105.121925,40.014927],[-105.121925,40.015331],[-105.121892,40.015352],[-105.12186,40.015328],[-105.121861,40.014926],[-105.121904,40.014906]]],[[[-105.121108,40.000786],[-105.121154,40.000804],[-105.121167,40.000846],[-105.121077,40.000881],[-105.121038,40.000824],[-105.121108,40.000786]]],[[[-105.123205,39.994694],[-105.123287,39.994742],[-105.123365,39.99486],[-105.123389,39.994965],[-105.123369,39.995082],[-105.123148,39.995325],[-105.122431,39.995822],[-105.122317,39.99594],[-105.122254,39.996111],[-105.122254,39.996749],[-105.122217,39.996828],[-105.122078,39.996883],[-105.120855,39.996885],[-105.120856,39.996568],[-105.121691,39.996549],[-105.121695,39.995822],[-105.12203,39.995716],[-105.122197,39.995567],[-105.122951,39.995056],[-105.123007,39.994992],[-105.123057,39.994785],[-105.123205,39.994694]]],[[[-105.121698,40.011064],[-105.12168,40.009888],[-105.121957,40.009684],[-105.122715,40.009363],[-105.122366,40.009653],[-105.122312,40.009759],[-105.122278,40.010003],[-105.122209,40.010154],[-105.122069,40.01033],[-105.121858,40.010397],[-105.121823,40.010519],[-105.121869,40.010584],[-105.121952,40.010621],[-105.122052,40.01062],[-105.122144,40.01057],[-105.12218,40.010491],[-105.122151,40.01037],[-105.122338,40.010098],[-105.122432,40.009706],[-105.122759,40.009441],[-105.12288,40.009432],[-105.122972,40.009507],[-105.12245,40.009828],[-105.12244,40.010163],[-105.123219,40.010816],[-105.123249,40.011059],[-105.121698,40.011064]]],[[[-105.124185,40.021159],[-105.122608,40.020761],[-105.122473,40.020695],[-105.122365,40.020596],[-105.122287,40.020394],[-105.122289,40.019638],[-105.122311,40.019604],[-105.122642,40.019631],[-105.122953,40.019746],[-105.123137,40.019872],[-105.123174,40.020036],[-105.123266,40.020106],[-105.123443,40.020092],[-105.123497,40.020045],[-105.123519,40.019974],[-105.123459,40.019877],[-105.123298,40.019821],[-105.122937,40.019592],[-105.122652,40.019504],[-105.122301,40.019456],[-105.122295,40.018938],[-105.122356,40.018835],[-105.122489,40.018793],[-105.122833,40.01882],[-105.124761,40.01963],[-105.125249,40.019896],[-105.125628,40.02022],[-105.125618,40.02027],[-105.125056,40.020643],[-105.124547,40.020352],[-105.124419,40.020224],[-105.124315,40.020209],[-105.124215,40.020243],[-105.124154,40.020341],[-105.124213,40.020447],[-105.124572,40.020503],[-105.124922,40.020759],[-105.124535,40.02108],[-105.124366,40.021144],[-105.124185,40.021159]]],[[[-105.121628,40.006409],[-105.121578,40.00638],[-105.121582,40.006335],[-105.121685,40.006321],[-105.1217,40.006382],[-105.121628,40.006409]]],[[[-105.122818,40.017864],[-105.12255,40.017795],[-105.122364,40.017635],[-105.122314,40.017521],[-105.122307,40.017407],[-105.122406,40.017203],[-105.122537,40.017102],[-105.123051,40.016846],[-105.123276,40.016934],[-105.123359,40.017039],[-105.123437,40.017081],[-105.123568,40.017069],[-105.123644,40.016986],[-105.123634,40.016916],[-105.123582,40.016864],[-105.123358,40.016828],[-105.123183,40.016726],[-105.123296,40.016495],[-105.123335,40.016319],[-105.123316,40.016078],[-105.123244,40.015908],[-105.123259,40.015861],[-105.123675,40.015668],[-105.123947,40.015596],[-105.124302,40.015582],[-105.124622,40.015652],[-105.124641,40.015714],[-105.124439,40.016261],[-105.124628,40.017023],[-105.124593,40.017247],[-105.124474,40.017453],[-105.12424,40.017649],[-105.123951,40.017768],[-105.123679,40.017808],[-105.123266,40.017804],[-105.122818,40.017864]]],[[[-105.121978,40.01057],[-105.121908,40.010531],[-105.121903,40.010467],[-105.121968,40.010422],[-105.122056,40.010435],[-105.122087,40.010523],[-105.121978,40.01057]]],[[[-105.12184,40.007991],[-105.121824,40.00723],[-105.121878,40.007194],[-105.122146,40.007161],[-105.122478,40.007045],[-105.12256,40.00707],[-105.122842,40.007313],[-105.123176,40.007724],[-105.123182,40.007769],[-105.123137,40.007814],[-105.123043,40.007826],[-105.122382,40.007755],[-105.122265,40.007829],[-105.122278,40.00794],[-105.122344,40.007986],[-105.122438,40.007998],[-105.122603,40.007905],[-105.122733,40.007901],[-105.123169,40.00793],[-105.123242,40.007996],[-105.12307,40.008551],[-105.122612,40.008617],[-105.122361,40.008688],[-105.122298,40.008663],[-105.122006,40.008337],[-105.12184,40.007991]]],[[[-105.121767,40.002074],[-105.12172,40.002048],[-105.121716,40.002006],[-105.12176,40.001973],[-105.121818,40.001981],[-105.12184,40.002044],[-105.121767,40.002074]]],[[[-105.121666,39.997665],[-105.121711,39.997686],[-105.121717,39.997728],[-105.12163,39.997755],[-105.121601,39.997693],[-105.121666,39.997665]]],[[[-105.122433,40.007825],[-105.122479,40.00785],[-105.122479,40.007897],[-105.122426,40.007925],[-105.12237,40.007909],[-105.12236,40.007851],[-105.122433,40.007825]]],[[[-105.122414,40.004588],[-105.122441,40.004624],[-105.122419,40.004663],[-105.122361,40.004673],[-105.122329,40.004644],[-105.122414,40.004588]]],[[[-105.122126,39.998623],[-105.122051,39.998564],[-105.122096,39.998498],[-105.12223,39.998555],[-105.122202,39.998607],[-105.122126,39.998623]]],[[[-105.122528,40.00383],[-105.122587,40.003878],[-105.122528,40.003926],[-105.122466,40.003857],[-105.122528,40.00383]]],[[[-105.124643,40.022059],[-105.124812,40.022356],[-105.124458,40.022531],[-105.124213,40.022702],[-105.12419,40.022762],[-105.124209,40.022823],[-105.124326,40.022887],[-105.123838,40.022888],[-105.123716,40.022667],[-105.123715,40.022583],[-105.123767,40.022463],[-105.124037,40.022277],[-105.124643,40.022059]]],[[[-105.122647,39.997688],[-105.12269,39.997713],[-105.12269,39.997755],[-105.122593,39.997769],[-105.122577,39.997716],[-105.122647,39.997688]]],[[[-105.122898,40.001568],[-105.122945,40.001595],[-105.122945,40.001641],[-105.122844,40.001659],[-105.122824,40.001597],[-105.122898,40.001568]]],[[[-105.122867,40.000732],[-105.122913,40.000759],[-105.122914,40.000799],[-105.122817,40.000816],[-105.1228,40.00076],[-105.122867,40.000732]]],[[[-105.125173,40.009156],[-105.125246,40.009144],[-105.12558,40.009216],[-105.125714,40.009206],[-105.125902,40.009097],[-105.12594,40.008957],[-105.12586,40.008854],[-105.125648,40.00877],[-105.125516,40.008755],[-105.125399,40.008784],[-105.124689,40.009459],[-105.124166,40.009784],[-105.123694,40.009701],[-105.12338,40.009575],[-105.123429,40.009522],[-105.124174,40.009337],[-105.125086,40.008508],[-105.125606,40.008355],[-105.126603,40.00873],[-105.126683,40.008987],[-105.125549,40.009783],[-105.125542,40.010274],[-105.125042,40.010033],[-105.125087,40.009905],[-105.12506,40.009768],[-105.124981,40.009662],[-105.124799,40.009529],[-105.125173,40.009156]]],[[[-105.122977,39.999609],[-105.122921,39.999579],[-105.122914,39.999521],[-105.122969,39.999481],[-105.123042,39.99949],[-105.123072,39.999571],[-105.122977,39.999609]]],[[[-105.123811,40.009873],[-105.124316,40.009957],[-105.124703,40.010059],[-105.125486,40.010405],[-105.125476,40.010429],[-105.125162,40.010311],[-105.124368,40.010244],[-105.123514,40.009786],[-105.123811,40.009873]]],[[[-105.124378,40.022887],[-105.124503,40.022807],[-105.124509,40.022698],[-105.124545,40.02264],[-105.124819,40.022488],[-105.124927,40.022461],[-105.125832,40.022568],[-105.126715,40.022509],[-105.127539,40.022811],[-105.127759,40.022844],[-105.128599,40.022824],[-105.129404,40.022541],[-105.130051,40.022471],[-105.130512,40.022385],[-105.130849,40.022376],[-105.130847,40.02286],[-105.124378,40.022887]]],[[[-105.124714,39.999558],[-105.12432,39.999528],[-105.123981,39.999409],[-105.123596,39.999121],[-105.123406,39.998922],[-105.123195,39.998795],[-105.123181,39.998732],[-105.12333,39.998518],[-105.123395,39.998493],[-105.124176,39.998776],[-105.124361,39.998783],[-105.124949,39.998718],[-105.125163,39.998627],[-105.125319,39.998474],[-105.125378,39.998317],[-105.125357,39.998041],[-105.125395,39.997981],[-105.125829,39.99797],[-105.126252,39.998033],[-105.126306,39.998479],[-105.126242,39.998617],[-105.1261,39.998696],[-105.125826,39.998723],[-105.125639,39.998797],[-105.125515,39.998905],[-105.125147,39.999423],[-105.124955,39.999527],[-105.124714,39.999558]]],[[[-105.123712,39.99688],[-105.123516,39.996828],[-105.123383,39.996693],[-105.123337,39.99596],[-105.123252,39.995785],[-105.123068,39.995582],[-105.123084,39.995538],[-105.123267,39.995414],[-105.123552,39.995137],[-105.124017,39.995222],[-105.124106,39.995285],[-105.124146,39.995372],[-105.124144,39.996663],[-105.124093,39.996753],[-105.123999,39.996828],[-105.123869,39.996873],[-105.123712,39.99688]]],[[[-105.123761,39.999511],[-105.123778,39.999543],[-105.123648,39.999737],[-105.123624,39.999997],[-105.123587,40.000018],[-105.123561,39.999995],[-105.123584,39.999726],[-105.123669,39.999576],[-105.123761,39.999511]]],[[[-105.124535,40.001458],[-105.124245,40.00161],[-105.123736,40.001686],[-105.123676,40.001375],[-105.124048,40.001295],[-105.124385,40.001133],[-105.124602,40.001111],[-105.124844,40.001183],[-105.125264,40.00149],[-105.125415,40.001526],[-105.125592,40.001513],[-105.12631,40.001106],[-105.126658,40.000765],[-105.126822,40.000689],[-105.12685,40.000571],[-105.126749,40.00049],[-105.126602,40.000509],[-105.126543,40.000576],[-105.126526,40.000741],[-105.126227,40.001029],[-105.125631,40.001391],[-105.125435,40.00143],[-105.125345,40.001409],[-105.125216,40.001321],[-105.125211,40.001258],[-105.125713,40.000945],[-105.125968,40.000709],[-105.126121,40.000638],[-105.126154,40.000553],[-105.126105,40.000474],[-105.126003,40.000441],[-105.125889,40.000473],[-105.12584,40.000538],[-105.125847,40.00068],[-105.125728,40.000809],[-105.125551,40.000939],[-105.125087,40.001194],[-105.124921,40.001096],[-105.124908,40.001044],[-105.125214,40.000724],[-105.125415,40.000642],[-105.125445,40.000563],[-105.125409,40.000493],[-105.125296,40.000449],[-105.125167,40.000491],[-105.125109,40.000682],[-105.124781,40.001008],[-105.124449,40.001009],[-105.124172,40.001087],[-105.124121,40.001065],[-105.123999,40.000899],[-105.123996,40.000768],[-105.124136,40.000663],[-105.124375,40.000647],[-105.124455,40.000543],[-105.124386,40.00044],[-105.12423,40.000425],[-105.124159,40.000466],[-105.124096,40.000572],[-105.123933,40.000674],[-105.123874,40.000772],[-105.123877,40.000889],[-105.124027,40.001115],[-105.124016,40.001177],[-105.123706,40.001253],[-105.12365,40.001218],[-105.123739,40.000839],[-105.123739,40.00035],[-105.127188,40.000349],[-105.127228,40.000747],[-105.126863,40.001089],[-105.126022,40.001673],[-105.125579,40.001853],[-105.125279,40.00181],[-105.124535,40.001458]]],[[[-105.124274,39.998663],[-105.124089,39.998626],[-105.123512,39.99839],[-105.123496,39.998327],[-105.123665,39.997985],[-105.123766,39.997929],[-105.123892,39.997913],[-105.124466,39.997999],[-105.125108,39.997965],[-105.125185,39.998003],[-105.125215,39.998319],[-105.125167,39.998428],[-105.125077,39.998519],[-105.124846,39.998613],[-105.124274,39.998663]]],[[[-105.12492,40.009644],[-105.125049,40.009821],[-105.125055,40.009919],[-105.125017,40.010023],[-105.124471,40.009847],[-105.124431,40.009806],[-105.124458,40.009738],[-105.124779,40.009545],[-105.12492,40.009644]]],[[[-105.126482,40.019226],[-105.125975,40.019499],[-105.12592,40.019656],[-105.126126,40.019867],[-105.125777,40.020169],[-105.125486,40.019904],[-105.125057,40.019614],[-105.125102,40.019539],[-105.125281,40.019389],[-105.126059,40.018935],[-105.126251,40.018863],[-105.126486,40.018839],[-105.126482,40.019226]]],[[[-105.124286,40.000594],[-105.124239,40.000567],[-105.124235,40.000526],[-105.124335,40.000503],[-105.124358,40.000567],[-105.124286,40.000594]]],[[[-105.127257,40.021385],[-105.127025,40.021345],[-105.126826,40.021235],[-105.125823,40.020217],[-105.125849,40.020197],[-105.125901,40.02025],[-105.12633,40.02008],[-105.127227,40.020988],[-105.128611,40.020981],[-105.128615,40.021346],[-105.128582,40.021379],[-105.127257,40.021385]]],[[[-105.125598,40.009142],[-105.125346,40.009082],[-105.125305,40.009025],[-105.125319,40.008959],[-105.125429,40.008861],[-105.125532,40.00883],[-105.125816,40.008925],[-105.125845,40.008998],[-105.125815,40.009058],[-105.125725,40.009122],[-105.125598,40.009142]]],[[[-105.129724,40.008335],[-105.128319,40.008364],[-105.126889,40.007802],[-105.125452,40.006782],[-105.125667,40.006324],[-105.125457,40.005794],[-105.12616,40.005679],[-105.126651,40.005446],[-105.127052,40.004657],[-105.127454,40.004655],[-105.127384,40.004721],[-105.127368,40.004856],[-105.127228,40.005059],[-105.127037,40.005447],[-105.126909,40.005614],[-105.126695,40.005771],[-105.126213,40.005971],[-105.126085,40.006085],[-105.126036,40.006199],[-105.12601,40.006529],[-105.126042,40.006691],[-105.126158,40.006829],[-105.127152,40.007527],[-105.128365,40.008041],[-105.128598,40.008086],[-105.128858,40.008067],[-105.129082,40.007986],[-105.129303,40.007832],[-105.129387,40.007832],[-105.130018,40.008583],[-105.129724,40.008335]]],[[[-105.125297,40.000525],[-105.125343,40.000551],[-105.125346,40.000593],[-105.125248,40.000619],[-105.125222,40.000557],[-105.125297,40.000525]]],[[[-105.126758,40.018841],[-105.127115,40.018918],[-105.127573,40.019218],[-105.12724,40.01951],[-105.126874,40.019258],[-105.126561,40.019217],[-105.126569,40.01885],[-105.126758,40.018841]]],[[[-105.128806,40.020348],[-105.128767,40.020316],[-105.12876,40.020116],[-105.128697,40.019869],[-105.128823,40.019836],[-105.129412,40.019824],[-105.129747,40.019702],[-105.129893,40.019572],[-105.129983,40.019403],[-105.129996,40.019222],[-105.129938,40.019056],[-105.12984,40.018933],[-105.129714,40.018841],[-105.129383,40.018737],[-105.128209,40.018748],[-105.127938,40.018831],[-105.127586,40.019057],[-105.127107,40.018776],[-105.126879,40.018724],[-105.126564,40.018705],[-105.126548,40.017983],[-105.126852,40.017507],[-105.126898,40.017159],[-105.12736,40.017144],[-105.127734,40.01723],[-105.127739,40.017274],[-105.127579,40.01748],[-105.127397,40.017604],[-105.127409,40.017701],[-105.1275,40.017759],[-105.127601,40.017759],[-105.127683,40.017711],[-105.12772,40.017543],[-105.127877,40.017337],[-105.127928,40.017321],[-105.128446,40.017662],[-105.128632,40.017741],[-105.129617,40.017792],[-105.129711,40.017762],[-105.129767,40.017687],[-105.12975,40.017609],[-105.129668,40.017551],[-105.129549,40.01755],[-105.129382,40.017637],[-105.129029,40.01762],[-105.129105,40.017086],[-105.129916,40.017092],[-105.129966,40.017167],[-105.13007,40.0172],[-105.130182,40.01717],[-105.130236,40.017088],[-105.130903,40.017092],[-105.130867,40.020051],[-105.130819,40.020076],[-105.130115,40.020111],[-105.129346,40.020324],[-105.128806,40.020348]]],[[[-105.127406,40.010913],[-105.127,40.01086],[-105.126949,40.010777],[-105.12709,40.010616],[-105.127357,40.010489],[-105.127505,40.010485],[-105.127593,40.010444],[-105.127626,40.010331],[-105.127531,40.01025],[-105.127391,40.010259],[-105.127287,40.010376],[-105.126977,40.010524],[-105.126748,40.010765],[-105.126175,40.010553],[-105.127544,40.00988],[-105.13035,40.009524],[-105.130328,40.009056],[-105.13051,40.009611],[-105.130521,40.009857],[-105.130407,40.010145],[-105.130143,40.010389],[-105.129945,40.010481],[-105.129849,40.010458],[-105.129806,40.010255],[-105.129919,40.010159],[-105.129936,40.010073],[-105.129852,40.009986],[-105.12972,40.00998],[-105.129652,40.010018],[-105.129619,40.010083],[-105.129685,40.010492],[-105.129653,40.010548],[-105.129354,40.010643],[-105.129111,40.010812],[-105.128958,40.01088],[-105.128789,40.010909],[-105.128438,40.010906],[-105.128375,40.010847],[-105.128403,40.010669],[-105.128474,40.010591],[-105.128718,40.010449],[-105.128871,40.010184],[-105.128824,40.010069],[-105.128682,40.010039],[-105.128599,40.010074],[-105.128556,40.010135],[-105.128561,40.010199],[-105.128627,40.010278],[-105.128623,40.010329],[-105.128285,40.010571],[-105.128232,40.010671],[-105.128183,40.010893],[-105.127406,40.010913]]],[[[-105.12599,39.999195],[-105.125659,39.999103],[-105.12562,39.999068],[-105.125621,39.999019],[-105.125783,39.998871],[-105.126189,39.998803],[-105.126388,39.998674],[-105.126464,39.99851],[-105.126425,39.998181],[-105.126454,39.99802],[-105.126941,39.997947],[-105.127092,39.997983],[-105.127201,39.998061],[-105.127262,39.998188],[-105.127264,39.998599],[-105.127195,39.998733],[-105.126248,39.999155],[-105.12599,39.999195]]],[[[-105.126374,40.006042],[-105.126427,40.00615],[-105.126396,40.006645],[-105.126361,40.006745],[-105.126315,40.006768],[-105.12622,40.006688],[-105.126176,40.006599],[-105.12619,40.006243],[-105.126245,40.006121],[-105.126374,40.006042]]],[[[-105.125982,40.000613],[-105.125938,40.000584],[-105.125942,40.000537],[-105.126041,40.000525],[-105.126057,40.000587],[-105.125982,40.000613]]],[[[-105.128627,40.007962],[-105.128409,40.007918],[-105.127303,40.007455],[-105.126384,40.006818],[-105.126453,40.006654],[-105.126484,40.006155],[-105.126447,40.006008],[-105.126743,40.005911],[-105.126973,40.006076],[-105.127256,40.006199],[-105.127297,40.006252],[-105.127264,40.006414],[-105.127284,40.006539],[-105.127346,40.006653],[-105.12745,40.006754],[-105.129234,40.007646],[-105.129224,40.007711],[-105.128993,40.007883],[-105.128817,40.007947],[-105.128627,40.007962]]],[[[-105.126717,40.010939],[-105.127005,40.011019],[-105.127323,40.011063],[-105.126724,40.011063],[-105.126717,40.010939]]],[[[-105.128334,40.019739],[-105.128548,40.019969],[-105.128598,40.020109],[-105.128607,40.020267],[-105.128268,40.020268],[-105.128033,40.020044],[-105.127304,40.019544],[-105.127632,40.019259],[-105.128334,40.019739]]],[[[-105.128585,40.004653],[-105.128517,40.004711],[-105.128478,40.004855],[-105.128149,40.005182],[-105.128023,40.00535],[-105.127866,40.00568],[-105.127847,40.005873],[-105.127816,40.005914],[-105.127375,40.006106],[-105.127066,40.005979],[-105.126904,40.005851],[-105.126903,40.005789],[-105.127166,40.005502],[-105.12743,40.00499],[-105.127503,40.00491],[-105.127678,40.004808],[-105.12768,40.004717],[-105.127612,40.004654],[-105.128585,40.004653]]],[[[-105.126701,40.000551],[-105.126767,40.000609],[-105.126696,40.000656],[-105.126634,40.000597],[-105.126701,40.000551]]],[[[-105.128589,40.019751],[-105.127755,40.019177],[-105.127753,40.019133],[-105.127962,40.018967],[-105.128217,40.018876],[-105.129264,40.018856],[-105.129449,40.018875],[-105.129599,40.01893],[-105.129719,40.019016],[-105.129804,40.01913],[-105.129841,40.019269],[-105.129817,40.019408],[-105.12973,40.01954],[-105.129589,40.019641],[-105.129372,40.019706],[-105.128816,40.019715],[-105.128589,40.019751]]],[[[-105.12879,40.017641],[-105.128571,40.017581],[-105.12804,40.017225],[-105.127683,40.017077],[-105.128945,40.017087],[-105.128948,40.017207],[-105.12886,40.017601],[-105.12879,40.017641]]],[[[-105.129231,40.003219],[-105.129097,40.003124],[-105.12834,40.002964],[-105.128074,40.00286],[-105.127601,40.002824],[-105.127509,40.002792],[-105.127337,40.002701],[-105.126872,40.002361],[-105.126836,40.002249],[-105.126967,40.002035],[-105.126974,40.002098],[-105.127027,40.002155],[-105.12717,40.002194],[-105.127488,40.002374],[-105.127604,40.002528],[-105.127751,40.002543],[-105.127852,40.002463],[-105.127836,40.002322],[-105.127867,40.002252],[-105.128044,40.002125],[-105.128157,40.00197],[-105.128368,40.00179],[-105.128428,40.001755],[-105.128497,40.00176],[-105.128988,40.002151],[-105.129008,40.0022],[-105.128941,40.002277],[-105.128663,40.002451],[-105.128449,40.002519],[-105.128409,40.002605],[-105.12845,40.002682],[-105.128552,40.002723],[-105.128655,40.002704],[-105.128709,40.002659],[-105.12877,40.00253],[-105.129089,40.002286],[-105.129189,40.002281],[-105.129299,40.002401],[-105.129328,40.002628],[-105.129377,40.00274],[-105.129517,40.002912],[-105.129712,40.003065],[-105.129863,40.003118],[-105.130321,40.003172],[-105.130384,40.003211],[-105.130452,40.003315],[-105.130545,40.003359],[-105.130689,40.003336],[-105.130766,40.003227],[-105.130765,40.003761],[-105.130433,40.003748],[-105.130155,40.003465],[-105.129303,40.003313],[-105.129231,40.003219]]],[[[-105.127476,40.010315],[-105.127537,40.010373],[-105.127453,40.010414],[-105.127408,40.010356],[-105.127476,40.010315]]],[[[-105.127552,40.002259],[-105.127327,40.002146],[-105.127269,40.002006],[-105.127211,40.001954],[-105.127084,40.001937],[-105.126985,40.001996],[-105.12703,40.001831],[-105.127158,40.001598],[-105.127109,40.00138],[-105.12713,40.001313],[-105.127388,40.001114],[-105.127593,40.000785],[-105.128242,40.000343],[-105.128871,40.000346],[-105.128871,40.000377],[-105.128952,40.000377],[-105.128906,40.000895],[-105.129016,40.001145],[-105.128521,40.001523],[-105.128404,40.001516],[-105.128137,40.001298],[-105.128072,40.001205],[-105.128086,40.001085],[-105.128142,40.000998],[-105.128261,40.000923],[-105.128418,40.000891],[-105.128485,40.000833],[-105.128482,40.000729],[-105.128384,40.000664],[-105.128285,40.000666],[-105.128205,40.000708],[-105.12815,40.000832],[-105.127979,40.000983],[-105.127903,40.00118],[-105.127713,40.001232],[-105.127555,40.001229],[-105.127469,40.001281],[-105.127445,40.001341],[-105.127463,40.001406],[-105.127595,40.001475],[-105.12771,40.00145],[-105.127833,40.001327],[-105.127995,40.001308],[-105.128371,40.001636],[-105.128345,40.001693],[-105.128059,40.001887],[-105.127932,40.002051],[-105.127654,40.002239],[-105.127552,40.002259]]],[[[-105.127128,40.002006],[-105.127191,40.002059],[-105.127121,40.002109],[-105.127059,40.002054],[-105.127128,40.002006]]],[[[-105.127248,39.997894],[-105.127356,39.997922],[-105.127339,39.997981],[-105.127239,39.99793],[-105.127248,39.997894]]],[[[-105.127611,40.001299],[-105.127674,40.001354],[-105.127603,40.001403],[-105.127539,40.001348],[-105.127611,40.001299]]],[[[-105.1277,40.002358],[-105.127749,40.002378],[-105.127768,40.002426],[-105.127696,40.002476],[-105.127649,40.002459],[-105.127628,40.002401],[-105.1277,40.002358]]],[[[-105.128814,40.021377],[-105.128772,40.02134],[-105.12878,40.020558],[-105.129305,40.020526],[-105.129681,40.020452],[-105.129727,40.020469],[-105.129987,40.020937],[-105.129999,40.021304],[-105.129976,40.021346],[-105.129901,40.021375],[-105.128814,40.021377]]],[[[-105.128297,40.005876],[-105.128024,40.005856],[-105.127991,40.005806],[-105.128014,40.005693],[-105.128164,40.005385],[-105.128271,40.005241],[-105.128598,40.004919],[-105.128806,40.004821],[-105.128821,40.004728],[-105.128741,40.00465],[-105.129512,40.00461],[-105.129473,40.004672],[-105.128971,40.005085],[-105.128557,40.005384],[-105.128476,40.005503],[-105.128463,40.005681],[-105.128708,40.00595],[-105.129193,40.006214],[-105.129588,40.006362],[-105.129487,40.006368],[-105.128606,40.005951],[-105.128297,40.005876]]],[[[-105.130809,40.011852],[-105.129022,40.011845],[-105.128719,40.01179],[-105.128384,40.011801],[-105.128353,40.011479],[-105.128395,40.01145],[-105.128815,40.011451],[-105.129229,40.0115],[-105.129791,40.011504],[-105.129947,40.011558],[-105.130177,40.011561],[-105.130304,40.011495],[-105.130303,40.011389],[-105.130174,40.011326],[-105.129943,40.011327],[-105.129766,40.011384],[-105.12839,40.01133],[-105.12835,40.011295],[-105.128343,40.011059],[-105.12875,40.011059],[-105.129074,40.010994],[-105.129486,40.010747],[-105.129912,40.010648],[-105.130173,40.010545],[-105.130371,40.010416],[-105.130521,40.010265],[-105.130654,40.010038],[-105.130706,40.009777],[-105.130687,40.009591],[-105.130526,40.0091],[-105.130538,40.009054],[-105.130393,40.008706],[-105.129971,40.008292],[-105.129944,40.008234],[-105.129977,40.008184],[-105.130297,40.008049],[-105.130766,40.00801],[-105.130819,40.011061],[-105.130568,40.011063],[-105.130695,40.011233],[-105.13069,40.011844],[-105.130809,40.011852]]],[[[-105.128723,40.010109],[-105.128769,40.010133],[-105.128772,40.010179],[-105.128743,40.010206],[-105.128674,40.0102],[-105.128651,40.010139],[-105.128723,40.010109]]],[[[-105.128349,40.000734],[-105.1284,40.000798],[-105.128355,40.000832],[-105.128296,40.000824],[-105.128273,40.000764],[-105.128349,40.000734]]],[[[-105.128568,40.002549],[-105.128635,40.002601],[-105.128558,40.002651],[-105.128501,40.002596],[-105.128568,40.002549]]],[[[-105.129716,40.001669],[-105.129151,40.002087],[-105.128611,40.001649],[-105.129177,40.00123],[-105.129716,40.001669]]],[[[-105.129105,40.000383],[-105.129109,40.00055],[-105.129087,40.000637],[-105.129057,40.000652],[-105.129025,40.000626],[-105.129053,40.000402],[-105.129105,40.000383]]],[[[-105.130601,40.003086],[-105.129853,40.002969],[-105.129491,40.00266],[-105.129445,40.002426],[-105.129279,40.002193],[-105.129827,40.001781],[-105.12992,40.001796],[-105.130204,40.002083],[-105.130207,40.002198],[-105.130095,40.002329],[-105.130123,40.002428],[-105.130276,40.002477],[-105.130401,40.002403],[-105.130413,40.002336],[-105.130364,40.002245],[-105.130362,40.0021],[-105.130319,40.002004],[-105.129959,40.001681],[-105.12998,40.00163],[-105.130319,40.00139],[-105.130363,40.001298],[-105.130369,40.001134],[-105.13029,40.000957],[-105.130317,40.000789],[-105.13019,40.000705],[-105.130014,40.000741],[-105.129821,40.000705],[-105.129677,40.000721],[-105.12956,40.000776],[-105.129262,40.001012],[-105.129149,40.001005],[-105.129092,40.000926],[-105.129083,40.00085],[-105.129206,40.000649],[-105.129233,40.000377],[-105.130756,40.000375],[-105.130785,40.001372],[-105.130766,40.003219],[-105.130722,40.003133],[-105.130601,40.003086]]],[[[-105.129771,40.010146],[-105.129713,40.010085],[-105.12975,40.01005],[-105.129808,40.010051],[-105.129843,40.010109],[-105.129771,40.010146]]],[[[-105.129976,40.011486],[-105.129925,40.011447],[-105.129963,40.011402],[-105.130166,40.011401],[-105.130217,40.011433],[-105.130178,40.011485],[-105.129976,40.011486]]],[[[-105.129854,40.001563],[-105.12932,40.001128],[-105.129401,40.00103],[-105.129772,40.000816],[-105.129935,40.000859],[-105.130189,40.001074],[-105.130224,40.001148],[-105.130188,40.001338],[-105.129934,40.001546],[-105.129854,40.001563]]],[[[-105.130544,40.006742],[-105.13034,40.006776],[-105.129762,40.0065],[-105.129728,40.006459],[-105.129906,40.006056],[-105.129934,40.005358],[-105.130008,40.00525],[-105.130157,40.005175],[-105.130763,40.005172],[-105.130761,40.006864],[-105.130692,40.00686],[-105.130642,40.006776],[-105.130544,40.006742]]],[[[-105.130252,40.007905],[-105.130548,40.00786],[-105.130711,40.007858],[-105.130741,40.007882],[-105.130717,40.007909],[-105.130309,40.007945],[-105.129954,40.008078],[-105.129914,40.008066],[-105.130014,40.007992],[-105.130252,40.007905]]],[[[-105.130248,40.002302],[-105.130318,40.002342],[-105.130279,40.002401],[-105.130187,40.002363],[-105.130201,40.00232],[-105.130248,40.002302]]],[[[-105.130153,40.000884],[-105.130108,40.000859],[-105.130104,40.000814],[-105.130196,40.000787],[-105.130228,40.000852],[-105.130153,40.000884]]],[[[-105.130532,40.006816],[-105.130581,40.006836],[-105.130593,40.006876],[-105.130511,40.006914],[-105.130464,40.006861],[-105.130532,40.006816]]],[[[-105.1358,40.018331],[-105.131244,40.018328],[-105.131262,40.016884],[-105.131966,40.01689],[-105.132016,40.016913],[-105.132017,40.017806],[-105.132052,40.017874],[-105.13213,40.017916],[-105.132276,40.017896],[-105.132339,40.017807],[-105.132316,40.017733],[-105.132214,40.01766],[-105.132181,40.017597],[-105.132189,40.016926],[-105.132254,40.016879],[-105.133118,40.017032],[-105.133132,40.017664],[-105.133051,40.017821],[-105.133077,40.017884],[-105.133146,40.017929],[-105.133293,40.017924],[-105.133371,40.017827],[-105.133292,40.017662],[-105.133301,40.017034],[-105.133794,40.01697],[-105.134074,40.01697],[-105.134133,40.017008],[-105.134136,40.017702],[-105.134085,40.017829],[-105.134148,40.017921],[-105.134255,40.017946],[-105.134397,40.017907],[-105.134808,40.017902],[-105.135038,40.017859],[-105.135193,40.017894],[-105.135293,40.017881],[-105.135358,40.017831],[-105.135375,40.017754],[-105.135322,40.017678],[-105.135238,40.017648],[-105.134806,40.017778],[-105.134377,40.017783],[-105.134318,40.017759],[-105.134296,40.017716],[-105.1343,40.017004],[-105.134357,40.016968],[-105.134637,40.016997],[-105.135289,40.016999],[-105.135461,40.017104],[-105.135557,40.017122],[-105.135688,40.017056],[-105.135686,40.016939],[-105.13556,40.016875],[-105.134653,40.016874],[-105.134342,40.01684],[-105.134289,40.016789],[-105.134295,40.016609],[-105.134405,40.016298],[-105.134441,40.016268],[-105.135416,40.016267],[-105.135603,40.016308],[-105.135744,40.016269],[-105.135743,40.016146],[-105.135678,40.016087],[-105.135592,40.016062],[-105.135367,40.016143],[-105.134436,40.016126],[-105.134355,40.015866],[-105.134188,40.015542],[-105.134208,40.015487],[-105.135014,40.015471],[-105.135236,40.015531],[-105.135341,40.015486],[-105.135372,40.015384],[-105.135318,40.015314],[-105.13522,40.015285],[-105.135014,40.015346],[-105.134194,40.015344],[-105.134152,40.015293],[-105.134164,40.014883],[-105.135833,40.014879],[-105.1358,40.018331]]],[[[-105.131694,40.016791],[-105.131692,40.016819],[-105.131264,40.016804],[-105.13128,40.016788],[-105.131694,40.016791]]],[[[-105.13395,40.014883],[-105.133974,40.015301],[-105.133938,40.015342],[-105.133602,40.015334],[-105.133384,40.015259],[-105.133276,40.015306],[-105.133245,40.015398],[-105.133096,40.015404],[-105.132846,40.015251],[-105.133014,40.014937],[-105.132669,40.014938],[-105.131981,40.015065],[-105.131584,40.015419],[-105.131581,40.01573],[-105.132012,40.015575],[-105.132149,40.0158],[-105.13212,40.015949],[-105.131997,40.015977],[-105.131941,40.016062],[-105.132035,40.016235],[-105.132027,40.016689],[-105.131967,40.016723],[-105.131264,40.016718],[-105.131286,40.014889],[-105.13395,40.014883]]],[[[-105.130588,40.00317],[-105.130652,40.003228],[-105.130581,40.003274],[-105.13052,40.003217],[-105.130588,40.00317]]],[[[-105.131317,40.00144],[-105.131675,40.001443],[-105.131679,40.001166],[-105.131321,40.001163],[-105.131329,40.000647],[-105.131691,40.000345],[-105.133573,40.000344],[-105.133656,40.000393],[-105.133673,40.00093],[-105.133816,40.001236],[-105.133777,40.00129],[-105.133516,40.001403],[-105.133303,40.001408],[-105.133242,40.001373],[-105.133242,40.000885],[-105.133191,40.0008],[-105.133101,40.000746],[-105.132031,40.000716],[-105.131922,40.000741],[-105.131835,40.000805],[-105.131795,40.000899],[-105.131773,40.001672],[-105.131803,40.001755],[-105.131952,40.001848],[-105.132542,40.001862],[-105.1326,40.001891],[-105.132615,40.001936],[-105.132559,40.002045],[-105.132046,40.002478],[-105.131884,40.002519],[-105.131784,40.002516],[-105.13164,40.002456],[-105.131506,40.002493],[-105.131462,40.002557],[-105.131473,40.00263],[-105.131541,40.002688],[-105.131631,40.002703],[-105.131787,40.002644],[-105.132018,40.002626],[-105.132172,40.002558],[-105.132702,40.002101],[-105.132796,40.001886],[-105.133092,40.001767],[-105.133265,40.001536],[-105.133624,40.001499],[-105.134301,40.001216],[-105.13492,40.001193],[-105.133405,40.001892],[-105.13192,40.003187],[-105.131619,40.002977],[-105.131295,40.002966],[-105.131317,40.00144]]],[[[-105.135182,40.006758],[-105.135007,40.006692],[-105.134818,40.006566],[-105.135014,40.006199],[-105.135443,40.006341],[-105.135182,40.006758]]],[[[-105.135015,40.006193],[-105.134988,40.006084],[-105.134875,40.006007],[-105.13284,40.005555],[-105.132485,40.005427],[-105.132329,40.00544],[-105.132235,40.005539],[-105.132246,40.005629],[-105.132312,40.005697],[-105.133229,40.005975],[-105.134128,40.006186],[-105.13442,40.006528],[-105.135134,40.006843],[-105.135096,40.006905],[-105.134855,40.007036],[-105.134064,40.006856],[-105.133702,40.006559],[-105.132916,40.006307],[-105.132725,40.006268],[-105.132566,40.006298],[-105.132023,40.005925],[-105.131534,40.005953],[-105.131528,40.005795],[-105.132108,40.005054],[-105.135032,40.005698],[-105.135635,40.005519],[-105.135829,40.005713],[-105.135443,40.006341],[-105.135015,40.006193]]],[[[-105.132508,40.01678],[-105.132233,40.016735],[-105.132194,40.016698],[-105.132197,40.016209],[-105.132262,40.016071],[-105.132235,40.016003],[-105.132174,40.015962],[-105.132213,40.015796],[-105.132344,40.015596],[-105.132541,40.01571],[-105.132656,40.015946],[-105.132653,40.016103],[-105.132588,40.016284],[-105.132586,40.016646],[-105.132508,40.01678]]],[[[-105.131607,40.002626],[-105.131568,40.002604],[-105.131566,40.00256],[-105.13166,40.002545],[-105.131674,40.002603],[-105.131607,40.002626]]],[[[-105.132014,40.001729],[-105.131934,40.001667],[-105.131957,40.000901],[-105.131988,40.000857],[-105.132996,40.000852],[-105.133073,40.000889],[-105.133064,40.001547],[-105.132975,40.001682],[-105.132803,40.001738],[-105.132014,40.001729]]],[[[-105.133076,40.005855],[-105.132372,40.005643],[-105.132326,40.005605],[-105.132322,40.005549],[-105.132376,40.0055],[-105.132461,40.005496],[-105.13275,40.005602],[-105.133159,40.0057],[-105.133194,40.005781],[-105.133144,40.005842],[-105.133076,40.005855]]],[[[-105.133306,40.015481],[-105.133394,40.015507],[-105.133584,40.015458],[-105.133975,40.015485],[-105.134193,40.015927],[-105.134227,40.016107],[-105.134167,40.016137],[-105.133935,40.01612],[-105.133697,40.016062],[-105.133608,40.016088],[-105.133556,40.016147],[-105.133417,40.016098],[-105.133201,40.015811],[-105.133199,40.015551],[-105.133306,40.015481]]],[[[-105.134073,40.003658],[-105.13598,40.001644],[-105.13609,40.001719],[-105.136297,40.001745],[-105.136527,40.002025],[-105.136752,40.002211],[-105.136756,40.002285],[-105.136416,40.002563],[-105.136324,40.002582],[-105.136106,40.002418],[-105.136165,40.002269],[-105.136136,40.002188],[-105.136028,40.002137],[-105.135911,40.002157],[-105.13585,40.002216],[-105.135846,40.002298],[-105.135992,40.002511],[-105.136185,40.002671],[-105.136188,40.002719],[-105.136144,40.002762],[-105.136034,40.002813],[-105.13534,40.002966],[-105.135192,40.003032],[-105.134625,40.003618],[-105.134513,40.003874],[-105.133448,40.004302],[-105.133154,40.004515],[-105.13314,40.004599],[-105.1332,40.00467],[-105.132637,40.00469],[-105.132624,40.004253],[-105.134073,40.003658]]],[[[-105.133624,40.01629],[-105.133727,40.016308],[-105.134011,40.01625],[-105.134181,40.016266],[-105.134219,40.016319],[-105.134125,40.016563],[-105.133794,40.016597],[-105.133549,40.016584],[-105.133573,40.016315],[-105.133624,40.01629]]],[[[-105.133398,40.00575],[-105.13425,40.005938],[-105.134294,40.005973],[-105.134297,40.006027],[-105.134241,40.006104],[-105.134175,40.00612],[-105.133301,40.005916],[-105.133271,40.005842],[-105.133325,40.005766],[-105.133398,40.00575]]],[[[-105.133303,40.004524],[-105.133348,40.004546],[-105.133351,40.004588],[-105.133257,40.004609],[-105.133237,40.004554],[-105.133303,40.004524]]],[[[-105.136884,40.004251],[-105.135695,40.004581],[-105.133404,40.004663],[-105.133455,40.004594],[-105.133448,40.004481],[-105.133552,40.004396],[-105.134481,40.004017],[-105.134569,40.00403],[-105.134687,40.004167],[-105.13483,40.004257],[-105.135151,40.004319],[-105.136595,40.004005],[-105.136797,40.003865],[-105.136949,40.003504],[-105.137068,40.003393],[-105.137157,40.003406],[-105.137544,40.003705],[-105.1377,40.00371],[-105.137788,40.003622],[-105.137757,40.003521],[-105.137662,40.003476],[-105.137481,40.003479],[-105.137257,40.003283],[-105.137617,40.002971],[-105.137683,40.002954],[-105.138191,40.003339],[-105.138336,40.003522],[-105.138321,40.00367],[-105.138393,40.003769],[-105.138528,40.003814],[-105.138729,40.003797],[-105.139394,40.004122],[-105.139628,40.004313],[-105.139749,40.004523],[-105.139783,40.004689],[-105.139676,40.005362],[-105.139658,40.004941],[-105.139149,40.004447],[-105.138584,40.004025],[-105.138014,40.003918],[-105.137706,40.00419],[-105.136884,40.004251]]],[[[-105.133833,40.000413],[-105.133858,40.000903],[-105.133978,40.001183],[-105.133874,40.001075],[-105.133802,40.000893],[-105.133796,40.000431],[-105.133833,40.000413]]],[[[-105.134671,40.006533],[-105.134454,40.006454],[-105.134296,40.006242],[-105.134408,40.006032],[-105.134459,40.005998],[-105.134843,40.006073],[-105.134924,40.006152],[-105.134917,40.006208],[-105.134732,40.006508],[-105.134671,40.006533]]],[[[-105.1351,40.004194],[-105.134936,40.004159],[-105.134796,40.004071],[-105.134709,40.003937],[-105.134701,40.003801],[-105.134777,40.003663],[-105.135312,40.003115],[-105.136171,40.0029],[-105.136909,40.00237],[-105.13697,40.002384],[-105.137515,40.002807],[-105.137501,40.002882],[-105.136847,40.003387],[-105.136674,40.003781],[-105.13658,40.003873],[-105.1351,40.004194]]],[[[-105.140526,40.007408],[-105.135465,40.007404],[-105.135833,40.007367],[-105.136506,40.007365],[-105.137277,40.007318],[-105.13947,40.007319],[-105.139702,40.007268],[-105.139894,40.007171],[-105.140058,40.007146],[-105.140166,40.007051],[-105.140176,40.006957],[-105.140102,40.006843],[-105.14009,40.006667],[-105.139938,40.006297],[-105.139868,40.005961],[-105.139854,40.005338],[-105.139959,40.004756],[-105.139923,40.004485],[-105.139819,40.004294],[-105.139682,40.004145],[-105.139508,40.004027],[-105.138851,40.003706],[-105.138803,40.003553],[-105.138829,40.003498],[-105.139247,40.003169],[-105.139306,40.003151],[-105.139365,40.003168],[-105.139583,40.003346],[-105.139551,40.003494],[-105.139604,40.003578],[-105.139761,40.003604],[-105.13987,40.00352],[-105.139852,40.003417],[-105.139461,40.003036],[-105.13979,40.002691],[-105.139873,40.002536],[-105.139916,40.002368],[-105.139908,40.002128],[-105.139822,40.001906],[-105.139687,40.001729],[-105.139418,40.001486],[-105.139433,40.001442],[-105.139708,40.00119],[-105.139749,40.001069],[-105.13974,40.000945],[-105.139684,40.000833],[-105.139573,40.000727],[-105.139429,40.000659],[-105.139271,40.00063],[-105.139009,40.00067],[-105.138711,40.000871],[-105.138631,40.000881],[-105.138278,40.000615],[-105.138254,40.000565],[-105.13833,40.000351],[-105.138383,40.000308],[-105.14048,40.000315],[-105.140509,40.003772],[-105.140488,40.003772],[-105.1405,40.00406],[-105.140527,40.007367],[-105.140526,40.007408]],[[-105.140315,40.007066],[-105.140316,40.007066],[-105.140312,40.007065],[-105.140315,40.007066]],[[-105.140524,40.007097],[-105.140524,40.007045],[-105.140524,40.007099],[-105.140524,40.007097]]],[[[-105.135271,40.001202],[-105.13565,40.00131],[-105.135924,40.001472],[-105.135951,40.00154],[-105.135271,40.001202]]],[[[-105.136432,40.00723],[-105.135837,40.007229],[-105.136088,40.007216],[-105.136143,40.007175],[-105.137035,40.006135],[-105.13967,40.005608],[-105.13971,40.006102],[-105.139674,40.006156],[-105.139395,40.006188],[-105.139209,40.00607],[-105.139014,40.006053],[-105.138661,40.006122],[-105.138348,40.006277],[-105.13809,40.006256],[-105.137435,40.006393],[-105.137268,40.006493],[-105.136896,40.006915],[-105.136849,40.007018],[-105.136831,40.007195],[-105.136432,40.00723]]],[[[-105.136016,40.002213],[-105.13606,40.002242],[-105.136055,40.002282],[-105.135963,40.002296],[-105.135952,40.002234],[-105.136016,40.002213]]],[[[-105.136165,40.001637],[-105.136082,40.001587],[-105.136093,40.001505],[-105.136253,40.00162],[-105.136165,40.001637]]],[[[-105.137036,40.007177],[-105.137005,40.007067],[-105.137036,40.006972],[-105.137416,40.006546],[-105.137513,40.0065],[-105.138125,40.006375],[-105.138279,40.006403],[-105.138359,40.006515],[-105.138447,40.00657],[-105.138743,40.006586],[-105.139228,40.00647],[-105.139325,40.006408],[-105.139425,40.006287],[-105.139695,40.006258],[-105.139755,40.006297],[-105.139919,40.006729],[-105.139909,40.0068],[-105.139735,40.006922],[-105.139709,40.007106],[-105.13946,40.007186],[-105.137036,40.007177]]],[[[-105.137838,40.000558],[-105.13805,40.000615],[-105.138462,40.000938],[-105.138476,40.001008],[-105.138182,40.001153],[-105.137279,40.001855],[-105.13695,40.001601],[-105.136931,40.001544],[-105.136967,40.001485],[-105.136684,40.00125],[-105.137474,40.000636],[-105.137838,40.000558]]],[[[-105.138662,40.001111],[-105.139102,40.001437],[-105.139121,40.001505],[-105.138954,40.001756],[-105.138033,40.002482],[-105.137706,40.00224],[-105.137668,40.00214],[-105.137587,40.002124],[-105.137379,40.001954],[-105.138301,40.001236],[-105.138662,40.001111]]],[[[-105.138101,40.000309],[-105.138163,40.000371],[-105.138156,40.000422],[-105.138111,40.00046],[-105.137847,40.000433],[-105.137566,40.000469],[-105.137429,40.000509],[-105.137299,40.000592],[-105.137313,40.000311],[-105.138101,40.000309]]],[[[-105.137614,40.003645],[-105.137576,40.003623],[-105.137574,40.003581],[-105.137667,40.003561],[-105.137684,40.003618],[-105.137614,40.003645]]],[[[-105.138626,40.002839],[-105.138459,40.002822],[-105.138133,40.002578],[-105.139065,40.001845],[-105.139215,40.001629],[-105.13933,40.001618],[-105.139583,40.001827],[-105.139726,40.002059],[-105.139763,40.002327],[-105.139684,40.00258],[-105.139521,40.00278],[-105.138966,40.003215],[-105.138622,40.002949],[-105.138626,40.002839]]],[[[-105.138564,40.006521],[-105.138436,40.006477],[-105.138398,40.006369],[-105.138452,40.006305],[-105.138641,40.006207],[-105.138868,40.006142],[-105.139112,40.006121],[-105.139218,40.006152],[-105.139283,40.006223],[-105.139269,40.006342],[-105.139149,40.00642],[-105.138869,40.0065],[-105.138564,40.006521]]],[[[-105.138536,40.00372],[-105.138449,40.003677],[-105.138452,40.003588],[-105.138481,40.003565],[-105.13856,40.003641],[-105.138637,40.003581],[-105.138645,40.003676],[-105.138536,40.00372]]],[[[-105.139195,40.000755],[-105.139447,40.000809],[-105.139539,40.000888],[-105.139587,40.000999],[-105.139578,40.001102],[-105.139529,40.001183],[-105.139277,40.001364],[-105.139211,40.001348],[-105.13881,40.001007],[-105.138831,40.000956],[-105.139002,40.000821],[-105.139195,40.000755]]],[[[-105.139932,40.007074],[-105.139853,40.007031],[-105.139846,40.006954],[-105.139917,40.006904],[-105.140014,40.006916],[-105.140059,40.006963],[-105.140057,40.007017],[-105.140008,40.007063],[-105.139932,40.007074]]],[[[-105.139729,40.003438],[-105.13977,40.003466],[-105.139767,40.003507],[-105.13967,40.003518],[-105.139659,40.003463],[-105.139729,40.003438]]]]}},{"type":"Feature","properties":{"type":"mixed","acres":34.35,"family1_treatment":"allowed","family2_treatment":"allowed","family3_treatment":"allowed","family4_treatment":"allowed","slice_id":1275336},"geometry":{"type":"MultiPolygon","coordinates":[[[[-105.079085,39.99357],[-105.078155,39.993571],[-105.077888,39.993223],[-105.077553,39.992905],[-105.075855,39.991647],[-105.075881,39.990362],[-105.081032,39.990436],[-105.080976,39.993906],[-105.079103,39.993901],[-105.079085,39.99357]]],[[[-105.11872,39.99489],[-105.119755,39.995331],[-105.120941,39.995857],[-105.11872,39.99489]]],[[[-105.121763,40.021042],[-105.122593,40.021252],[-105.124958,40.021869],[-105.121763,40.021042]]],[[[-105.128086,40.013378],[-105.128082,40.013416],[-105.127583,40.013347],[-105.127599,40.0132],[-105.128086,40.013378]]],[[[-105.129221,40.013888],[-105.128932,40.013817],[-105.12894,40.013747],[-105.129313,40.01377],[-105.12944,40.013816],[-105.129221,40.013888]]],[[[-105.129785,40.013941],[-105.12987,40.01431],[-105.129738,40.014014],[-105.129538,40.013851],[-105.129785,40.013941]]]]}},{"type":"Feature","properties":{"type":"primarily_residential","acres":23.76,"family1_treatment":"allowed","family2_treatment":"allowed","family3_treatment":"prohibited","family4_treatment":"prohibited","slice_id":1275342},"geometry":{"type":"MultiPolygon","coordinates":[[[[-105.078792,39.996272],[-105.078963,39.996827],[-105.079118,39.997203],[-105.079004,39.997209],[-105.078897,39.996953],[-105.078692,39.996319],[-105.078619,39.995815],[-105.078714,39.99581],[-105.078792,39.996272]]],[[[-105.082689,39.995842],[-105.082719,39.995873],[-105.08273,39.997185],[-105.079344,39.997194],[-105.079165,39.996779],[-105.078995,39.99623],[-105.078934,39.995841],[-105.082689,39.995842]]],[[[-105.083287,39.996018],[-105.083538,39.996392],[-105.083526,39.996486],[-105.083409,39.996725],[-105.083359,39.996754],[-105.082872,39.99676],[-105.082865,39.99602],[-105.083287,39.996018]]],[[[-105.082863,39.995805],[-105.083229,39.995803],[-105.083337,39.995959],[-105.082865,39.995964],[-105.082863,39.995805]]],[[[-105.091584,39.993292],[-105.091585,39.994202],[-105.091229,39.994204],[-105.09121,39.993294],[-105.091584,39.993292]]],[[[-105.092306,39.992386],[-105.092298,39.994198],[-105.091795,39.994201],[-105.09181,39.992388],[-105.092306,39.992386]]],[[[-105.0929,39.993372],[-105.0929,39.994195],[-105.092408,39.994198],[-105.092406,39.993296],[-105.092865,39.993292],[-105.092865,39.993372],[-105.0929,39.993372]]],[[[-105.092868,39.992655],[-105.092865,39.993208],[-105.092376,39.993208],[-105.092375,39.992662],[-105.092868,39.992655]]],[[[-105.092375,39.992662],[-105.092375,39.992384],[-105.09287,39.992382],[-105.092868,39.992655],[-105.092574,39.992659],[-105.092375,39.992662]]],[[[-105.093568,39.993368],[-105.09357,39.994192],[-105.093075,39.994194],[-105.093074,39.993371],[-105.093568,39.993368]]],[[[-105.09357,39.992361],[-105.093571,39.993202],[-105.093079,39.993206],[-105.093079,39.992362],[-105.09357,39.992361]]],[[[-105.094134,39.993366],[-105.094136,39.993657],[-105.093644,39.993642],[-105.093643,39.993368],[-105.094134,39.993366]]],[[[-105.094135,39.992379],[-105.094137,39.9932],[-105.093645,39.993202],[-105.093643,39.992379],[-105.094135,39.992379]]],[[[-105.094421,39.993504],[-105.094421,39.993288],[-105.094355,39.993289],[-105.09435,39.992375],[-105.095036,39.992376],[-105.095019,39.993505],[-105.094421,39.993504]]],[[[-105.095019,39.993505],[-105.095016,39.994186],[-105.094422,39.99419],[-105.094421,39.993504],[-105.094723,39.993505],[-105.095019,39.993505]]]]}},{"type":"Feature","properties":{"type":"mixed","acres":12.31,"family1_treatment":"hearing","family2_treatment":"hearing","family3_treatment":"hearing","family4_treatment":"hearing","slice_id":1275350},"geometry":{"type":"MultiPolygon","coordinates":[[[[-105.080259,40.001487],[-105.080255,40.002244],[-105.078099,40.002234],[-105.078552,40.001931],[-105.078444,40.001833],[-105.079088,40.001341],[-105.079357,40.001506],[-105.080259,40.001487]]],[[[-105.082641,39.972368],[-105.08433,39.97238],[-105.084284,39.97252],[-105.084089,39.972874],[-105.084036,39.973252],[-105.083964,39.9735],[-105.083174,39.973968],[-105.082725,39.973488],[-105.082635,39.973311],[-105.082641,39.972368]]],[[[-105.128074,40.011457],[-105.128184,40.011525],[-105.128235,40.011858],[-105.128462,40.012302],[-105.128477,40.012403],[-105.128438,40.012463],[-105.128092,40.012541],[-105.127875,40.012632],[-105.127652,40.012793],[-105.12749,40.012996],[-105.127413,40.013028],[-105.126974,40.012905],[-105.126474,40.012678],[-105.126472,40.012132],[-105.126869,40.011745],[-105.127904,40.011743],[-105.127903,40.011457],[-105.128074,40.011457]]]]}},{"type":"Feature","properties":{"type":"primarily_residential","acres":5.06,"family1_treatment":"hearing","family2_treatment":"hearing","family3_treatment":"hearing","family4_treatment":"hearing","slice_id":1275351},"geometry":{"type":"MultiPolygon","coordinates":[[[[-105.082738,39.973502],[-105.082738,39.973502],[-105.083174,39.973968],[-105.082738,39.973502]]],[[[-105.099828,39.99802],[-105.101451,39.998017],[-105.10144,39.999384],[-105.099866,39.999351],[-105.099828,39.99802]]]]}},{"type":"Feature","properties":{"type":"mixed","acres":52.32,"family1_treatment":"allowed","family2_treatment":"allowed","family3_treatment":"allowed","family4_treatment":"allowed","slice_id":1275353},"geometry":{"type":"MultiPolygon","coordinates":[[[[-105.08635,39.987511],[-105.085986,39.987522],[-105.08598,39.987041],[-105.086007,39.987],[-105.087936,39.987021],[-105.088004,39.987075],[-105.087975,39.987707],[-105.088001,39.987896],[-105.087605,39.988012],[-105.08744,39.988029],[-105.087276,39.987993],[-105.086852,39.987796],[-105.086547,39.987557],[-105.08635,39.987511]]],[[[-105.087414,40.000154],[-105.087417,39.999762],[-105.087957,39.999762],[-105.087954,40.000158],[-105.087414,40.000154]]],[[[-105.089992,39.994751],[-105.089454,39.994751],[-105.089457,39.994366],[-105.08999,39.99436],[-105.089992,39.994751]]],[[[-105.09175,39.998169],[-105.091225,39.998169],[-105.091224,39.997753],[-105.091749,39.997758],[-105.09175,39.998169]]],[[[-105.093322,39.967459],[-105.093291,39.968844],[-105.090591,39.968868],[-105.090625,39.967453],[-105.093322,39.967459]]],[[[-105.093638,39.989403],[-105.09415,39.989379],[-105.094339,39.989273],[-105.094585,39.989456],[-105.094644,39.989546],[-105.095264,39.989556],[-105.095212,39.990236],[-105.095241,39.990296],[-105.09522,39.990566],[-105.095211,39.990454],[-105.095138,39.990454],[-105.095143,39.990288],[-105.093627,39.990287],[-105.093638,39.989403]]],[[[-105.099082,40.000305],[-105.099091,40.001044],[-105.098561,40.001054],[-105.098557,40.000305],[-105.099082,40.000305]]],[[[-105.101203,40.006044],[-105.101202,40.006051],[-105.101203,40.006044],[-105.101203,40.006044]]],[[[-105.108032,40.009543],[-105.109482,40.009907],[-105.10948,40.009996],[-105.109569,40.009994],[-105.109587,40.010242],[-105.109699,40.010783],[-105.109724,40.011275],[-105.109221,40.011318],[-105.108838,40.011387],[-105.108902,40.01167],[-105.108878,40.011912],[-105.108775,40.012142],[-105.108458,40.012631],[-105.108676,40.012739],[-105.109292,40.013137],[-105.108823,40.013459],[-105.108409,40.013824],[-105.108352,40.0138],[-105.108132,40.014138],[-105.10805,40.014446],[-105.108102,40.014446],[-105.108101,40.014477],[-105.110121,40.014481],[-105.110122,40.014543],[-105.107565,40.01456],[-105.107534,40.010773],[-105.107503,40.010773],[-105.107503,40.010738],[-105.107672,40.010738],[-105.107672,40.010501],[-105.107694,40.010483],[-105.107689,40.009836],[-105.107658,40.009816],[-105.107589,40.009572],[-105.108112,40.009364],[-105.108032,40.009543]]],[[[-105.109227,39.984486],[-105.109228,39.986841],[-105.10795,39.986836],[-105.107934,39.98632],[-105.108612,39.986279],[-105.1086,39.986115],[-105.107916,39.986155],[-105.107811,39.98574],[-105.107613,39.985321],[-105.108705,39.984971],[-105.108623,39.984885],[-105.108489,39.984869],[-105.107533,39.985173],[-105.107405,39.984916],[-105.107332,39.984634],[-105.109227,39.984486]]],[[[-105.11076,40.012525],[-105.110485,40.012822],[-105.10986,40.012594],[-105.109989,40.012367],[-105.110026,40.012377],[-105.110218,40.012043],[-105.110918,40.012269],[-105.11076,40.012525]]],[[[-105.11612,39.988773],[-105.11494,39.988784],[-105.114947,39.988169],[-105.114217,39.988174],[-105.114226,39.987068],[-105.115484,39.987061],[-105.115488,39.988109],[-105.11561,39.988183],[-105.116133,39.988182],[-105.11612,39.988773]]],[[[-105.117238,39.987095],[-105.117322,39.987159],[-105.117312,39.988297],[-105.117279,39.988337],[-105.116736,39.988338],[-105.116596,39.988161],[-105.116447,39.988076],[-105.116299,39.988048],[-105.11569,39.988046],[-105.115616,39.988],[-105.115617,39.987061],[-105.116144,39.987056],[-105.116144,39.987099],[-105.117238,39.987095]]]]}},{"type":"Feature","properties":{"type":"primarily_residential","acres":16.31,"family1_treatment":"allowed","family2_treatment":"prohibited","family3_treatment":"prohibited","family4_treatment":"prohibited","slice_id":1275339},"geometry":{"type":"MultiPolygon","coordinates":[[[[-105.078368,39.993991],[-105.078508,39.994461],[-105.078714,39.99581],[-105.078619,39.995815],[-105.078423,39.994464],[-105.078283,39.99399],[-105.078368,39.993991]]],[[[-105.07916,39.994091],[-105.07939,39.994413],[-105.078704,39.994408],[-105.078592,39.994081],[-105.07916,39.994091]]],[[[-105.079189,39.994467],[-105.079183,39.9952],[-105.078833,39.9952],[-105.078726,39.994462],[-105.079189,39.994467]]],[[[-105.082696,39.995748],[-105.078919,39.995749],[-105.078858,39.995364],[-105.082689,39.995364],[-105.082696,39.995748]]],[[[-105.079429,39.99447],[-105.079939,39.995203],[-105.079256,39.995201],[-105.079262,39.994468],[-105.079429,39.99447]]],[[[-105.079804,39.994103],[-105.080167,39.994638],[-105.080385,39.994927],[-105.079957,39.994922],[-105.079379,39.994096],[-105.079804,39.994103]]],[[[-105.080652,39.995205],[-105.080243,39.994638],[-105.079884,39.994104],[-105.080331,39.994121],[-105.081078,39.995207],[-105.080652,39.995205]]],[[[-105.079959,39.994922],[-105.080386,39.994928],[-105.080574,39.995204],[-105.080147,39.995203],[-105.079959,39.994922]]],[[[-105.081009,39.994149],[-105.081517,39.994916],[-105.081711,39.995203],[-105.081278,39.995208],[-105.080519,39.994126],[-105.081009,39.994149]]],[[[-105.081573,39.994204],[-105.08185,39.994627],[-105.082218,39.995203],[-105.081789,39.995203],[-105.081105,39.994169],[-105.081573,39.994204]]],[[[-105.082146,39.994248],[-105.082508,39.994731],[-105.082819,39.9952],[-105.082444,39.995202],[-105.081784,39.994224],[-105.082146,39.994248]]],[[[-105.09153,39.990637],[-105.091559,39.992229],[-105.091174,39.992235],[-105.091169,39.990632],[-105.09153,39.990637]]],[[[-105.092529,39.990726],[-105.092536,39.992221],[-105.091768,39.992225],[-105.091748,39.990733],[-105.092529,39.990726]]],[[[-105.092748,39.992219],[-105.092745,39.990725],[-105.093132,39.990721],[-105.093132,39.992217],[-105.092748,39.992219]]]]}},{"type":"Feature","properties":{"type":"primarily_residential","acres":524.21,"family1_treatment":"allowed","family2_treatment":"prohibited","family3_treatment":"prohibited","family4_treatment":"prohibited","slice_id":1275341},"geometry":{"type":"MultiPolygon","coordinates":[[[[-105.077146,39.99347],[-105.077896,39.993487],[-105.078153,39.993898],[-105.077157,39.993881],[-105.077146,39.99347]]],[[[-105.07742,39.983659],[-105.077519,39.983434],[-105.077484,39.98342],[-105.078362,39.982044],[-105.078446,39.981968],[-105.078577,39.981928],[-105.078749,39.981956],[-105.078955,39.982053],[-105.07896,39.982107],[-105.077932,39.983415],[-105.077926,39.983471],[-105.077968,39.983509],[-105.078046,39.983512],[-105.078549,39.983751],[-105.078708,39.983736],[-105.079757,39.982444],[-105.080238,39.982665],[-105.08025,39.982705],[-105.07946,39.983693],[-105.079451,39.983739],[-105.079499,39.983788],[-105.079577,39.983789],[-105.080085,39.984028],[-105.08013,39.984089],[-105.08026,39.984069],[-105.080272,39.983998],[-105.081022,39.983056],[-105.081695,39.983358],[-105.080742,39.984538],[-105.080614,39.984595],[-105.07742,39.983659]]],[[[-105.079134,39.982138],[-105.079604,39.982379],[-105.079275,39.98284],[-105.078616,39.983657],[-105.078555,39.983659],[-105.078119,39.98345],[-105.078109,39.9834],[-105.079076,39.982156],[-105.079134,39.982138]]],[[[-105.081704,39.980846],[-105.081497,39.980876],[-105.079343,39.981785],[-105.079107,39.981919],[-105.078866,39.981826],[-105.079063,39.981615],[-105.079153,39.981591],[-105.079316,39.981483],[-105.07885,39.981264],[-105.078568,39.981686],[-105.078545,39.981675],[-105.078934,39.981103],[-105.078996,39.981095],[-105.079265,39.981186],[-105.079471,39.98117],[-105.081305,39.980402],[-105.081183,39.980251],[-105.081025,39.980235],[-105.080945,39.98029],[-105.08091,39.9804],[-105.080857,39.98045],[-105.079451,39.981043],[-105.079237,39.981054],[-105.079054,39.980972],[-105.079038,39.980903],[-105.079269,39.980564],[-105.079607,39.980407],[-105.079463,39.980246],[-105.079358,39.980233],[-105.079283,39.980261],[-105.079292,39.979979],[-105.081311,39.980022],[-105.082357,39.980595],[-105.082358,39.981517],[-105.08238,39.9816],[-105.082362,39.982546],[-105.081801,39.983217],[-105.081566,39.983112],[-105.081556,39.983078],[-105.081961,39.982559],[-105.082032,39.982409],[-105.082032,39.981147],[-105.082007,39.981044],[-105.081935,39.980947],[-105.08183,39.980879],[-105.081704,39.980846]]],[[[-105.081074,39.981172],[-105.081123,39.981202],[-105.081124,39.981243],[-105.080167,39.98242],[-105.080124,39.982426],[-105.079238,39.981988],[-105.07927,39.981917],[-105.081074,39.981172]]],[[[-105.080424,39.982751],[-105.080865,39.98296],[-105.080882,39.982994],[-105.080417,39.98362],[-105.080133,39.983943],[-105.079649,39.983729],[-105.079638,39.983683],[-105.080354,39.982779],[-105.080424,39.982751]]],[[[-105.081312,39.98738],[-105.082229,39.987386],[-105.082249,39.987409],[-105.082235,39.987694],[-105.082163,39.9878],[-105.080453,39.989142],[-105.080197,39.988949],[-105.080237,39.988917],[-105.080037,39.988671],[-105.08116,39.987793],[-105.081257,39.98764],[-105.081281,39.987413],[-105.081312,39.98738]]],[[[-105.08046,39.989333],[-105.082037,39.988096],[-105.082104,39.988102],[-105.082532,39.988438],[-105.082521,39.98849],[-105.08114,39.989566],[-105.081053,39.989717],[-105.080641,39.9897],[-105.080642,39.989631],[-105.080677,39.989623],[-105.080707,39.98953],[-105.08046,39.989333]]],[[[-105.081643,39.980933],[-105.081788,39.980959],[-105.081887,39.981036],[-105.081928,39.981138],[-105.081934,39.98132],[-105.080827,39.982712],[-105.080766,39.982733],[-105.08028,39.982501],[-105.080282,39.982448],[-105.081411,39.981026],[-105.081643,39.980933]]],[[[-105.081702,39.986733],[-105.080718,39.986717],[-105.080684,39.986691],[-105.080691,39.986461],[-105.081131,39.986442],[-105.081238,39.986504],[-105.081317,39.98651],[-105.081416,39.986445],[-105.08142,39.986348],[-105.081295,39.986279],[-105.081131,39.986345],[-105.0807,39.986328],[-105.080683,39.985842],[-105.080732,39.985811],[-105.081122,39.985807],[-105.081237,39.985866],[-105.081324,39.98587],[-105.081411,39.985824],[-105.081431,39.985739],[-105.081385,39.985681],[-105.081301,39.985656],[-105.081131,39.985715],[-105.080699,39.985699],[-105.080686,39.985215],[-105.080732,39.985183],[-105.081138,39.985182],[-105.081335,39.985252],[-105.081428,39.985213],[-105.081456,39.985137],[-105.081411,39.985067],[-105.081323,39.985038],[-105.081163,39.985095],[-105.080708,39.98508],[-105.080696,39.984892],[-105.080794,39.984734],[-105.081725,39.984995],[-105.081702,39.986733]]],[[[-105.082043,39.989132],[-105.082144,39.989201],[-105.082207,39.989313],[-105.082204,39.989735],[-105.081528,39.989724],[-105.081301,39.989669],[-105.08199,39.989143],[-105.082043,39.989132]]],[[[-105.081879,39.981599],[-105.081934,39.981642],[-105.081934,39.98235],[-105.081875,39.982516],[-105.081444,39.983033],[-105.080927,39.98281],[-105.080923,39.982752],[-105.081825,39.981618],[-105.081879,39.981599]]],[[[-105.0828,39.987686],[-105.082782,39.989731],[-105.082361,39.989731],[-105.082362,39.989267],[-105.082302,39.989142],[-105.082161,39.988988],[-105.082652,39.988585],[-105.082706,39.98844],[-105.082658,39.988335],[-105.082227,39.988003],[-105.082216,39.987963],[-105.082349,39.987822],[-105.082407,39.987693],[-105.0828,39.987686]]],[[[-105.082795,39.988418],[-105.082794,39.988443],[-105.082796,39.9884],[-105.082795,39.988418]]],[[[-105.084559,40.014061],[-105.084504,40.013562],[-105.084518,40.012996],[-105.084613,40.012884],[-105.084791,40.012834],[-105.085367,40.012825],[-105.085417,40.012848],[-105.085467,40.013034],[-105.085469,40.013744],[-105.085437,40.013808],[-105.085308,40.013896],[-105.085287,40.01398],[-105.085329,40.014052],[-105.085424,40.014094],[-105.085535,40.014085],[-105.085613,40.01403],[-105.085636,40.013973],[-105.085642,40.013048],[-105.085576,40.012772],[-105.085785,40.012631],[-105.0859,40.012502],[-105.085968,40.012353],[-105.085979,40.01218],[-105.085928,40.011998],[-105.085731,40.0117],[-105.085657,40.011488],[-105.085663,40.009958],[-105.085628,40.009827],[-105.085483,40.009687],[-105.085263,40.009618],[-105.084748,40.009609],[-105.084534,40.009675],[-105.084404,40.009793],[-105.084356,40.009932],[-105.084353,40.011665],[-105.08438,40.01177],[-105.084518,40.011913],[-105.08471,40.011976],[-105.085169,40.011988],[-105.085591,40.011892],[-105.085663,40.011901],[-105.085797,40.012079],[-105.085825,40.012282],[-105.085726,40.012492],[-105.085505,40.012648],[-105.085278,40.012703],[-105.084674,40.01272],[-105.084532,40.01277],[-105.084421,40.012855],[-105.084343,40.013033],[-105.084292,40.014372],[-105.083868,40.014369],[-105.083879,40.0085],[-105.085894,40.008527],[-105.08591,40.009968],[-105.08611,40.010142],[-105.086099,40.011976],[-105.086355,40.012165],[-105.086344,40.01295],[-105.085891,40.014378],[-105.084552,40.014375],[-105.084559,40.014061]]],[[[-105.084446,40.014016],[-105.084453,40.014349],[-105.084424,40.014369],[-105.084396,40.014348],[-105.084392,40.014138],[-105.084417,40.014024],[-105.084446,40.014016]]],[[[-105.084789,40.01186],[-105.084609,40.011801],[-105.084515,40.011659],[-105.08454,40.009906],[-105.084603,40.009805],[-105.084741,40.00974],[-105.085287,40.009748],[-105.085429,40.009823],[-105.085494,40.009946],[-105.085478,40.011451],[-105.085565,40.011753],[-105.085271,40.011858],[-105.084789,40.01186]]],[[[-105.088411,40.010154],[-105.086782,40.010151],[-105.086237,40.009894],[-105.086237,40.008764],[-105.086803,40.008504],[-105.087619,40.007662],[-105.087932,40.007786],[-105.087081,40.008675],[-105.086806,40.008848],[-105.086679,40.008978],[-105.086611,40.009116],[-105.086592,40.009262],[-105.08668,40.009462],[-105.086591,40.009588],[-105.086588,40.009674],[-105.086662,40.009752],[-105.08677,40.009774],[-105.086877,40.00974],[-105.087026,40.009599],[-105.088411,40.009604],[-105.088454,40.00965],[-105.088458,40.010118],[-105.088411,40.010154]]],[[[-105.087145,40.012889],[-105.086671,40.012487],[-105.086936,40.012311],[-105.086448,40.011899],[-105.086452,40.011344],[-105.086662,40.011268],[-105.086677,40.010487],[-105.08674,40.010284],[-105.08725,40.01029],[-105.087307,40.010322],[-105.087312,40.010844],[-105.087285,40.010987],[-105.087174,40.011184],[-105.086888,40.011467],[-105.086843,40.011595],[-105.086847,40.011705],[-105.08695,40.011896],[-105.087811,40.012672],[-105.087781,40.012709],[-105.087145,40.012889]]],[[[-105.086653,40.014515],[-105.086671,40.01392],[-105.086782,40.01396],[-105.086884,40.013955],[-105.087002,40.013868],[-105.087385,40.01372],[-105.088547,40.013395],[-105.088758,40.013273],[-105.089093,40.01291],[-105.089334,40.012756],[-105.090671,40.012422],[-105.090818,40.012295],[-105.091104,40.01171],[-105.091712,40.011442],[-105.091861,40.011326],[-105.09194,40.011175],[-105.091963,40.010916],[-105.092434,40.010899],[-105.09263,40.0108],[-105.092702,40.010646],[-105.092718,40.009742],[-105.092658,40.009594],[-105.092445,40.00935],[-105.092638,40.009196],[-105.092721,40.009028],[-105.092741,40.00758],[-105.092802,40.007536],[-105.093146,40.007557],[-105.09313,40.014672],[-105.08668,40.014723],[-105.086653,40.014515]]],[[[-105.086925,40.012904],[-105.087023,40.013068],[-105.087019,40.013475],[-105.0871,40.013679],[-105.086929,40.013751],[-105.08667,40.013793],[-105.086672,40.012695],[-105.086925,40.012904]]],[[[-105.087049,40.009466],[-105.086921,40.009436],[-105.086814,40.009358],[-105.086767,40.009255],[-105.086784,40.009135],[-105.086898,40.008969],[-105.087166,40.008802],[-105.087332,40.008658],[-105.087694,40.008792],[-105.088338,40.008929],[-105.088452,40.009035],[-105.088453,40.009427],[-105.088412,40.009469],[-105.087049,40.009466]]],[[[-105.087439,40.011093],[-105.087649,40.011079],[-105.087713,40.011033],[-105.087743,40.010964],[-105.087687,40.010855],[-105.087483,40.010776],[-105.087503,40.010303],[-105.088445,40.010306],[-105.088452,40.010935],[-105.088411,40.011102],[-105.088329,40.011261],[-105.088098,40.011498],[-105.087341,40.012005],[-105.087075,40.011797],[-105.087016,40.011614],[-105.087072,40.011483],[-105.087288,40.011296],[-105.087439,40.011093]]],[[[-105.087279,40.013604],[-105.087233,40.013563],[-105.087194,40.013442],[-105.087208,40.013026],[-105.08798,40.012773],[-105.089044,40.011949],[-105.089118,40.011948],[-105.089493,40.012189],[-105.089683,40.012363],[-105.089722,40.012471],[-105.089703,40.012506],[-105.089362,40.012592],[-105.089116,40.012706],[-105.088526,40.013244],[-105.087279,40.013604]]],[[[-105.088685,40.010886],[-105.089348,40.010903],[-105.089354,40.011141],[-105.089281,40.011402],[-105.089157,40.011613],[-105.088987,40.011797],[-105.088014,40.01256],[-105.087954,40.012567],[-105.087495,40.012165],[-105.087482,40.012115],[-105.088364,40.011476],[-105.088536,40.011248],[-105.088635,40.010912],[-105.088685,40.010886]]],[[[-105.0887,40.010749],[-105.088628,40.010706],[-105.088634,40.009052],[-105.088608,40.008955],[-105.08854,40.008872],[-105.088433,40.00881],[-105.087733,40.008655],[-105.087467,40.008524],[-105.088018,40.007935],[-105.088263,40.008025],[-105.088325,40.008121],[-105.088407,40.008168],[-105.088536,40.008166],[-105.088626,40.008105],[-105.088647,40.008003],[-105.088591,40.007928],[-105.088489,40.007892],[-105.088353,40.007906],[-105.088145,40.007788],[-105.088316,40.007411],[-105.088404,40.007276],[-105.088452,40.007255],[-105.088796,40.007337],[-105.089358,40.007388],[-105.089362,40.008504],[-105.089411,40.008637],[-105.089496,40.008726],[-105.089744,40.008822],[-105.090704,40.008852],[-105.090811,40.00893],[-105.091059,40.009306],[-105.091027,40.009349],[-105.090917,40.009377],[-105.089785,40.009379],[-105.089549,40.00944],[-105.089413,40.009555],[-105.089355,40.009706],[-105.089367,40.009933],[-105.089492,40.010095],[-105.089628,40.010162],[-105.089779,40.01019],[-105.091328,40.01021],[-105.091518,40.010176],[-105.091753,40.010065],[-105.092004,40.010193],[-105.092493,40.010211],[-105.092541,40.01025],[-105.092523,40.010665],[-105.092472,40.010734],[-105.092378,40.010768],[-105.0887,40.010749]]],[[[-105.088125,40.005626],[-105.089425,40.005623],[-105.089427,40.005404],[-105.090314,40.004533],[-105.091309,40.004114],[-105.093171,40.004129],[-105.093168,40.005024],[-105.093123,40.005066],[-105.092798,40.005069],[-105.092742,40.005043],[-105.092734,40.004529],[-105.092663,40.004433],[-105.092547,40.004392],[-105.091423,40.004397],[-105.090594,40.004732],[-105.089901,40.005388],[-105.089805,40.00558],[-105.089777,40.005852],[-105.08975,40.005889],[-105.088779,40.005899],[-105.088644,40.005935],[-105.088543,40.006005],[-105.088475,40.006142],[-105.088463,40.006835],[-105.088431,40.006942],[-105.08837,40.006969],[-105.088054,40.006794],[-105.088114,40.006719],[-105.088125,40.005626]]],[[[-105.092806,40.007275],[-105.09273,40.007227],[-105.092728,40.006906],[-105.092659,40.006758],[-105.092495,40.006634],[-105.092253,40.006577],[-105.090905,40.006574],[-105.090727,40.006604],[-105.090565,40.00668],[-105.090457,40.00678],[-105.090392,40.006902],[-105.090332,40.007155],[-105.090261,40.007192],[-105.089537,40.007135],[-105.089526,40.006875],[-105.089667,40.006804],[-105.08971,40.006705],[-105.089644,40.006602],[-105.08951,40.006571],[-105.089414,40.006603],[-105.089357,40.006676],[-105.089321,40.007141],[-105.088932,40.007143],[-105.088609,40.007093],[-105.088569,40.007041],[-105.088638,40.006836],[-105.088651,40.006135],[-105.088704,40.006063],[-105.088805,40.006031],[-105.091175,40.00603],[-105.091407,40.005997],[-105.091602,40.006024],[-105.091719,40.005925],[-105.091713,40.005818],[-105.091829,40.005608],[-105.091841,40.005248],[-105.091897,40.005207],[-105.092472,40.005208],[-105.092538,40.005234],[-105.09255,40.005731],[-105.092412,40.005824],[-105.092377,40.005913],[-105.092451,40.006021],[-105.092603,40.006045],[-105.092687,40.006005],[-105.092732,40.005925],[-105.092738,40.005233],[-105.092789,40.005205],[-105.093116,40.005206],[-105.093165,40.005251],[-105.093152,40.007221],[-105.093097,40.007273],[-105.092806,40.007275]]],[[[-105.089931,40.012461],[-105.089762,40.012195],[-105.089217,40.011819],[-105.089397,40.011555],[-105.089485,40.011365],[-105.089534,40.011163],[-105.08955,40.010898],[-105.091765,40.010916],[-105.091766,40.011159],[-105.091699,40.011276],[-105.091007,40.011595],[-105.090525,40.011429],[-105.090264,40.011418],[-105.090158,40.01146],[-105.090113,40.011582],[-105.090212,40.011683],[-105.09037,40.011685],[-105.090514,40.011567],[-105.090859,40.011707],[-105.09088,40.011754],[-105.090677,40.012213],[-105.090611,40.012291],[-105.089931,40.012461]]],[[[-105.08982,40.010054],[-105.089624,40.010003],[-105.089531,40.009864],[-105.089563,40.009622],[-105.089636,40.009557],[-105.089756,40.009518],[-105.090912,40.009514],[-105.091181,40.009454],[-105.091633,40.009922],[-105.091488,40.010033],[-105.091363,40.010071],[-105.08982,40.010054]]],[[[-105.092533,40.010057],[-105.092033,40.010054],[-105.091933,40.009993],[-105.091227,40.009245],[-105.090965,40.008855],[-105.090847,40.008753],[-105.090636,40.008687],[-105.089785,40.008687],[-105.089622,40.008631],[-105.089547,40.008514],[-105.089549,40.008157],[-105.089597,40.008132],[-105.090427,40.008136],[-105.091635,40.008233],[-105.091662,40.008626],[-105.091752,40.008848],[-105.092534,40.009717],[-105.092533,40.010057]]],[[[-105.091597,40.00809],[-105.090476,40.008005],[-105.089581,40.007992],[-105.089543,40.007948],[-105.089549,40.007411],[-105.08961,40.007367],[-105.089876,40.007374],[-105.09103,40.007497],[-105.091634,40.007523],[-105.091669,40.007565],[-105.091662,40.00805],[-105.091597,40.00809]]],[[[-105.089982,40.005888],[-105.089955,40.005853],[-105.089967,40.005666],[-105.090062,40.005458],[-105.090724,40.00483],[-105.090802,40.004843],[-105.090973,40.005066],[-105.091109,40.00516],[-105.091286,40.005204],[-105.091617,40.005206],[-105.091662,40.005242],[-105.091631,40.005644],[-105.091535,40.005773],[-105.09139,40.005859],[-105.091212,40.005894],[-105.089982,40.005888]]],[[[-105.091328,40.00728],[-105.09054,40.007212],[-105.090512,40.007165],[-105.090581,40.006889],[-105.090697,40.006772],[-105.090868,40.006718],[-105.092227,40.006711],[-105.09242,40.006761],[-105.092538,40.006892],[-105.092545,40.007225],[-105.092503,40.007269],[-105.091328,40.00728]]],[[[-105.091861,40.005071],[-105.091213,40.005043],[-105.091101,40.004965],[-105.090962,40.004781],[-105.090959,40.004738],[-105.09149,40.004522],[-105.092374,40.004524],[-105.092535,40.004611],[-105.092562,40.004799],[-105.092533,40.005059],[-105.091861,40.005071]]],[[[-105.091887,40.007525],[-105.092508,40.00753],[-105.092565,40.007568],[-105.092546,40.009015],[-105.092484,40.009131],[-105.092345,40.009211],[-105.092288,40.009197],[-105.091968,40.008862],[-105.09185,40.008642],[-105.091848,40.007571],[-105.091887,40.007525]]],[[[-105.097693,40.012455],[-105.093434,40.012439],[-105.093439,40.011052],[-105.097433,40.011081],[-105.097578,40.010747],[-105.097863,40.010787],[-105.098729,40.010795],[-105.098765,40.010835],[-105.098769,40.011074],[-105.098946,40.011075],[-105.098939,40.010836],[-105.098984,40.010799],[-105.101066,40.010808],[-105.101398,40.010742],[-105.10203,40.010506],[-105.10258,40.010505],[-105.102633,40.010529],[-105.10263,40.011084],[-105.097683,40.011074],[-105.097693,40.012455]]],[[[-105.093524,40.01026],[-105.09353,40.010042],[-105.093569,40.010005],[-105.094099,40.010004],[-105.094842,40.009879],[-105.095086,40.009867],[-105.095052,40.010266],[-105.093524,40.01026]]],[[[-105.093932,40.008708],[-105.093939,40.00931],[-105.09399,40.009443],[-105.094132,40.009657],[-105.094188,40.009833],[-105.094019,40.00988],[-105.093562,40.009867],[-105.093525,40.009831],[-105.093512,40.009653],[-105.093503,40.008679],[-105.093932,40.008708]]],[[[-105.095073,40.007526],[-105.095372,40.007562],[-105.095515,40.007611],[-105.095409,40.007872],[-105.095396,40.008082],[-105.095452,40.008258],[-105.095744,40.008801],[-105.095758,40.009021],[-105.095294,40.009042],[-105.094831,40.008989],[-105.094126,40.008981],[-105.094107,40.008713],[-105.095051,40.008705],[-105.095073,40.007526]]],[[[-105.093523,39.990718],[-105.093515,39.992215],[-105.093132,39.992217],[-105.093132,39.990721],[-105.093523,39.990718]]],[[[-105.093457,40.000319],[-105.095057,40.000315],[-105.095065,40.001051],[-105.093945,40.001053],[-105.093945,40.001139],[-105.093454,40.001141],[-105.093457,40.000319]]],[[[-105.094304,40.00962],[-105.094125,40.009319],[-105.094103,40.009214],[-105.094132,40.009131],[-105.094755,40.009125],[-105.095256,40.009179],[-105.096508,40.009185],[-105.09655,40.009219],[-105.09655,40.009686],[-105.096517,40.009717],[-105.095017,40.009729],[-105.094407,40.009815],[-105.094363,40.009791],[-105.094304,40.00962]]],[[[-105.094517,39.990715],[-105.0945,39.992211],[-105.09373,39.992214],[-105.093733,39.990717],[-105.094517,39.990715]]],[[[-105.095692,40.00122],[-105.095694,40.001752],[-105.094986,40.001749],[-105.094989,40.001218],[-105.095692,40.00122]]],[[[-105.095157,40.001052],[-105.095146,40.000315],[-105.096781,40.000308],[-105.096784,40.000636],[-105.096259,40.000636],[-105.09626,40.000739],[-105.096784,40.000739],[-105.096787,40.001051],[-105.095157,40.001052]]],[[[-105.095692,40.010139],[-105.095693,40.00987],[-105.096537,40.009857],[-105.096583,40.009882],[-105.096728,40.010205],[-105.096471,40.010295],[-105.096232,40.010134],[-105.095692,40.010139]]],[[[-105.096486,40.009047],[-105.095994,40.009046],[-105.095948,40.009021],[-105.095901,40.008734],[-105.095578,40.008106],[-105.095583,40.007899],[-105.095693,40.007676],[-105.095791,40.007692],[-105.096056,40.007851],[-105.096259,40.008023],[-105.096415,40.008227],[-105.096503,40.008419],[-105.096545,40.008623],[-105.096551,40.009008],[-105.096486,40.009047]]],[[[-105.095126,39.990737],[-105.095495,39.990711],[-105.095538,39.99074],[-105.095502,39.992185],[-105.095457,39.992215],[-105.094712,39.992212],[-105.094731,39.990713],[-105.095127,39.990716],[-105.095126,39.990737]]],[[[-105.09658,40.008091],[-105.096355,40.007857],[-105.096114,40.007667],[-105.095911,40.007551],[-105.095628,40.007443],[-105.097124,40.007465],[-105.097072,40.007678],[-105.096957,40.007859],[-105.096802,40.007995],[-105.09658,40.008091]]],[[[-105.09545,39.992377],[-105.095504,39.992413],[-105.095482,39.994163],[-105.095453,39.99419],[-105.095016,39.994186],[-105.09502,39.993285],[-105.095108,39.993284],[-105.095119,39.992376],[-105.09545,39.992377]]],[[[-105.095691,40.003861],[-105.095705,40.001943],[-105.095777,40.001941],[-105.095776,40.001217],[-105.096773,40.001216],[-105.096771,40.001412],[-105.096676,40.001556],[-105.096639,40.001688],[-105.096632,40.003859],[-105.096724,40.003859],[-105.096833,40.003859],[-105.096829,40.003572],[-105.097369,40.003569],[-105.097514,40.003613],[-105.097606,40.003588],[-105.097672,40.003522],[-105.097638,40.001214],[-105.098038,40.001214],[-105.098057,40.003853],[-105.096162,40.003866],[-105.095691,40.003861]]],[[[-105.095783,39.994358],[-105.097411,39.994351],[-105.097411,39.995642],[-105.097047,39.995659],[-105.097052,39.994743],[-105.095782,39.994744],[-105.095783,39.994358]]],[[[-105.095707,39.992385],[-105.096354,39.992389],[-105.09639,39.992412],[-105.096376,39.99373],[-105.096355,39.994165],[-105.096323,39.994197],[-105.095685,39.994192],[-105.095654,39.994163],[-105.095676,39.992419],[-105.095707,39.992385]]],[[[-105.095735,39.990707],[-105.09639,39.99071],[-105.096435,39.990735],[-105.096397,39.992181],[-105.096365,39.992217],[-105.095736,39.992216],[-105.095683,39.992189],[-105.095689,39.991353],[-105.095711,39.990733],[-105.095735,39.990707]]],[[[-105.097269,40.007735],[-105.09738,40.007697],[-105.097442,40.007629],[-105.097446,40.007551],[-105.097387,40.007479],[-105.102634,40.007461],[-105.102639,40.008682],[-105.102186,40.008678],[-105.102182,40.007862],[-105.102134,40.007773],[-105.102036,40.007726],[-105.10018,40.007723],[-105.099969,40.007775],[-105.099743,40.007926],[-105.099418,40.007802],[-105.099123,40.007746],[-105.098662,40.007737],[-105.098275,40.007801],[-105.098161,40.007747],[-105.098054,40.007747],[-105.097946,40.007823],[-105.097932,40.007957],[-105.097637,40.008206],[-105.097478,40.008533],[-105.097445,40.008743],[-105.097456,40.009765],[-105.09743,40.00988],[-105.097307,40.010041],[-105.097013,40.010228],[-105.096864,40.010047],[-105.096776,40.009794],[-105.096764,40.008638],[-105.096674,40.008271],[-105.097039,40.008045],[-105.097269,40.007735]]],[[[-105.099457,40.010635],[-105.099391,40.010594],[-105.099385,40.008714],[-105.099343,40.008613],[-105.099256,40.008521],[-105.099002,40.008424],[-105.098726,40.008423],[-105.098553,40.008464],[-105.098407,40.008561],[-105.098324,40.008695],[-105.09831,40.01061],[-105.09792,40.010625],[-105.097658,40.010593],[-105.09738,40.010502],[-105.097156,40.010366],[-105.097166,40.01032],[-105.097483,40.010087],[-105.097596,40.009914],[-105.097627,40.009767],[-105.097616,40.008745],[-105.097645,40.008562],[-105.097792,40.008273],[-105.098106,40.008024],[-105.098362,40.007923],[-105.098634,40.007874],[-105.099027,40.007874],[-105.099272,40.007908],[-105.099521,40.00799],[-105.09972,40.0081],[-105.099898,40.008254],[-105.100025,40.008435],[-105.100112,40.008746],[-105.1001,40.010603],[-105.10005,40.01064],[-105.099457,40.010635]]],[[[-105.097469,40.001215],[-105.097481,40.003309],[-105.097423,40.003383],[-105.097318,40.003427],[-105.096831,40.003429],[-105.09683,40.001715],[-105.096963,40.001438],[-105.096966,40.001215],[-105.097469,40.001215]]],[[[-105.096538,39.994183],[-105.096574,39.992415],[-105.096617,39.99239],[-105.097263,39.992399],[-105.097287,39.992436],[-105.097244,39.994162],[-105.097202,39.994189],[-105.096883,39.994211],[-105.096538,39.994183]]],[[[-105.097006,40.000307],[-105.098557,40.000305],[-105.098557,40.000716],[-105.098039,40.000712],[-105.098038,40.001051],[-105.097021,40.001051],[-105.097006,40.000307]]],[[[-105.097249,39.99223],[-105.096623,39.992223],[-105.096575,39.992191],[-105.096613,39.990752],[-105.09665,39.990716],[-105.097289,39.990743],[-105.097336,39.990772],[-105.097287,39.992205],[-105.097249,39.99223]]],[[[-105.097502,39.992398],[-105.09809,39.992382],[-105.098167,39.992435],[-105.09814,39.994169],[-105.097476,39.994187],[-105.097425,39.994153],[-105.097465,39.992431],[-105.097502,39.992398]]],[[[-105.098562,40.010629],[-105.098496,40.010587],[-105.098492,40.008737],[-105.098553,40.008632],[-105.098677,40.008563],[-105.099015,40.008563],[-105.099147,40.008627],[-105.099217,40.008753],[-105.099211,40.010593],[-105.099151,40.010631],[-105.098562,40.010629]]],[[[-105.099812,39.994619],[-105.097596,39.994624],[-105.097592,39.994347],[-105.100308,39.994314],[-105.100278,39.996549],[-105.099819,39.99655],[-105.099812,39.994619]]],[[[-105.098138,39.992237],[-105.097519,39.992237],[-105.097466,39.992199],[-105.097517,39.990755],[-105.097546,39.990722],[-105.097858,39.990718],[-105.097849,39.991296],[-105.098167,39.9913],[-105.098237,39.991362],[-105.098185,39.991448],[-105.098177,39.992192],[-105.098138,39.992237]]],[[[-105.09832,39.994048],[-105.098351,39.992463],[-105.098388,39.992407],[-105.098814,39.992404],[-105.099372,39.992603],[-105.099496,39.992662],[-105.099516,39.992727],[-105.099338,39.992919],[-105.099017,39.993685],[-105.099031,39.993773],[-105.099175,39.993843],[-105.09933,39.993779],[-105.099348,39.993687],[-105.099262,39.993556],[-105.099524,39.992933],[-105.099603,39.99286],[-105.099688,39.992848],[-105.100123,39.993284],[-105.100237,39.993449],[-105.100211,39.993521],[-105.100025,39.993582],[-105.099987,39.993673],[-105.100059,39.993769],[-105.100269,39.993827],[-105.100278,39.994074],[-105.09832,39.994048]]],[[[-105.09894,39.992294],[-105.09843,39.99225],[-105.098363,39.992214],[-105.09836,39.991515],[-105.098394,39.99146],[-105.0987,39.991375],[-105.098778,39.991384],[-105.099197,39.991814],[-105.099227,39.991899],[-105.099208,39.991986],[-105.099034,39.992261],[-105.09894,39.992294]]],[[[-105.099675,39.992587],[-105.099234,39.992398],[-105.099192,39.992356],[-105.099388,39.992001],[-105.099392,39.991822],[-105.099333,39.991722],[-105.098851,39.991238],[-105.098936,39.991141],[-105.099178,39.991006],[-105.100249,39.992209],[-105.100143,39.992187],[-105.100038,39.99222],[-105.099985,39.992286],[-105.09998,39.992421],[-105.099744,39.992577],[-105.099675,39.992587]]],[[[-105.100222,40.008376],[-105.099904,40.008029],[-105.099998,40.007926],[-105.100132,40.007866],[-105.101848,40.007861],[-105.101948,40.007894],[-105.102003,40.007969],[-105.102006,40.008267],[-105.101955,40.008311],[-105.100573,40.008307],[-105.100222,40.008376]]],[[[-105.100336,40.01064],[-105.100283,40.0106],[-105.100295,40.008765],[-105.100263,40.008525],[-105.100568,40.008445],[-105.101991,40.00846],[-105.102006,40.008677],[-105.100652,40.008669],[-105.100652,40.009875],[-105.102002,40.009889],[-105.101997,40.010325],[-105.101482,40.010512],[-105.101371,40.010376],[-105.101398,40.010283],[-105.101369,40.010213],[-105.10129,40.010162],[-105.101186,40.010154],[-105.101075,40.010214],[-105.101049,40.010311],[-105.101102,40.010387],[-105.101224,40.010447],[-105.1013,40.010552],[-105.101282,40.010594],[-105.100986,40.010648],[-105.100336,40.01064]]],[[[-105.099824,39.996686],[-105.10029,39.996704],[-105.100274,39.998018],[-105.099828,39.99802],[-105.099824,39.996686]]],[[[-105.102868,39.994088],[-105.102175,39.993267],[-105.102182,39.992029],[-105.102941,39.992037],[-105.103224,39.992434],[-105.104358,39.991971],[-105.10441,39.992246],[-105.10314,39.992765],[-105.102912,39.992801],[-105.102736,39.992789],[-105.102725,39.992602],[-105.102819,39.992443],[-105.102794,39.992374],[-105.102736,39.992327],[-105.10256,39.992322],[-105.102494,39.992367],[-105.102464,39.992439],[-105.10255,39.992601],[-105.102564,39.993017],[-105.102633,39.993236],[-105.102929,39.993644],[-105.103041,39.993727],[-105.103202,39.993791],[-105.103486,39.993794],[-105.103566,39.993727],[-105.103569,39.99363],[-105.103442,39.993541],[-105.103204,39.993586],[-105.103069,39.993549],[-105.102811,39.993194],[-105.102738,39.992968],[-105.1032,39.992895],[-105.103719,39.992717],[-105.103876,39.992928],[-105.104192,39.993173],[-105.104286,39.993302],[-105.104313,39.993412],[-105.104305,39.994068],[-105.102868,39.994088]]],[[[-105.100221,39.99312],[-105.100164,39.993095],[-105.099834,39.992723],[-105.100283,39.992405],[-105.100319,39.992284],[-105.100875,39.992881],[-105.100709,39.992878],[-105.100221,39.99312]]],[[[-105.100517,39.997875],[-105.100488,39.997849],[-105.100502,39.996493],[-105.101331,39.996483],[-105.101344,39.997862],[-105.100517,39.997875]]],[[[-105.100539,39.996336],[-105.1005,39.996311],[-105.100527,39.994341],[-105.100563,39.994315],[-105.101339,39.994328],[-105.101354,39.996313],[-105.101313,39.99634],[-105.100539,39.996336]]],[[[-105.100539,39.993662],[-105.10046,39.993618],[-105.100344,39.993259],[-105.100614,39.993098],[-105.100774,39.993123],[-105.100871,39.993106],[-105.100945,39.993041],[-105.100953,39.992966],[-105.101513,39.993566],[-105.101365,39.993563],[-105.101209,39.99367],[-105.100539,39.993662]]],[[[-105.100438,39.994074],[-105.100476,39.993819],[-105.100534,39.993796],[-105.101459,39.993804],[-105.101566,39.993749],[-105.101595,39.99366],[-105.101948,39.994085],[-105.100438,39.994074]]],[[[-105.101559,39.997976],[-105.102014,39.997976],[-105.102149,39.998033],[-105.10224,39.998005],[-105.102288,39.997934],[-105.102257,39.997848],[-105.102155,39.997806],[-105.10207,39.99782],[-105.102011,39.997868],[-105.10156,39.997862],[-105.101564,39.997241],[-105.102018,39.997244],[-105.102151,39.997298],[-105.102247,39.997267],[-105.102292,39.997194],[-105.102258,39.997112],[-105.10216,39.997071],[-105.102074,39.997082],[-105.102011,39.997133],[-105.101564,39.997128],[-105.101564,39.996505],[-105.102016,39.996508],[-105.102156,39.996565],[-105.102246,39.996535],[-105.10229,39.996471],[-105.102259,39.99638],[-105.102165,39.996339],[-105.102075,39.99635],[-105.102012,39.996399],[-105.101565,39.996393],[-105.101566,39.995775],[-105.102019,39.995775],[-105.102156,39.995833],[-105.102243,39.995806],[-105.102292,39.995743],[-105.102267,39.995654],[-105.102164,39.995608],[-105.10208,39.995618],[-105.102016,39.995668],[-105.101567,39.995662],[-105.101567,39.995041],[-105.102017,39.995046],[-105.102155,39.995104],[-105.102253,39.995072],[-105.102298,39.994995],[-105.102257,39.994913],[-105.102162,39.994877],[-105.102017,39.994932],[-105.101567,39.994928],[-105.101567,39.994327],[-105.102113,39.994333],[-105.102553,39.994696],[-105.102548,39.998283],[-105.101444,39.998284],[-105.101454,39.998017],[-105.101558,39.998017],[-105.101559,39.997976]]],[[[-105.102228,40.010331],[-105.102187,40.010294],[-105.102186,40.009891],[-105.102638,40.009896],[-105.102627,40.01032],[-105.102228,40.010331]]],[[[-105.10412,39.998284],[-105.103297,39.998285],[-105.103538,39.997054],[-105.103673,39.996101],[-105.103658,39.995686],[-105.103586,39.995332],[-105.103462,39.994983],[-105.103297,39.994648],[-105.103033,39.99424],[-105.107302,39.99424],[-105.107295,39.995268],[-105.107242,39.995294],[-105.10695,39.995276],[-105.106924,39.99467],[-105.106842,39.994592],[-105.106713,39.994584],[-105.106616,39.994635],[-105.106591,39.994721],[-105.106624,39.994788],[-105.106767,39.994901],[-105.106777,39.99527],[-105.10646,39.995358],[-105.106323,39.995506],[-105.10633,39.99683],[-105.106415,39.997024],[-105.106123,39.997172],[-105.105714,39.997303],[-105.105624,39.997274],[-105.105595,39.997191],[-105.105603,39.994932],[-105.105577,39.994804],[-105.105604,39.994729],[-105.105582,39.994665],[-105.105445,39.994597],[-105.104155,39.994597],[-105.103978,39.994624],[-105.103931,39.994554],[-105.103976,39.994463],[-105.103939,39.994358],[-105.103795,39.994332],[-105.103671,39.994394],[-105.103648,39.994488],[-105.103761,39.99459],[-105.104025,39.995377],[-105.104105,39.996274],[-105.103815,39.99779],[-105.103729,39.997859],[-105.103716,39.99795],[-105.103765,39.998013],[-105.103837,39.998043],[-105.104001,39.998004],[-105.104044,39.997924],[-105.103988,39.997816],[-105.104029,39.997696],[-105.104605,39.997762],[-105.104567,39.99798],[-105.104358,39.998075],[-105.10412,39.998284],[-105.104121,39.998381],[-105.10412,39.998284]]],[[[-105.105101,39.997744],[-105.104759,39.997642],[-105.104046,39.99754],[-105.104161,39.996983],[-105.104407,39.997002],[-105.104494,39.997063],[-105.104581,39.997078],[-105.104689,39.997044],[-105.104738,39.996972],[-105.10472,39.996888],[-105.10463,39.99683],[-105.104535,39.996827],[-105.104439,39.996867],[-105.104199,39.996824],[-105.104294,39.996299],[-105.105365,39.99628],[-105.105414,39.996308],[-105.105417,39.997207],[-105.105489,39.997419],[-105.105207,39.997716],[-105.105101,39.997744]]],[[[-105.104548,39.998984],[-105.104541,39.99871],[-105.104987,39.998723],[-105.104999,39.999329],[-105.104884,39.999348],[-105.104804,39.999294],[-105.104694,39.999286],[-105.104597,39.999335],[-105.104566,39.999418],[-105.104601,39.999489],[-105.104697,39.999536],[-105.104797,39.99953],[-105.104893,39.999478],[-105.104998,39.999495],[-105.104988,39.999955],[-105.104531,39.999955],[-105.104245,39.999745],[-105.104241,39.999329],[-105.104489,39.998984],[-105.104548,39.998984]]],[[[-105.104507,39.994075],[-105.104494,39.993407],[-105.104457,39.993254],[-105.104327,39.993077],[-105.104005,39.992834],[-105.10388,39.992646],[-105.104514,39.992369],[-105.105012,39.992758],[-105.105161,39.992966],[-105.105197,39.99313],[-105.105201,39.994056],[-105.10517,39.994082],[-105.104507,39.994075]]],[[[-105.104276,39.996141],[-105.104227,39.995544],[-105.104426,39.995514],[-105.104526,39.995567],[-105.104629,39.995566],[-105.104724,39.995505],[-105.104743,39.995417],[-105.10469,39.995344],[-105.1046,39.995314],[-105.10451,39.995325],[-105.104417,39.995383],[-105.104213,39.995377],[-105.104015,39.994762],[-105.104158,39.994735],[-105.105171,39.994733],[-105.105354,39.994796],[-105.105428,39.99493],[-105.105406,39.996138],[-105.104276,39.996141]]],[[[-105.104507,39.998571],[-105.104551,39.998331],[-105.10475,39.998269],[-105.104988,39.998267],[-105.104969,39.998565],[-105.104507,39.998571]]],[[[-105.105765,39.992923],[-105.105646,39.992947],[-105.105516,39.993049],[-105.105382,39.993057],[-105.105314,39.992876],[-105.105205,39.992719],[-105.104725,39.992333],[-105.104617,39.992205],[-105.104541,39.991976],[-105.104547,39.991432],[-105.104591,39.991312],[-105.104703,39.991208],[-105.104909,39.991145],[-105.105295,39.991155],[-105.105306,39.991791],[-105.105349,39.991949],[-105.1055,39.992135],[-105.105752,39.992338],[-105.105914,39.992417],[-105.106118,39.992456],[-105.106308,39.992444],[-105.106944,39.99223],[-105.107202,39.992179],[-105.107471,39.992178],[-105.107732,39.992232],[-105.107663,39.992488],[-105.107389,39.992446],[-105.106497,39.992707],[-105.106369,39.992714],[-105.106403,39.99283],[-105.106235,39.993041],[-105.105929,39.993066],[-105.105884,39.992969],[-105.105765,39.992923]]],[[[-105.106657,39.991017],[-105.104918,39.991005],[-105.104728,39.991036],[-105.104516,39.99063],[-105.10457,39.990612],[-105.104614,39.990699],[-105.106741,39.990707],[-105.107369,39.990876],[-105.107798,39.991043],[-105.108049,39.991072],[-105.107962,39.99137],[-105.107922,39.991389],[-105.107545,39.991321],[-105.106997,39.991094],[-105.106657,39.991017]]],[[[-105.105967,39.999959],[-105.105238,39.999958],[-105.105237,39.999988],[-105.105254,39.999496],[-105.105337,39.999477],[-105.105447,39.999529],[-105.105537,39.999529],[-105.105632,39.999475],[-105.105664,39.9994],[-105.105636,39.999327],[-105.105543,39.999276],[-105.105442,39.99928],[-105.105344,39.999335],[-105.105253,39.999322],[-105.105238,39.998728],[-105.105279,39.998703],[-105.105833,39.998689],[-105.105968,39.998601],[-105.105947,39.998486],[-105.105817,39.998429],[-105.105701,39.998458],[-105.105613,39.998559],[-105.105249,39.998559],[-105.105257,39.998161],[-105.105304,39.998046],[-105.105467,39.998061],[-105.105571,39.998004],[-105.105586,39.997889],[-105.105457,39.997775],[-105.105631,39.997602],[-105.105833,39.997481],[-105.106517,39.997186],[-105.10658,39.99719],[-105.106707,39.99737],[-105.106438,39.997523],[-105.10633,39.997665],[-105.106319,39.998134],[-105.10637,39.998263],[-105.106477,39.998352],[-105.106612,39.998397],[-105.107507,39.998396],[-105.107568,39.998436],[-105.107568,39.998902],[-105.107542,39.998939],[-105.106614,39.998956],[-105.106471,39.999003],[-105.106359,39.999099],[-105.106311,39.999224],[-105.106319,39.999564],[-105.106397,39.999689],[-105.10655,39.999771],[-105.108565,39.999758],[-105.108762,39.999708],[-105.108872,39.999616],[-105.108914,39.999509],[-105.108905,39.998429],[-105.108963,39.998392],[-105.109248,39.998391],[-105.109266,40.000102],[-105.10597,40.00012],[-105.105967,39.999959]]],[[[-105.105781,39.987491],[-105.10578,39.98723],[-105.106134,39.987233],[-105.106131,39.98779],[-105.106088,39.987983],[-105.105935,39.988223],[-105.10559,39.988533],[-105.105313,39.988375],[-105.105203,39.988217],[-105.105204,39.988074],[-105.105357,39.987927],[-105.105333,39.987815],[-105.105248,39.987762],[-105.10515,39.987756],[-105.105064,39.987789],[-105.105007,39.987865],[-105.105004,39.988166],[-105.105053,39.988321],[-105.105164,39.988461],[-105.10544,39.988661],[-105.105125,39.988966],[-105.105023,39.989188],[-105.105029,39.989445],[-105.105101,39.989657],[-105.105235,39.989843],[-105.105431,39.99],[-105.105189,39.990201],[-105.104977,39.990028],[-105.104676,39.989605],[-105.104653,39.987644],[-105.104853,39.987489],[-105.105781,39.987491]]],[[[-105.10541,39.994082],[-105.105376,39.994052],[-105.105377,39.993222],[-105.105417,39.993199],[-105.105768,39.993198],[-105.105871,39.993162],[-105.106033,39.993288],[-105.105709,39.993669],[-105.1057,39.994083],[-105.10541,39.994082]]],[[[-105.107264,39.983378],[-105.104752,39.98337],[-105.104751,39.98266],[-105.105245,39.982432],[-105.105869,39.982563],[-105.105872,39.982868],[-105.105844,39.982896],[-105.105593,39.982892],[-105.10541,39.98277],[-105.105271,39.982755],[-105.105177,39.982803],[-105.105139,39.982882],[-105.105167,39.982961],[-105.105248,39.983013],[-105.106973,39.983035],[-105.107332,39.983095],[-105.107264,39.983378]]],[[[-105.104752,39.982021],[-105.104755,39.981298],[-105.105111,39.981138],[-105.106066,39.981724],[-105.105907,39.981894],[-105.105569,39.981801],[-105.105433,39.981627],[-105.105351,39.981585],[-105.105213,39.981596],[-105.105128,39.981678],[-105.105133,39.981767],[-105.105212,39.981836],[-105.105371,39.981859],[-105.105556,39.981954],[-105.105864,39.982022],[-105.105866,39.982244],[-105.105405,39.982244],[-105.104752,39.982021]]],[[[-105.106129,39.990046],[-105.105811,39.990007],[-105.105516,39.989874],[-105.105301,39.989662],[-105.105209,39.989418],[-105.105207,39.989205],[-105.105277,39.989044],[-105.105917,39.988472],[-105.106463,39.988826],[-105.105968,39.989296],[-105.105947,39.989384],[-105.106003,39.989465],[-105.106135,39.989499],[-105.106257,39.989453],[-105.1063,39.989384],[-105.106306,39.989209],[-105.106613,39.988926],[-105.107156,39.989271],[-105.107002,39.989451],[-105.106918,39.989607],[-105.106869,39.990043],[-105.106129,39.990046]]],[[[-105.106148,39.992317],[-105.105879,39.992238],[-105.105529,39.99192],[-105.105486,39.991771],[-105.1055,39.991149],[-105.106414,39.991144],[-105.106404,39.991321],[-105.106263,39.991419],[-105.10621,39.991509],[-105.106241,39.991597],[-105.106354,39.991653],[-105.106468,39.991642],[-105.106554,39.991573],[-105.106612,39.99118],[-105.106645,39.991158],[-105.106931,39.991223],[-105.107445,39.991439],[-105.107903,39.991543],[-105.107762,39.99207],[-105.107379,39.992032],[-105.107086,39.992051],[-105.106307,39.992298],[-105.106148,39.992317]]],[[[-105.105615,39.990092],[-105.106048,39.990184],[-105.107522,39.990193],[-105.107783,39.990242],[-105.108035,39.990334],[-105.107925,39.990451],[-105.105734,39.990446],[-105.105454,39.990339],[-105.105615,39.990092]]],[[[-105.10664,39.999654],[-105.106524,39.99961],[-105.106472,39.999511],[-105.106475,39.999191],[-105.106521,39.999127],[-105.106603,39.999086],[-105.108677,39.999064],[-105.108739,39.999105],[-105.108748,39.999517],[-105.108711,39.999577],[-105.108631,39.999622],[-105.10664,39.999654]]],[[[-105.106651,39.998277],[-105.106544,39.998239],[-105.106486,39.998161],[-105.106485,39.997721],[-105.106567,39.997589],[-105.106772,39.997506],[-105.10683,39.997516],[-105.106975,39.99766],[-105.107137,39.997712],[-105.10821,39.99772],[-105.108342,39.997689],[-105.108514,39.997595],[-105.108668,39.997681],[-105.108728,39.997773],[-105.108736,39.998213],[-105.108683,39.998267],[-105.106651,39.998277]]],[[[-105.106588,39.996932],[-105.106537,39.996913],[-105.106486,39.996819],[-105.106487,39.996577],[-105.106799,39.996465],[-105.106897,39.996374],[-105.106942,39.996277],[-105.106944,39.995464],[-105.106992,39.995434],[-105.107265,39.995433],[-105.107303,39.995477],[-105.107315,39.996243],[-105.107268,39.996459],[-105.107171,39.996612],[-105.107018,39.996748],[-105.106588,39.996932]]],[[[-105.106536,39.996428],[-105.106477,39.99637],[-105.106467,39.995567],[-105.106559,39.995467],[-105.106733,39.995436],[-105.106778,39.995478],[-105.10679,39.996235],[-105.106699,39.996368],[-105.106536,39.996428]]],[[[-105.106271,39.987994],[-105.106564,39.988013],[-105.106709,39.988069],[-105.107409,39.988516],[-105.107714,39.988769],[-105.107321,39.989138],[-105.107259,39.989145],[-105.10605,39.988365],[-105.106271,39.987994]]],[[[-105.107592,39.995416],[-105.10782,39.995412],[-105.107875,39.99545],[-105.10788,39.9963],[-105.107818,39.996578],[-105.107668,39.996831],[-105.107459,39.997033],[-105.107199,39.997182],[-105.106865,39.997297],[-105.106732,39.997145],[-105.106735,39.997092],[-105.107249,39.996814],[-105.107371,39.99668],[-105.107483,39.996484],[-105.107528,39.996271],[-105.10752,39.995462],[-105.107592,39.995416]]],[[[-105.107843,39.988647],[-105.106819,39.987957],[-105.106635,39.987886],[-105.106321,39.987834],[-105.106309,39.987338],[-105.106494,39.987339],[-105.107831,39.98821],[-105.108065,39.9885],[-105.107843,39.988647]]],[[[-105.107375,39.982926],[-105.10606,39.982892],[-105.106055,39.98206],[-105.106178,39.981837],[-105.106407,39.981673],[-105.107328,39.981341],[-105.107566,39.981339],[-105.10779,39.981439],[-105.107678,39.981687],[-105.107585,39.98205],[-105.107304,39.982028],[-105.107099,39.982072],[-105.10693,39.982067],[-105.106845,39.982106],[-105.106801,39.982171],[-105.106831,39.982278],[-105.106964,39.982335],[-105.107085,39.982307],[-105.107188,39.982203],[-105.107274,39.982166],[-105.107547,39.982201],[-105.107375,39.982926]]],[[[-105.107866,40.007599],[-105.107866,40.007862],[-105.107561,40.007811],[-105.107562,40.007602],[-105.107866,40.007599]]],[[[-105.107181,39.997588],[-105.107041,39.997538],[-105.10698,39.997467],[-105.106986,39.99742],[-105.107361,39.997245],[-105.107647,39.997072],[-105.108315,39.997462],[-105.10834,39.997505],[-105.108298,39.997564],[-105.108193,39.997597],[-105.107181,39.997588]]],[[[-105.108041,40.007795],[-105.108042,40.007599],[-105.108403,40.007598],[-105.108403,40.007796],[-105.108041,40.007795]]],[[[-105.107691,39.990055],[-105.10707,39.990037],[-105.107064,39.989772],[-105.107099,39.989625],[-105.107211,39.989456],[-105.10782,39.98889],[-105.108033,39.988722],[-105.108211,39.988629],[-105.10868,39.988961],[-105.107858,39.989735],[-105.107691,39.990055]]],[[[-105.107866,39.994783],[-105.107747,39.99481],[-105.107684,39.994905],[-105.107707,39.994977],[-105.107851,39.995093],[-105.107859,39.995274],[-105.107805,39.995299],[-105.107531,39.995291],[-105.107505,39.99525],[-105.107499,39.99452],[-105.108381,39.994535],[-105.108398,39.996277],[-105.108039,39.996265],[-105.108022,39.994905],[-105.10797,39.994819],[-105.107866,39.994783]]],[[[-105.107793,39.99839],[-105.108707,39.998403],[-105.108737,39.998449],[-105.10873,39.99891],[-105.108676,39.998939],[-105.10775,39.998937],[-105.107726,39.998902],[-105.107727,39.998439],[-105.107793,39.99839]]],[[[-105.108403,39.99701],[-105.109016,39.997302],[-105.108735,39.997562],[-105.107789,39.99698],[-105.107777,39.996928],[-105.107972,39.996605],[-105.108035,39.996334],[-105.108399,39.996326],[-105.108403,39.99701]]],[[[-105.110603,39.992342],[-105.109869,39.992547],[-105.109019,39.992646],[-105.108746,39.992658],[-105.107877,39.992521],[-105.107974,39.992258],[-105.108669,39.99235],[-105.109265,39.992339],[-105.109768,39.992254],[-105.110796,39.991968],[-105.111259,39.992367],[-105.111407,39.992365],[-105.111499,39.99228],[-105.111851,39.992334],[-105.111856,39.992514],[-105.111585,39.992718],[-105.111016,39.992658],[-105.110603,39.992342]]],[[[-105.107974,39.98985],[-105.108333,39.989521],[-105.108479,39.989619],[-105.108508,39.989765],[-105.108563,39.989826],[-105.108695,39.989855],[-105.108812,39.989806],[-105.108854,39.989725],[-105.10883,39.989645],[-105.108469,39.989392],[-105.108819,39.989058],[-105.109206,39.989292],[-105.109212,39.989833],[-105.108528,39.990463],[-105.108192,39.990246],[-105.107873,39.990112],[-105.107974,39.98985]]],[[[-105.109224,39.992203],[-105.10847,39.99219],[-105.108015,39.992113],[-105.108128,39.991587],[-105.108767,39.991653],[-105.109213,39.99164],[-105.109537,39.991576],[-105.110818,39.991216],[-105.110857,39.991232],[-105.110932,39.991392],[-105.110953,39.991524],[-105.110913,39.991664],[-105.11082,39.991774],[-105.110683,39.991852],[-105.109571,39.992152],[-105.109224,39.992203]]],[[[-105.109754,39.989346],[-105.109201,39.989],[-105.109226,39.987176],[-105.113568,39.98715],[-105.113605,39.987172],[-105.113606,39.987462],[-105.113576,39.98749],[-105.112004,39.987506],[-105.111748,39.987587],[-105.111642,39.987685],[-105.111595,39.987789],[-105.111572,39.988464],[-105.111537,39.988496],[-105.11122,39.98849],[-105.110955,39.988522],[-105.110901,39.988503],[-105.110806,39.988255],[-105.110804,39.987778],[-105.110745,39.987667],[-105.110642,39.987581],[-105.110406,39.987514],[-105.110065,39.987516],[-105.109882,39.987562],[-105.109737,39.987665],[-105.10966,39.987807],[-105.109649,39.988556],[-105.109755,39.988826],[-105.110044,39.989088],[-105.109754,39.989346]]],[[[-105.111376,39.990995],[-105.111033,39.991008],[-105.110135,39.991259],[-105.110099,39.991233],[-105.110117,39.991107],[-105.110084,39.991031],[-105.109997,39.990981],[-105.109889,39.99098],[-105.109798,39.991031],[-105.109761,39.991121],[-105.109799,39.991198],[-105.109927,39.991288],[-105.10992,39.991324],[-105.109202,39.991501],[-105.108687,39.991507],[-105.108176,39.991409],[-105.108298,39.991007],[-105.108536,39.990709],[-105.108608,39.990716],[-105.108688,39.990834],[-105.108801,39.990867],[-105.108919,39.990822],[-105.108954,39.990735],[-105.110282,39.990717],[-105.110345,39.990848],[-105.110814,39.990712],[-105.111721,39.990702],[-105.112652,39.991301],[-105.112603,39.991796],[-105.112398,39.991866],[-105.112184,39.991625],[-105.11225,39.991532],[-105.112207,39.991429],[-105.111717,39.991098],[-105.111376,39.990995]]],[[[-105.107635,39.980004],[-105.110391,39.978765],[-105.110393,39.978437],[-105.111375,39.978441],[-105.111426,39.978464],[-105.11096,39.979003],[-105.110888,39.978964],[-105.110915,39.978877],[-105.110854,39.978795],[-105.110732,39.978771],[-105.11063,39.978818],[-105.110604,39.978933],[-105.110789,39.979196],[-105.11041,39.979613],[-105.110279,39.979586],[-105.110152,39.979644],[-105.110121,39.979737],[-105.110178,39.979835],[-105.109883,39.980063],[-105.109554,39.980254],[-105.109207,39.979903],[-105.109147,39.979766],[-105.109028,39.979714],[-105.108917,39.979738],[-105.108799,39.979842],[-105.108253,39.980086],[-105.108056,39.980131],[-105.108001,39.980209],[-105.108016,39.980292],[-105.108164,39.980389],[-105.108482,39.980789],[-105.10821,39.980968],[-105.107606,39.980262],[-105.107635,39.980004]]],[[[-105.109238,39.997407],[-105.109247,39.998265],[-105.108938,39.998263],[-105.108901,39.998224],[-105.108892,39.997758],[-105.108784,39.997596],[-105.109067,39.997326],[-105.109238,39.997407]]],[[[-105.110015,39.982951],[-105.109721,39.982895],[-105.109485,39.982758],[-105.109371,39.982627],[-105.109147,39.98222],[-105.109531,39.982076],[-105.109958,39.981805],[-105.110016,39.981722],[-105.10998,39.981618],[-105.109869,39.981567],[-105.109731,39.981593],[-105.109673,39.98165],[-105.109663,39.981771],[-105.109613,39.981842],[-105.10939,39.981987],[-105.109069,39.982104],[-105.10887,39.981806],[-105.108699,39.981641],[-105.108775,39.981551],[-105.108975,39.981453],[-105.108999,39.981378],[-105.108964,39.981303],[-105.108848,39.981248],[-105.108711,39.981274],[-105.108647,39.981339],[-105.108617,39.98147],[-105.108526,39.981549],[-105.108143,39.981404],[-105.108227,39.981278],[-105.108506,39.981044],[-105.108925,39.980812],[-105.109512,39.981414],[-105.109961,39.981267],[-105.110439,39.981567],[-105.110355,39.981905],[-105.110528,39.982247],[-105.11036,39.982333],[-105.110261,39.982462],[-105.110242,39.982934],[-105.110015,39.982951]]],[[[-105.109149,39.990159],[-105.109469,39.990246],[-105.110444,39.990238],[-105.110627,39.990304],[-105.110762,39.990259],[-105.110796,39.990205],[-105.11079,39.99014],[-105.11068,39.990061],[-105.11043,39.990118],[-105.109504,39.990125],[-105.109385,39.990102],[-105.109308,39.990042],[-105.109311,39.990008],[-105.109577,39.98977],[-105.110261,39.989744],[-105.111441,39.990532],[-105.10874,39.99054],[-105.108793,39.990625],[-105.108729,39.990603],[-105.108716,39.990548],[-105.109149,39.990159]]],[[[-105.108891,39.979963],[-105.109016,39.979973],[-105.109118,39.980024],[-105.109382,39.980338],[-105.108643,39.980707],[-105.108355,39.98039],[-105.10833,39.98026],[-105.108425,39.980154],[-105.108891,39.979963]]],[[[-105.108972,39.98303],[-105.109334,39.982825],[-105.10964,39.98301],[-105.110021,39.983083],[-105.112783,39.983066],[-105.113042,39.983016],[-105.113234,39.982925],[-105.113703,39.983357],[-105.109237,39.983398],[-105.108972,39.98303]]],[[[-105.109176,39.975311],[-105.109273,39.975529],[-105.109241,39.976097],[-105.108616,39.976108],[-105.10862,39.975356],[-105.109176,39.975311]]],[[[-105.110066,39.987651],[-105.110445,39.987656],[-105.110601,39.987744],[-105.110637,39.987836],[-105.110629,39.988282],[-105.110739,39.988561],[-105.110416,39.988757],[-105.110178,39.988956],[-105.109935,39.988786],[-105.109858,39.988663],[-105.109824,39.988526],[-105.109836,39.987819],[-105.109912,39.987711],[-105.110066,39.987651]]],[[[-105.109989,39.9894],[-105.110205,39.989202],[-105.110251,39.989197],[-105.111569,39.990024],[-105.111889,39.990092],[-105.112561,39.990083],[-105.112568,39.990378],[-105.111719,39.990401],[-105.109989,39.9894]]],[[[-105.11109,39.98867],[-105.112353,39.988668],[-105.112683,39.988747],[-105.112927,39.988883],[-105.112733,39.989074],[-105.112527,39.989179],[-105.112309,39.989222],[-105.111441,39.989242],[-105.111218,39.989323],[-105.110995,39.98949],[-105.110363,39.98908],[-105.110467,39.988951],[-105.110667,39.98881],[-105.110882,39.988715],[-105.11109,39.98867]]],[[[-105.111265,39.980714],[-105.11025,39.980103],[-105.110515,39.979889],[-105.111048,39.980198],[-105.111183,39.980359],[-105.111324,39.980373],[-105.111439,39.980292],[-105.111445,39.980208],[-105.11139,39.980138],[-105.111164,39.980089],[-105.110636,39.979773],[-105.111042,39.979305],[-105.112241,39.979949],[-105.111919,39.98029],[-105.111758,39.980536],[-105.111733,39.980516],[-105.111265,39.980714]]],[[[-105.11042,39.982925],[-105.11043,39.982505],[-105.11051,39.982412],[-105.110651,39.982363],[-105.111754,39.982376],[-105.111994,39.982504],[-105.112069,39.9826],[-105.112108,39.98272],[-105.112114,39.982907],[-105.112083,39.982934],[-105.11042,39.982925]]],[[[-105.11147,39.992154],[-105.111178,39.992079],[-105.110969,39.991877],[-105.111088,39.991705],[-105.111132,39.991558],[-105.111118,39.991397],[-105.111027,39.991181],[-105.111052,39.991147],[-105.111369,39.991138],[-105.111663,39.991242],[-105.111876,39.991398],[-105.111901,39.991558],[-105.111943,39.991615],[-105.11203,39.991654],[-105.112148,39.991643],[-105.112288,39.991903],[-105.111848,39.992054],[-105.11185,39.992253],[-105.111506,39.992259],[-105.11147,39.992154]]],[[[-105.111927,39.989955],[-105.111574,39.98987],[-105.111152,39.989579],[-105.111309,39.989442],[-105.111485,39.989375],[-105.112332,39.989362],[-105.112585,39.989314],[-105.112809,39.989209],[-105.113085,39.988983],[-105.113642,39.989336],[-105.113237,39.98974],[-105.112988,39.989882],[-105.112704,39.989941],[-105.111927,39.989955]]],[[[-105.112435,39.98851],[-105.111757,39.988477],[-105.111761,39.987834],[-105.111847,39.987697],[-105.112004,39.987642],[-105.112596,39.98764],[-105.112616,39.987717],[-105.112539,39.987811],[-105.112534,39.98789],[-105.112598,39.987963],[-105.112718,39.987992],[-105.112829,39.987957],[-105.112883,39.987887],[-105.112877,39.987806],[-105.112806,39.987705],[-105.112824,39.987638],[-105.113598,39.987643],[-105.113603,39.988048],[-105.113547,39.98826],[-105.113427,39.988437],[-105.113104,39.988735],[-105.113061,39.988739],[-105.112729,39.988577],[-105.112435,39.98851]]],[[[-105.1117,39.982229],[-105.111733,39.981872],[-105.112335,39.982159],[-105.112788,39.982601],[-105.112922,39.982905],[-105.112304,39.982929],[-105.112276,39.982651],[-105.112183,39.982473],[-105.111978,39.982312],[-105.1117,39.982229]]],[[[-105.11206,39.981923],[-105.11173,39.98149],[-105.111651,39.980993],[-105.11183,39.980593],[-105.112358,39.980015],[-105.112648,39.98019],[-105.112222,39.980659],[-105.112119,39.980817],[-105.112048,39.981094],[-105.112098,39.981374],[-105.112274,39.981637],[-105.112572,39.981846],[-105.112892,39.981948],[-105.113343,39.981982],[-105.113335,39.982538],[-105.11206,39.981923]]],[[[-105.112682,39.990087],[-105.112977,39.990036],[-105.11323,39.98993],[-105.113813,39.98944],[-105.114284,39.989742],[-105.114508,39.990001],[-105.114239,39.990111],[-105.113989,39.990166],[-105.113922,39.990251],[-105.11395,39.990354],[-105.114046,39.990406],[-105.114163,39.990399],[-105.114243,39.990346],[-105.114304,39.990238],[-105.114589,39.990153],[-105.114807,39.990492],[-105.113715,39.990494],[-105.113524,39.990333],[-105.112645,39.990327],[-105.112682,39.990087]]],[[[-105.113032,39.981828],[-105.112724,39.981755],[-105.112491,39.981623],[-105.112308,39.981418],[-105.11223,39.981202],[-105.112234,39.981015],[-105.112306,39.980824],[-105.112803,39.98027],[-105.112976,39.980384],[-105.113153,39.98057],[-105.113265,39.980756],[-105.11333,39.980954],[-105.113303,39.980982],[-105.113067,39.981003],[-105.113001,39.981054],[-105.112979,39.981123],[-105.113009,39.981195],[-105.113077,39.981243],[-105.113348,39.981273],[-105.113347,39.981817],[-105.113032,39.981828]]],[[[-105.11559,39.989908],[-105.115499,39.989919],[-105.115422,39.989969],[-105.115392,39.990034],[-105.1154,39.990148],[-105.115306,39.990248],[-105.115,39.990378],[-105.114609,39.989754],[-105.115077,39.989334],[-105.11522,39.98925],[-105.115379,39.989213],[-105.115572,39.989335],[-105.115736,39.989313],[-105.115808,39.989194],[-105.115785,39.989133],[-105.115717,39.989081],[-105.11542,39.989062],[-105.115109,39.989145],[-105.114947,39.989242],[-105.114598,39.989567],[-105.114474,39.98964],[-105.113245,39.988852],[-105.113634,39.988447],[-105.113761,39.988206],[-105.113794,39.988013],[-105.113797,39.987159],[-105.114225,39.98715],[-105.114217,39.988174],[-105.114947,39.988169],[-105.11494,39.988784],[-105.11612,39.988773],[-105.116113,39.990478],[-105.115177,39.99048],[-105.115396,39.990373],[-105.115566,39.990201],[-105.115728,39.990113],[-105.115751,39.990052],[-105.115732,39.989982],[-105.11559,39.989908]]],[[[-105.114294,39.992156],[-105.113453,39.991163],[-105.113454,39.99101],[-105.113778,39.990708],[-105.11493,39.9907],[-105.115059,39.990911],[-105.115043,39.990947],[-105.114805,39.991005],[-105.11393,39.990985],[-105.113818,39.991055],[-105.113809,39.991163],[-105.113917,39.991249],[-105.114161,39.991271],[-105.114171,39.991474],[-105.114229,39.991632],[-105.114349,39.991777],[-105.114504,39.991879],[-105.114739,39.991955],[-105.115663,39.992086],[-105.115829,39.992074],[-105.116046,39.992],[-105.116129,39.992159],[-105.116165,39.992363],[-105.11475,39.992355],[-105.11474,39.992154],[-105.114294,39.992156]]],[[[-105.113904,39.980318],[-105.113863,39.983086],[-105.113863,39.983089],[-105.11337,39.982813],[-105.113472,39.982667],[-105.113522,39.982488],[-105.113524,39.981108],[-105.113477,39.980828],[-105.113342,39.980554],[-105.113904,39.980318]]],[[[-105.115688,39.991951],[-105.11478,39.991822],[-105.114562,39.991744],[-105.114439,39.991643],[-105.114361,39.991512],[-105.114356,39.991146],[-105.114855,39.991137],[-105.11515,39.991075],[-105.115427,39.991439],[-105.115946,39.991851],[-105.115807,39.991935],[-105.115688,39.991951]]],[[[-105.11808,39.993732],[-105.117791,39.993511],[-105.117981,39.993312],[-105.118062,39.993167],[-105.118078,39.992855],[-105.118167,39.992737],[-105.118138,39.992651],[-105.117983,39.99259],[-105.1179,39.992608],[-105.117827,39.992667],[-105.117813,39.992763],[-105.117899,39.992858],[-105.117889,39.99312],[-105.11781,39.993259],[-105.117646,39.99343],[-105.117607,39.993435],[-105.117038,39.993116],[-105.117122,39.992976],[-105.117153,39.992856],[-105.117234,39.992763],[-105.117228,39.992685],[-105.117168,39.992622],[-105.117022,39.992599],[-105.116912,39.992661],[-105.116892,39.992765],[-105.116973,39.992866],[-105.116884,39.99302],[-105.11671,39.992932],[-105.11656,39.992806],[-105.116422,39.992585],[-105.116358,39.992198],[-105.116247,39.991917],[-105.116419,39.991837],[-105.116653,39.99183],[-105.116717,39.991986],[-105.116857,39.992032],[-105.116992,39.991974],[-105.117055,39.99183],[-105.117692,39.991829],[-105.117793,39.992004],[-105.117895,39.992034],[-105.117999,39.992013],[-105.118082,39.991913],[-105.118092,39.991335],[-105.11807,39.991223],[-105.118003,39.99112],[-105.117863,39.991022],[-105.117684,39.990975],[-105.116183,39.990977],[-105.115924,39.991032],[-105.115522,39.991245],[-105.115333,39.990976],[-105.116035,39.99069],[-105.118561,39.990678],[-105.118546,39.992359],[-105.118458,39.992376],[-105.118467,39.992988],[-105.118423,39.993229],[-105.118326,39.993433],[-105.11808,39.993732]],[[-105.118557,39.991031],[-105.118557,39.991027],[-105.118555,39.991207],[-105.118557,39.991031]]],[[[-105.116153,39.991778],[-105.115642,39.991371],[-105.115952,39.99118],[-105.116111,39.991126],[-105.11765,39.991111],[-105.117818,39.991168],[-105.117907,39.991292],[-105.117906,39.991662],[-105.117879,39.99169],[-105.116452,39.991695],[-105.116153,39.991778]]]]}},{"type":"Feature","properties":{"type":"mixed","acres":520.37,"family1_treatment":"allowed","family2_treatment":"allowed","family3_treatment":"allowed","family4_treatment":"allowed","slice_id":1275337},"geometry":{"type":"MultiPolygon","coordinates":[[[[-105.055659,40.005666],[-105.055671,40.003912],[-105.055663,40.003884],[-105.055562,40.003911],[-105.055625,40.000769],[-105.055819,40.000467],[-105.060091,40.000467],[-105.059829,40.000985],[-105.059894,40.001011],[-105.057045,40.005448],[-105.056097,40.005443],[-105.056156,40.005627],[-105.056116,40.005662],[-105.055659,40.005666]]],[[[-105.074597,40.004354],[-105.076253,40.004498],[-105.076637,40.004601],[-105.077336,40.004971],[-105.0776,40.005167],[-105.078155,40.005938],[-105.078285,40.006233],[-105.076448,40.006245],[-105.076454,40.005498],[-105.074597,40.005491],[-105.074597,40.004354]]],[[[-105.090322,39.98008],[-105.090324,39.980256],[-105.088821,39.980036],[-105.088802,39.980117],[-105.087372,39.979908],[-105.083197,39.979752],[-105.083196,39.980326],[-105.083044,39.980329],[-105.082651,39.980154],[-105.082188,39.98005],[-105.081545,39.980043],[-105.081464,39.9801],[-105.081311,39.980022],[-105.079292,39.979979],[-105.077445,39.980975],[-105.076618,39.9807],[-105.075929,39.981309],[-105.075092,39.980954],[-105.076544,39.97905],[-105.07655,39.979532],[-105.079295,39.979566],[-105.07929,39.979696],[-105.081153,39.979677],[-105.083509,39.979701],[-105.083486,39.979619],[-105.090327,39.979703],[-105.090327,39.979703],[-105.090322,39.98008]],[[-105.090327,39.979703],[-105.086015,39.979653],[-105.084709,39.979638],[-105.090327,39.979703]]],[[[-105.079316,39.981483],[-105.079153,39.981591],[-105.079063,39.981615],[-105.078866,39.981826],[-105.078568,39.981686],[-105.07885,39.981264],[-105.079316,39.981483]]],[[[-105.081309,39.972344],[-105.080899,39.973139],[-105.079738,39.975088],[-105.079109,39.975993],[-105.078911,39.975991],[-105.079391,39.975369],[-105.080252,39.973957],[-105.081132,39.972342],[-105.081309,39.972344]]],[[[-105.083008,39.988605],[-105.085834,39.988613],[-105.085809,39.990485],[-105.082775,39.990445],[-105.082794,39.988443],[-105.083008,39.988605]]],[[[-105.082936,39.970671],[-105.082952,39.9709],[-105.083001,39.971079],[-105.083231,39.971485],[-105.083415,39.971677],[-105.083684,39.97187],[-105.083973,39.972016],[-105.084347,39.972146],[-105.084388,39.972225],[-105.08433,39.97238],[-105.08284,39.972362],[-105.082855,39.970667],[-105.082936,39.970671]]],[[[-105.085021,39.984826],[-105.085564,39.984501],[-105.085423,39.984421],[-105.085637,39.984359],[-105.085711,39.984413],[-105.085719,39.986116],[-105.085686,39.986209],[-105.085679,39.986707],[-105.085598,39.986787],[-105.084912,39.986775],[-105.084934,39.985015],[-105.085021,39.984826]]],[[[-105.086907,40.000317],[-105.090363,40.000339],[-105.090343,40.002105],[-105.08822,40.002098],[-105.088207,40.001139],[-105.086921,40.001132],[-105.086907,40.000317]]],[[[-105.08911,39.975353],[-105.089396,39.975402],[-105.089647,39.975546],[-105.089794,39.975706],[-105.089984,39.976068],[-105.088326,39.976055],[-105.088345,39.975351],[-105.08911,39.975353]]],[[[-105.089137,39.987036],[-105.090347,39.987051],[-105.090339,39.987761],[-105.089129,39.987745],[-105.089137,39.987036]]],[[[-105.093883,40.00729],[-105.093534,40.007278],[-105.093499,40.007258],[-105.093501,40.007128],[-105.094052,40.007112],[-105.094306,40.007042],[-105.094459,40.006965],[-105.09454,40.007051],[-105.094514,40.007138],[-105.094329,40.007216],[-105.093883,40.00729]]],[[[-105.09345,40.00297],[-105.093454,40.001141],[-105.094246,40.001162],[-105.094287,40.001298],[-105.09443,40.001359],[-105.094557,40.001324],[-105.094635,40.001221],[-105.094989,40.001218],[-105.094986,40.001749],[-105.095694,40.001752],[-105.095693,40.002971],[-105.09345,40.00297]]],[[[-105.097049,40.006067],[-105.097004,40.006156],[-105.095623,40.00653],[-105.094815,40.00697],[-105.094709,40.006959],[-105.094625,40.006881],[-105.095203,40.006535],[-105.095657,40.006336],[-105.096999,40.005991],[-105.097049,40.006067]]],[[[-105.096823,40.003992],[-105.096668,40.004036],[-105.096619,40.003997],[-105.095776,40.003994],[-105.095778,40.003861],[-105.101245,40.003836],[-105.101267,40.004257],[-105.101242,40.004379],[-105.097755,40.004417],[-105.097532,40.004521],[-105.097411,40.004676],[-105.097373,40.00482],[-105.097398,40.005215],[-105.09679,40.005347],[-105.096785,40.004592],[-105.096815,40.004352],[-105.096945,40.0042],[-105.096965,40.004134],[-105.096924,40.004029],[-105.096823,40.003992]]],[[[-105.095801,39.997119],[-105.096581,39.997063],[-105.096847,39.996928],[-105.097041,39.996688],[-105.097061,39.997338],[-105.098113,39.997332],[-105.098156,39.999139],[-105.095842,39.999142],[-105.095801,39.997119]]],[[[-105.097283,40.006074],[-105.097203,40.005957],[-105.09759,40.005925],[-105.099176,40.005925],[-105.099164,40.006039],[-105.099082,40.006091],[-105.097376,40.006104],[-105.097283,40.006074]]],[[[-105.096614,39.990573],[-105.096492,39.990573],[-105.096493,39.990242],[-105.09624,39.989403],[-105.096265,39.989358],[-105.096369,39.989379],[-105.096352,39.989408],[-105.096603,39.990243],[-105.096614,39.990573]]],[[[-105.098781,40.001058],[-105.099091,40.001044],[-105.099082,40.000399],[-105.100311,40.000409],[-105.100267,40.000873],[-105.100069,40.001338],[-105.100025,40.001548],[-105.099099,40.001549],[-105.099092,40.001305],[-105.099054,40.001208],[-105.098947,40.001111],[-105.098781,40.001058]]],[[[-105.105613,40.048168],[-105.105177,40.048226],[-105.103757,40.048042],[-105.103331,40.0479],[-105.102964,40.047673],[-105.10298,40.047298],[-105.102912,40.047026],[-105.102895,40.045657],[-105.102912,40.040688],[-105.10752,40.040686],[-105.107567,40.040146],[-105.120565,40.040213],[-105.120617,40.043414],[-105.120284,40.043836],[-105.112404,40.043835],[-105.112403,40.043914],[-105.112355,40.043913],[-105.112337,40.046513],[-105.111807,40.046487],[-105.111653,40.046522],[-105.111214,40.046939],[-105.111175,40.046922],[-105.111107,40.047017],[-105.110313,40.047512],[-105.110023,40.04752],[-105.109601,40.04741],[-105.109115,40.047406],[-105.107286,40.048292],[-105.105613,40.048168]]],[[[-105.103021,39.988351],[-105.102815,39.988245],[-105.102991,39.988051],[-105.103059,39.987839],[-105.103027,39.987073],[-105.104539,39.987078],[-105.104516,39.99063],[-105.104728,39.991036],[-105.104513,39.991153],[-105.104395,39.991317],[-105.104358,39.991971],[-105.103224,39.992434],[-105.102941,39.992037],[-105.102182,39.992029],[-105.10219,39.990581],[-105.102245,39.990581],[-105.102247,39.990237],[-105.102538,39.990199],[-105.102671,39.990149],[-105.102867,39.99],[-105.102925,39.989897],[-105.102949,39.989794],[-105.102916,39.989674],[-105.102738,39.989573],[-105.103125,39.988818],[-105.103229,39.988703],[-105.102925,39.988542],[-105.10303,39.988417],[-105.103121,39.988383],[-105.103105,39.98834],[-105.103021,39.988351]]],[[[-105.103178,40.007647],[-105.103174,40.007366],[-105.106683,40.007369],[-105.10668,40.007698],[-105.103178,40.007647]]],[[[-105.104539,39.98137],[-105.104755,39.981298],[-105.104752,39.98337],[-105.104535,39.983369],[-105.104533,39.981344],[-105.104539,39.98137]]],[[[-105.110905,39.979066],[-105.111426,39.978464],[-105.111375,39.978441],[-105.111426,39.978441],[-105.111795,39.978019],[-105.111179,39.977707],[-105.110308,39.977756],[-105.109447,39.978498],[-105.108369,39.978237],[-105.104547,39.979212],[-105.10456,39.976099],[-105.11003,39.97609],[-105.110306,39.976161],[-105.110607,39.976191],[-105.113927,39.976168],[-105.113928,39.976133],[-105.113913,39.979298],[-105.111957,39.979292],[-105.111755,39.979519],[-105.110905,39.979066]]],[[[-105.10689,40.007697],[-105.106897,40.007484],[-105.107867,40.007475],[-105.107866,40.007599],[-105.107562,40.007602],[-105.107584,40.00893],[-105.107713,40.009338],[-105.107507,40.009416],[-105.107513,40.0077],[-105.10689,40.007697]]],[[[-105.107543,40.005933],[-105.107562,40.003262],[-105.108229,40.00306],[-105.108305,40.003214],[-105.107804,40.003359],[-105.107816,40.003495],[-105.10768,40.003495],[-105.107686,40.005627],[-105.107634,40.005623],[-105.107613,40.005929],[-105.107543,40.005933]]],[[[-105.108043,40.007478],[-105.110254,40.007482],[-105.110251,40.007592],[-105.108042,40.007599],[-105.108043,40.007478]]],[[[-105.109217,40.002949],[-105.108495,40.003159],[-105.108404,40.002986],[-105.109131,40.002795],[-105.109217,40.002949]]],[[[-105.109862,40.002763],[-105.109396,40.002898],[-105.109314,40.002744],[-105.109857,40.002596],[-105.109862,40.002763]]],[[[-105.112149,40.011174],[-105.112149,40.010768],[-105.112192,40.010768],[-105.112157,40.007594],[-105.110447,40.007592],[-105.110447,40.007482],[-105.112245,40.00748],[-105.112303,40.014564],[-105.110122,40.014543],[-105.110124,40.014034],[-105.110494,40.013889],[-105.1108,40.013721],[-105.11127,40.013345],[-105.111577,40.013163],[-105.11168,40.013065],[-105.111758,40.012681],[-105.111954,40.012317],[-105.112011,40.012105],[-105.111996,40.011863],[-105.111821,40.011492],[-105.112198,40.011489],[-105.112194,40.011174],[-105.112149,40.011174]]],[[[-105.109228,39.986927],[-105.109237,39.983398],[-105.113703,39.983357],[-105.113234,39.982925],[-105.11337,39.982813],[-105.113863,39.983089],[-105.113862,39.983354],[-105.113947,39.983353],[-105.113907,39.986904],[-105.109228,39.986927]]],[[[-105.110439,39.981567],[-105.109961,39.981267],[-105.109512,39.981414],[-105.108925,39.980812],[-105.109752,39.980421],[-105.11025,39.980103],[-105.111265,39.980714],[-105.111733,39.980516],[-105.111758,39.980536],[-105.111919,39.98029],[-105.112241,39.979949],[-105.112358,39.980015],[-105.11183,39.980593],[-105.111651,39.980993],[-105.11173,39.98149],[-105.112038,39.981895],[-105.111892,39.981706],[-105.111733,39.981872],[-105.111686,39.982228],[-105.110674,39.982224],[-105.110528,39.982247],[-105.110355,39.981905],[-105.110439,39.981567]]],[[[-105.11185,39.992253],[-105.111857,39.992514],[-105.111723,39.992614],[-105.111856,39.992514],[-105.111851,39.992334],[-105.111499,39.99228],[-105.111506,39.992259],[-105.11185,39.992253]]],[[[-105.112154,39.991641],[-105.112184,39.991625],[-105.112398,39.991866],[-105.112603,39.991796],[-105.112607,39.991756],[-105.112603,39.991796],[-105.112288,39.991903],[-105.112154,39.991641]]],[[[-105.11474,39.992154],[-105.114749,39.992355],[-105.114294,39.992156],[-105.11474,39.992154]]],[[[-105.119666,39.997424],[-105.119675,39.999037],[-105.117958,39.999022],[-105.117957,39.997352],[-105.119578,39.997344],[-105.119666,39.997424]]],[[[-105.129129,40.013067],[-105.129375,40.013045],[-105.129744,40.012934],[-105.129761,40.012956],[-105.129448,40.013092],[-105.129538,40.013266],[-105.129935,40.013258],[-105.129915,40.013362],[-105.129984,40.013439],[-105.129315,40.013406],[-105.129411,40.013116],[-105.129129,40.013067]]],[[[-105.129917,40.012857],[-105.130308,40.012827],[-105.130312,40.012864],[-105.130167,40.012865],[-105.129934,40.012947],[-105.129917,40.012857]]],[[[-105.151131,40.000041],[-105.149812,40.000043],[-105.149825,39.998366],[-105.149932,39.998376],[-105.149973,39.998408],[-105.150007,39.998753],[-105.150093,39.998942],[-105.152651,39.998939],[-105.152623,40.000053],[-105.151372,40.000041],[-105.151372,40.00012],[-105.151115,40.000121],[-105.151131,40.000041]]],[[[-105.15349,40.000216],[-105.153199,40.000428],[-105.152682,40.000624],[-105.151776,40.000413],[-105.151704,40.000203],[-105.15349,40.000216]]]]}},{"type":"Feature","properties":{"type":"primarily_residential","acres":60.19,"family1_treatment":"allowed","family2_treatment":"allowed","family3_treatment":"allowed","family4_treatment":"allowed","slice_id":1275346},"geometry":{"type":"MultiPolygon","coordinates":[[[[-105.083486,39.979619],[-105.083509,39.979701],[-105.081153,39.979677],[-105.07929,39.979696],[-105.079295,39.979566],[-105.083486,39.979619]]],[[[-105.082794,39.988443],[-105.082826,39.988467],[-105.082954,39.988373],[-105.083087,39.988347],[-105.083597,39.988529],[-105.083768,39.988526],[-105.084031,39.988451],[-105.084204,39.988436],[-105.084852,39.988576],[-105.085392,39.988571],[-105.085661,39.988492],[-105.085834,39.988613],[-105.083008,39.988605],[-105.082794,39.988443]]],[[[-105.082812,39.987381],[-105.083014,39.987438],[-105.083079,39.98751],[-105.083101,39.987604],[-105.083072,39.987689],[-105.082902,39.987914],[-105.082891,39.988005],[-105.082935,39.988225],[-105.082799,39.988309],[-105.082794,39.988443],[-105.082812,39.987381]]],[[[-105.083388,39.983945],[-105.083429,39.984016],[-105.083055,39.98481],[-105.083078,39.984915],[-105.083178,39.984984],[-105.084254,39.985304],[-105.084374,39.985307],[-105.08451,39.985222],[-105.084933,39.984405],[-105.085083,39.984425],[-105.085422,39.984585],[-105.085021,39.984826],[-105.084934,39.985015],[-105.084929,39.985758],[-105.082608,39.985073],[-105.083202,39.983892],[-105.083388,39.983945]]],[[[-105.085695,39.986995],[-105.085707,39.987186],[-105.085557,39.987529],[-105.085665,39.987914],[-105.085664,39.988211],[-105.085611,39.988327],[-105.085493,39.988414],[-105.085348,39.98845],[-105.084814,39.988447],[-105.084211,39.988312],[-105.083627,39.988407],[-105.083059,39.9882],[-105.083018,39.987954],[-105.0832,39.987702],[-105.083221,39.987547],[-105.083174,39.98744],[-105.083087,39.987358],[-105.082955,39.9873],[-105.082814,39.987283],[-105.082809,39.986961],[-105.085695,39.986995]]],[[[-105.084063,39.984116],[-105.084104,39.984187],[-105.083712,39.984981],[-105.083635,39.985],[-105.083206,39.984868],[-105.083195,39.984821],[-105.083587,39.984012],[-105.083658,39.983996],[-105.084063,39.984116]]],[[[-105.084326,39.984193],[-105.084778,39.984348],[-105.084777,39.98439],[-105.084374,39.985183],[-105.084299,39.985201],[-105.083863,39.985059],[-105.083854,39.985009],[-105.084254,39.984208],[-105.084326,39.984193]]],[[[-105.085718,39.987534],[-105.085854,39.987557],[-105.085839,39.987683],[-105.085744,39.987803],[-105.085659,39.987574],[-105.085718,39.987534]]],[[[-105.085853,39.987477],[-105.085724,39.987462],[-105.085695,39.987426],[-105.085802,39.98721],[-105.085818,39.987021],[-105.08586,39.986995],[-105.085853,39.987477]]],[[[-105.093252,40.00412],[-105.091309,40.004114],[-105.091009,40.00424],[-105.091007,40.003259],[-105.093234,40.003262],[-105.093252,40.00412]]],[[[-105.098039,40.000712],[-105.098557,40.000716],[-105.098561,40.001054],[-105.098038,40.001051],[-105.098039,40.000712]]],[[[-105.099267,39.990136],[-105.098999,39.989675],[-105.098838,39.989147],[-105.098789,39.988254],[-105.09881,39.98716],[-105.101342,39.98717],[-105.101319,39.987564],[-105.101197,39.987811],[-105.100721,39.987618],[-105.100415,39.987608],[-105.100232,39.98765],[-105.100078,39.987762],[-105.099563,39.988549],[-105.099546,39.989107],[-105.099567,39.989179],[-105.099684,39.989277],[-105.100018,39.98937],[-105.09995,39.989696],[-105.100042,39.990018],[-105.100261,39.990283],[-105.100444,39.990409],[-105.100661,39.990504],[-105.100652,39.990528],[-105.099585,39.990519],[-105.099267,39.990136]]],[[[-105.099642,39.988589],[-105.099679,39.988481],[-105.100149,39.987801],[-105.100258,39.987717],[-105.100413,39.987674],[-105.100706,39.987683],[-105.101154,39.987865],[-105.100051,39.989307],[-105.099741,39.989227],[-105.099647,39.989151],[-105.099642,39.988589]]],[[[-105.102676,39.983354],[-105.106002,39.983372],[-105.107264,39.983378],[-105.107178,39.983719],[-105.107133,39.983739],[-105.105104,39.983726],[-105.105101,39.984293],[-105.105045,39.984461],[-105.10498,39.984493],[-105.104228,39.984343],[-105.104206,39.984297],[-105.104235,39.984204],[-105.104233,39.983844],[-105.103847,39.983766],[-105.103194,39.983761],[-105.103188,39.984154],[-105.103139,39.984184],[-105.102885,39.984203],[-105.102676,39.983354]]],[[[-105.102889,39.985609],[-105.103801,39.985605],[-105.103963,39.985566],[-105.104094,39.985486],[-105.104175,39.985387],[-105.104208,39.985282],[-105.104103,39.984671],[-105.104131,39.984535],[-105.10417,39.984498],[-105.104965,39.98463],[-105.10454,39.9859],[-105.102889,39.985903],[-105.102889,39.985609]]],[[[-105.103198,39.98432],[-105.103533,39.984354],[-105.103896,39.984429],[-105.103935,39.984462],[-105.103911,39.984693],[-105.104017,39.985253],[-105.103989,39.985341],[-105.103924,39.985406],[-105.103763,39.985458],[-105.10289,39.985464],[-105.102884,39.984372],[-105.102894,39.98434],[-105.103198,39.98432]]],[[[-105.103541,39.984215],[-105.10338,39.984159],[-105.103374,39.983931],[-105.103396,39.983905],[-105.103826,39.983903],[-105.104055,39.983966],[-105.104058,39.984188],[-105.103994,39.98429],[-105.103541,39.984215]]],[[[-105.107064,39.983873],[-105.107127,39.983921],[-105.107054,39.984232],[-105.107026,39.98457],[-105.105888,39.98464],[-105.105519,39.984598],[-105.105256,39.984546],[-105.105223,39.98451],[-105.105285,39.984307],[-105.105286,39.983908],[-105.10533,39.983865],[-105.106137,39.983878],[-105.106153,39.984286],[-105.106064,39.984447],[-105.106115,39.984533],[-105.106232,39.984572],[-105.10636,39.984538],[-105.106421,39.984453],[-105.10641,39.984387],[-105.106334,39.984293],[-105.106353,39.983885],[-105.107064,39.983873]]],[[[-105.107584,40.00893],[-105.107561,40.007811],[-105.107866,40.007862],[-105.107879,40.008527],[-105.108062,40.009222],[-105.107713,40.009338],[-105.107584,40.00893]]],[[[-105.109774,40.007891],[-105.109755,40.008084],[-105.108041,40.008083],[-105.108041,40.007856],[-105.109727,40.007856],[-105.109774,40.007891]]],[[[-105.109724,40.011275],[-105.109717,40.011602],[-105.109635,40.01184],[-105.1095,40.012041],[-105.109208,40.012732],[-105.109044,40.012977],[-105.108458,40.012631],[-105.108775,40.012142],[-105.108878,40.011912],[-105.108902,40.01167],[-105.108838,40.011387],[-105.109221,40.011318],[-105.109724,40.011275]]],[[[-105.109699,40.010783],[-105.110484,40.010847],[-105.111223,40.011063],[-105.110898,40.011484],[-105.110239,40.011322],[-105.109724,40.011275],[-105.109699,40.010783]]],[[[-105.109936,40.007796],[-105.10866,40.007796],[-105.108662,40.007597],[-105.109936,40.007592],[-105.109936,40.007796]]],[[[-105.110632,40.012901],[-105.110608,40.012925],[-105.110868,40.013011],[-105.110841,40.013059],[-105.111341,40.01323],[-105.111136,40.013391],[-105.11058,40.013211],[-105.11035,40.013062],[-105.110554,40.012857],[-105.110632,40.012901]]],[[[-105.110918,40.012269],[-105.111254,40.012374],[-105.111809,40.012469],[-105.111683,40.01274],[-105.1111,40.01264],[-105.11076,40.012525],[-105.110918,40.012269]]],[[[-105.111957,39.979292],[-105.113913,39.979298],[-105.113904,39.980318],[-105.113342,39.980554],[-105.113158,39.980338],[-105.112932,39.980163],[-105.111755,39.979519],[-105.111957,39.979292]]]]}},{"type":"Feature","properties":{"type":"primarily_residential","acres":10.89,"family1_treatment":"allowed","family2_treatment":"prohibited","family3_treatment":"prohibited","family4_treatment":"prohibited","slice_id":1275323},"geometry":{"type":"MultiPolygon","coordinates":[[[[-105.110121,40.014481],[-105.108101,40.014477],[-105.108102,40.014446],[-105.10805,40.014446],[-105.108132,40.014138],[-105.108352,40.0138],[-105.108941,40.014035],[-105.109276,40.014103],[-105.109738,40.014105],[-105.110124,40.014034],[-105.110121,40.014481]]],[[[-105.112149,40.010768],[-105.112149,40.011174],[-105.112194,40.011174],[-105.112198,40.011489],[-105.111829,40.011492],[-105.111662,40.011292],[-105.111448,40.011122],[-105.111869,40.010536],[-105.111896,40.0103],[-105.111811,40.010118],[-105.111678,40.009999],[-105.111471,40.009912],[-105.110451,40.009698],[-105.11077,40.008715],[-105.111215,40.008],[-105.11126,40.00783],[-105.111266,40.007593],[-105.112157,40.007594],[-105.11219,40.010768],[-105.112149,40.010768]]]]}},{"type":"Feature","properties":{"type":"mixed","acres":82.7,"family1_treatment":"hearing","family2_treatment":"allowed","family3_treatment":"allowed","family4_treatment":"allowed","slice_id":1275326},"geometry":{"type":"MultiPolygon","coordinates":[[[[-105.090899,39.987088],[-105.090895,39.987229],[-105.09063,39.987226],[-105.090631,39.987043],[-105.090901,39.987043],[-105.090899,39.987088]]],[[[-105.094194,39.987073],[-105.094228,39.989078],[-105.094166,39.98917],[-105.094043,39.98923],[-105.090731,39.989253],[-105.090673,39.98918],[-105.090687,39.98724],[-105.090968,39.987245],[-105.090972,39.98712],[-105.0909,39.987075],[-105.094194,39.987073]]],[[[-105.09103,39.990628],[-105.091031,39.99133],[-105.091102,39.991328],[-105.091102,39.99169],[-105.091042,39.99169],[-105.091035,39.992237],[-105.09058,39.992249],[-105.090598,39.990257],[-105.090671,39.990257],[-105.090673,39.989424],[-105.093638,39.989403],[-105.093627,39.990287],[-105.091171,39.990302],[-105.091171,39.990258],[-105.091071,39.990257],[-105.091111,39.990266],[-105.09112,39.990301],[-105.091098,39.990632],[-105.09103,39.990628]]],[[[-105.09121,39.993294],[-105.091229,39.994204],[-105.09056,39.994208],[-105.090576,39.992413],[-105.091593,39.992394],[-105.091584,39.993292],[-105.09121,39.993294]]],[[[-105.091615,39.994366],[-105.091622,39.994753],[-105.090553,39.994752],[-105.090547,39.994369],[-105.091615,39.994366]]],[[[-105.091104,39.995742],[-105.090568,39.995741],[-105.090554,39.99481],[-105.091092,39.994811],[-105.091104,39.995742]]],[[[-105.128373,39.996506],[-105.128244,39.996183],[-105.128163,39.995816],[-105.128116,39.995017],[-105.12812,39.994446],[-105.128368,39.99444],[-105.128368,39.994244],[-105.130286,39.994279],[-105.130247,39.995117],[-105.130158,39.995304],[-105.129997,39.996002],[-105.129879,39.996204],[-105.129362,39.996253],[-105.12927,39.996904],[-105.128792,39.997119],[-105.128552,39.996814],[-105.128373,39.996506]]],[[[-105.090569,39.995796],[-105.090911,39.995796],[-105.090914,39.99618],[-105.090575,39.996182],[-105.090569,39.995796]]],[[[-105.090584,39.996731],[-105.090578,39.996346],[-105.090915,39.996345],[-105.090914,39.996731],[-105.090584,39.996731]]],[[[-105.090364,39.997162],[-105.090006,39.997166],[-105.090009,39.996782],[-105.090369,39.996779],[-105.090364,39.997162]]],[[[-105.090909,39.997174],[-105.090578,39.997174],[-105.090584,39.996786],[-105.090913,39.996787],[-105.090909,39.997174]]],[[[-105.091145,39.997346],[-105.091146,39.998169],[-105.090599,39.99817],[-105.090597,39.997347],[-105.091145,39.997346]]],[[[-105.090627,39.999134],[-105.090619,39.998338],[-105.091146,39.998337],[-105.091145,39.999145],[-105.090627,39.999134]]],[[[-105.133879,39.999113],[-105.133874,39.999169],[-105.133874,39.999169],[-105.133879,39.999113]]],[[[-105.133831,39.999583],[-105.133827,39.999599],[-105.133831,39.999585],[-105.133831,39.999583]]],[[[-105.099269,39.999216],[-105.098859,39.999217],[-105.099851,39.999213],[-105.099866,39.999351],[-105.10144,39.999384],[-105.101437,40.000044],[-105.099868,40.000038],[-105.099871,40.000126],[-105.098391,40.000132],[-105.098384,39.99969],[-105.098717,39.999691],[-105.098706,39.999218],[-105.099269,39.999216]]],[[[-105.090756,40.000163],[-105.090668,40.000126],[-105.09063,40.000057],[-105.090629,39.999313],[-105.091145,39.999311],[-105.091146,39.999649],[-105.091916,39.999641],[-105.091918,39.999769],[-105.092226,39.999767],[-105.092228,40.000145],[-105.091526,40.000154],[-105.091523,39.999942],[-105.091468,39.999942],[-105.091473,40.000155],[-105.090756,40.000163]]],[[[-105.092431,39.99959],[-105.093498,39.99964],[-105.093522,40.000135],[-105.092445,40.000144],[-105.092431,39.99959]]],[[[-105.09475,39.999715],[-105.098172,39.999712],[-105.098179,40.000132],[-105.096517,40.000134],[-105.096517,40.000156],[-105.096337,40.000158],[-105.093626,40.000134],[-105.093603,39.999651],[-105.09475,39.999715]]],[[[-105.090388,39.991274],[-105.088983,39.991271],[-105.088986,39.990241],[-105.090347,39.990242],[-105.090346,39.99053],[-105.090392,39.99053],[-105.090388,39.991274]]],[[[-105.089463,39.993666],[-105.089304,39.993665],[-105.089297,39.99335],[-105.088954,39.993354],[-105.088978,39.991447],[-105.090385,39.991438],[-105.090346,39.994197],[-105.089459,39.9942],[-105.089463,39.993666]]],[[[-105.08999,39.99436],[-105.090344,39.994356],[-105.09035,39.99475],[-105.089992,39.994751],[-105.08999,39.99436]]],[[[-105.089991,39.994806],[-105.09035,39.994807],[-105.090356,39.995188],[-105.089994,39.99519],[-105.089991,39.994806]]],[[[-105.09036,39.995738],[-105.089998,39.99574],[-105.089994,39.995354],[-105.090356,39.995353],[-105.09036,39.995738]]],[[[-105.090362,39.996182],[-105.090001,39.996184],[-105.089999,39.995796],[-105.090357,39.995793],[-105.090362,39.996182]]],[[[-105.090369,39.996724],[-105.090008,39.996727],[-105.090003,39.99635],[-105.090364,39.996349],[-105.090369,39.996724]]],[[[-105.090004,39.997332],[-105.090362,39.997328],[-105.090362,39.997717],[-105.090003,39.997719],[-105.090004,39.997332]]],[[[-105.089469,39.99778],[-105.090362,39.997773],[-105.090362,39.998157],[-105.089468,39.998161],[-105.089469,39.99778]]],[[[-105.089255,39.998163],[-105.088179,39.998162],[-105.08818,39.997782],[-105.089256,39.997782],[-105.089255,39.998163]]],[[[-105.087963,39.998163],[-105.086887,39.998165],[-105.086889,39.997785],[-105.087965,39.997783],[-105.087963,39.998163]]],[[[-105.08666,39.998165],[-105.085599,39.998167],[-105.0856,39.997787],[-105.086674,39.997785],[-105.08666,39.998165]]],[[[-105.090362,39.998713],[-105.089465,39.998713],[-105.089467,39.998329],[-105.090362,39.998326],[-105.090362,39.998713]]],[[[-105.089254,39.998716],[-105.088176,39.998714],[-105.088178,39.99833],[-105.089253,39.99833],[-105.089254,39.998716]]],[[[-105.086884,39.998717],[-105.086886,39.998332],[-105.087963,39.998331],[-105.087961,39.998715],[-105.086884,39.998717]]],[[[-105.085597,39.998335],[-105.086671,39.998333],[-105.08667,39.998718],[-105.085595,39.99872],[-105.085597,39.998335]]],[[[-105.089465,39.998768],[-105.090362,39.998768],[-105.090362,39.999161],[-105.089463,39.999158],[-105.089465,39.998768]]],[[[-105.089459,39.999715],[-105.089462,39.999326],[-105.090361,39.999329],[-105.090366,39.999716],[-105.089459,39.999715]]],[[[-105.089459,39.999772],[-105.090367,39.999773],[-105.090372,40.000168],[-105.089455,40.000169],[-105.089459,39.999772]]]]}},{"type":"Feature","properties":{"type":"mixed","acres":41.81,"family1_treatment":"allowed","family2_treatment":"hearing","family3_treatment":"hearing","family4_treatment":"hearing","slice_id":1275330},"geometry":{"type":"Polygon","coordinates":[[[-105.087897,39.959929],[-105.089859,39.959933],[-105.089855,39.961286],[-105.08989,39.961286],[-105.089878,39.965269],[-105.085268,39.965304],[-105.086125,39.96376],[-105.086641,39.962635],[-105.087051,39.961497],[-105.087244,39.960655],[-105.087438,39.959981],[-105.087897,39.959929]]]}},{"type":"Feature","properties":{"type":"mixed","acres":285.82,"family1_treatment":"prohibited","family2_treatment":"prohibited","family3_treatment":"prohibited","family4_treatment":"prohibited","slice_id":1275332},"geometry":{"type":"MultiPolygon","coordinates":[[[[-105.089873,39.967201],[-105.089783,39.967248],[-105.087318,39.967239],[-105.087279,39.967109],[-105.087277,39.965293],[-105.089877,39.965269],[-105.089873,39.967201]]],[[[-105.087067,39.965286],[-105.087086,39.96729],[-105.087005,39.967383],[-105.08643,39.967647],[-105.086149,39.967726],[-105.084779,39.967746],[-105.084491,39.967783],[-105.084188,39.967867],[-105.084103,39.967811],[-105.084103,39.967702],[-105.084032,39.967626],[-105.083906,39.967602],[-105.083795,39.967647],[-105.083747,39.967734],[-105.083773,39.967813],[-105.083851,39.967867],[-105.084006,39.967887],[-105.084029,39.967942],[-105.083668,39.968249],[-105.083398,39.968706],[-105.08317,39.969249],[-105.083013,39.969821],[-105.082946,39.970275],[-105.082936,39.970671],[-105.082855,39.970667],[-105.08284,39.972362],[-105.082641,39.972368],[-105.080749,39.972338],[-105.083793,39.966883],[-105.084724,39.965294],[-105.087067,39.965286]],[[-105.08269,39.972361],[-105.082752,39.972361],[-105.082585,39.972359],[-105.08269,39.972361]]],[[[-105.083163,39.969969],[-105.083375,39.969193],[-105.083747,39.968421],[-105.084002,39.968149],[-105.08434,39.967974],[-105.084772,39.967887],[-105.086173,39.967862],[-105.086485,39.967778],[-105.087078,39.967523],[-105.087587,39.967445],[-105.089766,39.967484],[-105.089872,39.967567],[-105.08986,39.972211],[-105.089803,39.972274],[-105.08582,39.97223],[-105.084909,39.972105],[-105.084178,39.971943],[-105.083857,39.9718],[-105.083602,39.971629],[-105.083398,39.97143],[-105.083234,39.971186],[-105.083143,39.970952],[-105.083115,39.970742],[-105.083117,39.970344],[-105.083163,39.969969]]],[[[-105.084648,39.972234],[-105.08581,39.972385],[-105.085835,39.972397],[-105.084555,39.972383],[-105.084648,39.972234]]],[[[-105.072921,39.976271],[-105.071953,39.976803],[-105.071928,39.976841],[-105.071944,39.975236],[-105.072064,39.975158],[-105.072505,39.975119],[-105.073316,39.974801],[-105.074004,39.974732],[-105.074334,39.974607],[-105.074505,39.97446],[-105.074615,39.974256],[-105.074639,39.973535],[-105.074571,39.973387],[-105.074447,39.973264],[-105.074285,39.973172],[-105.07409,39.973114],[-105.072054,39.973069],[-105.07195,39.972959],[-105.071954,39.972283],[-105.076501,39.972304],[-105.076478,39.973686],[-105.075922,39.974601],[-105.075957,39.975165],[-105.073525,39.975381],[-105.072921,39.976271]]],[[[-105.077896,39.993487],[-105.077146,39.99347],[-105.077157,39.993881],[-105.077108,39.993879],[-105.077108,39.99385],[-105.07671,39.993841],[-105.076144,39.993777],[-105.076032,39.993734],[-105.07593,39.993613],[-105.075919,39.993142],[-105.077628,39.993187],[-105.077896,39.993487]]],[[[-105.106191,40.002642],[-105.106286,40.002955],[-105.106307,40.003682],[-105.106275,40.00374],[-105.104732,40.003753],[-105.104734,40.002626],[-105.104571,40.002616],[-105.104565,40.002288],[-105.105384,40.001758],[-105.106078,40.002486],[-105.106191,40.002642]]],[[[-105.073953,39.973261],[-105.074114,39.97329],[-105.07427,39.973364],[-105.074375,39.97346],[-105.074431,39.973573],[-105.07441,39.974213],[-105.074363,39.974337],[-105.074265,39.974449],[-105.074132,39.974531],[-105.073976,39.974579],[-105.073257,39.974645],[-105.072388,39.974985],[-105.072095,39.974995],[-105.071963,39.974929],[-105.071935,39.974887],[-105.071946,39.973371],[-105.071996,39.973303],[-105.072142,39.973253],[-105.073953,39.973261]]],[[[-105.069445,39.979996],[-105.06923,39.979903],[-105.068442,39.979453],[-105.068409,39.979398],[-105.068626,39.979161],[-105.068743,39.978826],[-105.068869,39.978636],[-105.069138,39.978435],[-105.069342,39.978456],[-105.06945,39.978424],[-105.069512,39.978343],[-105.069484,39.978238],[-105.069388,39.978184],[-105.069262,39.97819],[-105.068867,39.978433],[-105.068625,39.978699],[-105.068442,39.979135],[-105.068268,39.979289],[-105.06818,39.9793],[-105.066945,39.978611],[-105.066939,39.978568],[-105.067054,39.97832],[-105.066962,39.977821],[-105.066985,39.977649],[-105.067052,39.977511],[-105.067244,39.977298],[-105.067557,39.977071],[-105.06762,39.976976],[-105.067648,39.976854],[-105.067696,39.976826],[-105.071484,39.976847],[-105.070021,39.977682],[-105.070018,39.97805],[-105.069434,39.979405],[-105.069445,39.979996]]],[[[-105.071749,39.976586],[-105.071676,39.976675],[-105.071544,39.976695],[-105.065395,39.976684],[-105.065179,39.976616],[-105.065052,39.976652],[-105.064997,39.976724],[-105.065002,39.976798],[-105.065057,39.976861],[-105.065147,39.976891],[-105.065409,39.976819],[-105.067393,39.976825],[-105.067455,39.976849],[-105.067461,39.976908],[-105.067401,39.977003],[-105.067042,39.977277],[-105.066825,39.977597],[-105.066781,39.977856],[-105.066873,39.978299],[-105.066826,39.978432],[-105.066733,39.978519],[-105.065965,39.97832],[-105.065071,39.97778],[-105.064687,39.977656],[-105.063987,39.977652],[-105.063853,39.97768],[-105.063569,39.977804],[-105.063356,39.978006],[-105.06328,39.978153],[-105.063251,39.978302],[-105.063232,39.980432],[-105.063149,39.980484],[-105.062365,39.98048],[-105.062365,39.98062],[-105.063145,39.980622],[-105.063219,39.980659],[-105.063212,39.981079],[-105.063112,39.981536],[-105.063131,39.981782],[-105.063196,39.981953],[-105.063304,39.982117],[-105.063647,39.982407],[-105.064008,39.982569],[-105.064398,39.982625],[-105.064811,39.982576],[-105.065177,39.982421],[-105.065844,39.981841],[-105.066031,39.981583],[-105.066099,39.981259],[-105.066024,39.980637],[-105.066076,39.98048],[-105.066189,39.980338],[-105.06635,39.980231],[-105.066539,39.980166],[-105.067238,39.980132],[-105.06754,39.980058],[-105.067777,39.979927],[-105.068227,39.979546],[-105.068313,39.979548],[-105.069354,39.980116],[-105.069764,39.980207],[-105.070394,39.980223],[-105.070454,39.980263],[-105.070461,39.98034],[-105.069105,39.980262],[-105.067017,39.980199],[-105.066186,39.980667],[-105.066901,39.9815],[-105.066252,39.981609],[-105.066064,39.983045],[-105.062359,39.982986],[-105.062368,39.979449],[-105.062391,39.975847],[-105.071754,39.975885],[-105.071749,39.976586]]],[[[-105.06407,39.97778],[-105.064727,39.977807],[-105.064936,39.977877],[-105.065894,39.978448],[-105.066573,39.978629],[-105.066871,39.978747],[-105.068039,39.979386],[-105.068069,39.979445],[-105.067693,39.979799],[-105.06747,39.97993],[-105.067206,39.979995],[-105.066503,39.980033],[-105.066271,39.98011],[-105.066091,39.980222],[-105.065932,39.9804],[-105.065857,39.980589],[-105.065848,39.980736],[-105.065919,39.981326],[-105.06588,39.981495],[-105.065788,39.981659],[-105.06506,39.982312],[-105.064747,39.982442],[-105.064397,39.982482],[-105.063961,39.982398],[-105.063574,39.982164],[-105.063357,39.981892],[-105.063302,39.981736],[-105.063288,39.981574],[-105.063404,39.980939],[-105.06345,39.978201],[-105.063583,39.977987],[-105.063818,39.977838],[-105.06407,39.97778]]],[[[-105.069602,39.981233],[-105.070396,39.980959],[-105.070577,39.980822],[-105.070634,39.98053],[-105.070638,39.980314],[-105.070675,39.980271],[-105.071538,39.980281],[-105.071735,39.980374],[-105.071769,39.980421],[-105.071715,39.983091],[-105.066899,39.983059],[-105.067938,39.982529],[-105.068302,39.981949],[-105.068772,39.981618],[-105.069058,39.981586],[-105.069176,39.98297],[-105.069351,39.982963],[-105.069233,39.981567],[-105.069492,39.981538],[-105.069602,39.981233]]],[[[-105.075727,39.991745],[-105.074759,39.991022],[-105.071837,39.990998],[-105.071839,39.988839],[-105.071904,39.988702],[-105.071907,39.988188],[-105.07184,39.988187],[-105.074787,39.988167],[-105.07476,39.990344],[-105.075881,39.990362],[-105.075863,39.991752],[-105.075727,39.991745]]]]}},{"type":"Feature","properties":{"type":"mixed","acres":1.04,"family1_treatment":"allowed","family2_treatment":"allowed","family3_treatment":"prohibited","family4_treatment":"prohibited","slice_id":1275335},"geometry":{"type":"MultiPolygon","coordinates":[[[[-105.083817,40.00264],[-105.083312,40.002626],[-105.083295,40.002227],[-105.083827,40.002226],[-105.083817,40.00264]]],[[[-105.083834,40.001659],[-105.083828,40.002088],[-105.083295,40.002088],[-105.083295,40.001651],[-105.083834,40.001659]]]]}},{"type":"Feature","properties":{"type":"mixed","acres":56.08,"family1_treatment":"allowed","family2_treatment":"prohibited","family3_treatment":"prohibited","family4_treatment":"prohibited","slice_id":1275338},"geometry":{"type":"MultiPolygon","coordinates":[[[[-105.121315,40.016215],[-105.121397,40.016594],[-105.1217,40.016866],[-105.121685,40.021645],[-105.120572,40.021778],[-105.119636,40.021755],[-105.119645,40.021991],[-105.116999,40.022001],[-105.116992,40.019386],[-105.11739,40.019387],[-105.117702,40.01862],[-105.118091,40.017912],[-105.118284,40.017646],[-105.11921,40.017058],[-105.119403,40.017],[-105.119521,40.01673],[-105.120032,40.016805],[-105.120007,40.017041],[-105.119886,40.017284],[-105.119594,40.017559],[-105.118919,40.0179],[-105.118536,40.018167],[-105.118252,40.018462],[-105.117985,40.018815],[-105.117895,40.018984],[-105.117854,40.019182],[-105.117873,40.019372],[-105.117943,40.019546],[-105.118105,40.019771],[-105.117906,40.019989],[-105.117827,40.020178],[-105.117842,40.020422],[-105.118009,40.020725],[-105.11784,40.021094],[-105.117839,40.021194],[-105.117925,40.021305],[-105.118088,40.021359],[-105.118274,40.021314],[-105.118373,40.021196],[-105.118372,40.021058],[-105.118318,40.020877],[-105.118049,40.020475],[-105.117992,40.020313],[-105.118,40.020186],[-105.118051,40.020064],[-105.118252,40.019885],[-105.118536,40.019993],[-105.118777,40.020044],[-105.119848,40.020022],[-105.12009,40.020058],[-105.120321,40.020137],[-105.120549,40.020276],[-105.120709,40.02044],[-105.120821,40.020653],[-105.120821,40.020792],[-105.120744,40.020899],[-105.120599,40.020973],[-105.120193,40.020962],[-105.120044,40.021004],[-105.119937,40.021127],[-105.119957,40.021275],[-105.120036,40.021351],[-105.120141,40.021391],[-105.120413,40.021374],[-105.120698,40.021269],[-105.120908,40.021089],[-105.121013,40.020897],[-105.121015,40.020674],[-105.120916,40.020439],[-105.120697,40.020169],[-105.12093,40.01984],[-105.12097,40.019667],[-105.120959,40.019508],[-105.120841,40.019257],[-105.120717,40.019129],[-105.120508,40.018985],[-105.120451,40.018844],[-105.120486,40.01875],[-105.120567,40.018681],[-105.120881,40.018611],[-105.12102,40.018515],[-105.121058,40.018361],[-105.120959,40.018221],[-105.120787,40.01816],[-105.120606,40.018184],[-105.120353,40.018328],[-105.12001,40.018427],[-105.119903,40.018522],[-105.119851,40.018629],[-105.11986,40.018784],[-105.119954,40.018915],[-105.12051,40.019162],[-105.120639,40.019264],[-105.120744,40.019407],[-105.120796,40.019577],[-105.120782,40.019752],[-105.120701,40.019919],[-105.12056,40.020061],[-105.120183,40.019934],[-105.119944,40.019889],[-105.118911,40.019913],[-105.118556,40.019846],[-105.118343,40.019738],[-105.11817,40.019579],[-105.118061,40.019376],[-105.118038,40.01917],[-105.118075,40.019013],[-105.118148,40.018876],[-105.11842,40.018522],[-105.118648,40.01829],[-105.119044,40.018009],[-105.119696,40.017678],[-105.119959,40.017462],[-105.120156,40.017162],[-105.120251,40.016771],[-105.12043,40.016744],[-105.120566,40.016815],[-105.120626,40.016907],[-105.120666,40.01712],[-105.12076,40.017209],[-105.120933,40.017224],[-105.121058,40.017144],[-105.121079,40.017034],[-105.120996,40.016887],[-105.121009,40.016728],[-105.120961,40.016638],[-105.120808,40.016581],[-105.120226,40.016617],[-105.120084,40.016234],[-105.120513,40.016153],[-105.121315,40.016215]]],[[[-105.118445,40.016361],[-105.118017,40.016419],[-105.117965,40.016402],[-105.117912,40.016146],[-105.117926,40.015788],[-105.117855,40.015717],[-105.117758,40.015686],[-105.117649,40.015692],[-105.117554,40.01574],[-105.117499,40.015841],[-105.117549,40.016173],[-105.117514,40.016486],[-105.117595,40.016613],[-105.117771,40.016649],[-105.118135,40.016543],[-105.11843,40.016505],[-105.118655,40.016517],[-105.118934,40.016582],[-105.118749,40.017086],[-105.11821,40.017144],[-105.11699,40.017622],[-105.116977,40.014926],[-105.117951,40.014922],[-105.118448,40.015873],[-105.118445,40.016361]]],[[[-105.117644,40.01649],[-105.117672,40.016147],[-105.117624,40.01584],[-105.117667,40.015791],[-105.117742,40.01578],[-105.117817,40.015841],[-105.11779,40.016181],[-105.117846,40.016487],[-105.117796,40.016533],[-105.117699,40.01654],[-105.117644,40.01649]]],[[[-105.118257,40.021154],[-105.118221,40.021224],[-105.118119,40.021265],[-105.118018,40.021244],[-105.117958,40.021179],[-105.11796,40.021111],[-105.118123,40.020795],[-105.118224,40.020955],[-105.118257,40.021154]]],[[[-105.121692,40.015388],[-105.121438,40.015366],[-105.120726,40.015222],[-105.12043,40.015248],[-105.120187,40.015336],[-105.11994,40.015535],[-105.119816,40.015804],[-105.11982,40.015988],[-105.119995,40.016614],[-105.119941,40.016647],[-105.119808,40.01664],[-105.119439,40.01657],[-105.119179,40.015698],[-105.119605,40.015138],[-105.11957,40.014914],[-105.121702,40.014902],[-105.121692,40.015388]]],[[[-105.120127,40.021073],[-105.120555,40.021076],[-105.120837,40.020992],[-105.120736,40.021113],[-105.120597,40.021208],[-105.120242,40.021304],[-105.120135,40.021291],[-105.120058,40.021221],[-105.120059,40.021138],[-105.120127,40.021073]]],[[[-105.120762,40.018248],[-105.120916,40.018318],[-105.120943,40.018386],[-105.120926,40.018458],[-105.120835,40.018529],[-105.120597,40.018563],[-105.120447,40.018636],[-105.120353,40.018751],[-105.120315,40.018934],[-105.120263,40.018949],[-105.120137,40.018909],[-105.119999,40.018808],[-105.119964,40.018657],[-105.120057,40.018518],[-105.120394,40.018419],[-105.120649,40.01827],[-105.120762,40.018248]]],[[[-105.120796,40.017109],[-105.120713,40.016817],[-105.120618,40.016723],[-105.120628,40.016691],[-105.120806,40.016673],[-105.120879,40.016707],[-105.120876,40.016883],[-105.120959,40.017055],[-105.120941,40.017115],[-105.120865,40.01714],[-105.120796,40.017109]]]]}},{"type":"Feature","properties":{"type":"mixed","acres":85.89,"family1_treatment":"allowed","family2_treatment":"allowed","family3_treatment":"prohibited","family4_treatment":"prohibited","slice_id":1275343},"geometry":{"type":"MultiPolygon","coordinates":[[[[-105.0808,40.001489],[-105.079357,40.001506],[-105.079088,40.001341],[-105.079275,40.001205],[-105.079484,40.000967],[-105.079643,40.000695],[-105.079756,40.000309],[-105.07992,40.000308],[-105.07988,40.0005],[-105.079725,40.000869],[-105.079488,40.001199],[-105.082556,40.001197],[-105.082559,40.001479],[-105.081632,40.001474],[-105.081632,40.001431],[-105.081565,40.001382],[-105.080939,40.001403],[-105.0808,40.001489]]],[[[-105.079924,40.000308],[-105.079924,40.000308],[-105.07992,40.000308],[-105.079924,40.000308]]],[[[-105.08267,40.002095],[-105.082929,40.00222],[-105.083294,40.002241],[-105.082671,40.002251],[-105.08267,40.002095]]],[[[-105.08314,40.00143],[-105.083173,40.001416],[-105.083215,40.00165],[-105.083295,40.001651],[-105.083295,40.002074],[-105.082917,40.002061],[-105.082816,40.001999],[-105.082762,40.001913],[-105.082751,40.001198],[-105.083187,40.001199],[-105.083183,40.001343],[-105.08314,40.001344],[-105.08314,40.00143]]],[[[-105.099866,39.984992],[-105.099861,39.98677],[-105.098902,39.986758],[-105.098982,39.985267],[-105.098968,39.984975],[-105.099866,39.984992]]],[[[-105.107874,40.006332],[-105.107877,40.007475],[-105.107514,40.007477],[-105.107538,40.006332],[-105.107874,40.006332]]],[[[-105.107686,40.005627],[-105.10768,40.003495],[-105.108403,40.003468],[-105.108414,40.00618],[-105.10754,40.006184],[-105.107543,40.005933],[-105.107613,40.005929],[-105.107634,40.005623],[-105.107686,40.005627]],[[-105.10769,40.005938],[-105.107692,40.005937],[-105.107686,40.00594],[-105.10769,40.005938]]],[[[-105.108043,40.007474],[-105.108068,40.007474],[-105.108072,40.007023],[-105.109883,40.007011],[-105.109889,40.007482],[-105.108043,40.007474]]],[[[-105.10807,40.006877],[-105.108068,40.006332],[-105.109875,40.006332],[-105.109882,40.006876],[-105.10807,40.006877]]],[[[-105.109874,40.006176],[-105.108613,40.006176],[-105.108611,40.005621],[-105.109873,40.005617],[-105.109874,40.006176]]],[[[-105.108613,40.005489],[-105.108604,40.003921],[-105.109319,40.003921],[-105.109328,40.005492],[-105.108613,40.005489]]],[[[-105.10932,40.00319],[-105.109316,40.003776],[-105.108598,40.003777],[-105.1086,40.00342],[-105.10932,40.00319]]],[[[-105.109528,40.005489],[-105.109516,40.003921],[-105.109866,40.003918],[-105.10987,40.003774],[-105.109873,40.00549],[-105.109528,40.005489]]],[[[-105.116036,40.000946],[-105.114689,40.001088],[-105.11455,40.001136],[-105.114569,40.000324],[-105.116298,40.000323],[-105.116238,40.000381],[-105.115685,40.000374],[-105.11525,40.000478],[-105.11517,40.000449],[-105.115151,40.000373],[-105.115074,40.000373],[-105.11506,40.000472],[-105.115001,40.000511],[-105.114912,40.000515],[-105.11491,40.000586],[-105.115138,40.000582],[-105.115724,40.000462],[-105.116349,40.000458],[-105.11642,40.000406],[-105.116431,40.000323],[-105.117712,40.000326],[-105.116036,40.000946]]],[[[-105.115173,39.999428],[-105.115159,39.999914],[-105.115218,40.000008],[-105.115346,40.000067],[-105.114804,40.000071],[-105.114807,39.999291],[-105.115173,39.999428]]],[[[-105.115667,39.99736],[-105.115645,39.998788],[-105.115708,39.998868],[-105.115815,39.998915],[-105.116235,39.99891],[-105.116298,39.998934],[-105.116318,39.999242],[-105.11626,39.999305],[-105.115373,39.99932],[-105.115255,39.999353],[-105.115105,39.999254],[-105.115103,39.999072],[-105.115284,39.999069],[-105.115347,39.997363],[-105.115667,39.99736]]],[[[-105.115754,39.999429],[-105.115832,39.999486],[-105.115834,39.999863],[-105.115809,39.999911],[-105.115741,39.999944],[-105.115306,39.999924],[-105.115284,39.999883],[-105.115301,39.999456],[-105.115363,39.99943],[-105.115754,39.999429]]],[[[-105.115958,39.999498],[-105.116033,39.999427],[-105.116205,39.999425],[-105.116273,39.999466],[-105.116273,40.000061],[-105.115678,40.000065],[-105.115854,40.000011],[-105.11595,39.999915],[-105.115958,39.999498]]],[[[-105.117033,39.997733],[-105.117114,39.997795],[-105.117092,39.998249],[-105.116445,39.9983],[-105.116326,39.998417],[-105.116317,39.998728],[-105.116293,39.99877],[-105.115882,39.998802],[-105.115808,39.998768],[-105.115817,39.997809],[-105.115839,39.997764],[-105.1159,39.997736],[-105.117033,39.997733]]],[[[-105.117914,39.997701],[-105.117861,39.997634],[-105.117757,39.997602],[-105.115888,39.997611],[-105.115829,39.997567],[-105.115827,39.997359],[-105.117957,39.997352],[-105.117969,39.997674],[-105.117914,39.997701]]],[[[-105.116382,39.999473],[-105.116426,39.999484],[-105.116422,40.000003],[-105.116382,39.999473]]],[[[-105.117031,39.998394],[-105.117115,39.998452],[-105.117104,39.999249],[-105.117028,39.999292],[-105.116507,39.99929],[-105.116478,39.999252],[-105.116486,39.998434],[-105.11655,39.998399],[-105.117031,39.998394]]],[[[-105.117751,39.997674],[-105.117824,39.997718],[-105.117762,39.997779],[-105.117681,39.997733],[-105.117698,39.99769],[-105.117751,39.997674]]],[[[-105.128005,40.020983],[-105.128029,40.020964],[-105.128027,40.020823],[-105.127846,40.020659],[-105.12784,40.020346],[-105.128607,40.020347],[-105.128611,40.020981],[-105.128005,40.020983]]],[[[-105.136014,39.994299],[-105.133788,39.995124],[-105.133718,39.995085],[-105.133569,39.994851],[-105.133489,39.994659],[-105.133297,39.994557],[-105.133114,39.994544],[-105.132916,39.994591],[-105.13165,39.995107],[-105.131572,39.995068],[-105.131256,39.994617],[-105.130919,39.994273],[-105.130803,39.994334],[-105.130635,39.994286],[-105.128114,39.994239],[-105.128115,39.994133],[-105.137182,39.994162],[-105.137351,39.994356],[-105.137327,39.998652],[-105.137049,39.998585],[-105.136741,39.998414],[-105.136477,39.998341],[-105.136251,39.998222],[-105.134547,39.999273],[-105.134461,39.999391],[-105.13436,39.999642],[-105.134201,39.999878],[-105.134023,39.999985],[-105.133951,39.999922],[-105.133951,39.99965],[-105.134071,39.99913],[-105.134065,39.998874],[-105.134112,39.998742],[-105.135255,39.998207],[-105.136213,39.997846],[-105.136381,39.997697],[-105.136411,39.997592],[-105.136396,39.997468],[-105.136188,39.997088],[-105.136217,39.99705],[-105.136476,39.996942],[-105.136624,39.996813],[-105.136706,39.996647],[-105.136717,39.99649],[-105.136661,39.99633],[-105.136193,39.995557],[-105.136226,39.995511],[-105.137021,39.995211],[-105.137098,39.995146],[-105.137144,39.995045],[-105.137132,39.994948],[-105.137067,39.99486],[-105.13693,39.99479],[-105.136774,39.994765],[-105.136515,39.99439],[-105.13639,39.994313],[-105.136251,39.994278],[-105.136014,39.994299]]],[[[-105.133201,39.994667],[-105.133366,39.994746],[-105.133585,39.99505],[-105.133566,39.995136],[-105.132109,39.995738],[-105.132017,39.995705],[-105.13173,39.995293],[-105.131765,39.995207],[-105.133019,39.994685],[-105.133201,39.994667]]],[[[-105.134958,39.995432],[-105.132534,39.996366],[-105.132418,39.996322],[-105.132176,39.995942],[-105.132228,39.995867],[-105.1346,39.994967],[-105.134679,39.994973],[-105.134956,39.995384],[-105.134958,39.995432]]],[[[-105.13247,39.996539],[-105.132554,39.996717],[-105.132443,39.996534],[-105.13247,39.996539]]],[[[-105.134093,39.996164],[-105.132758,39.996687],[-105.132667,39.996669],[-105.13256,39.996502],[-105.132593,39.996427],[-105.133896,39.995936],[-105.134002,39.995965],[-105.134097,39.996122],[-105.134093,39.996164]]],[[[-105.132775,39.996845],[-105.132817,39.996778],[-105.134164,39.996273],[-105.134257,39.996311],[-105.134508,39.996734],[-105.134466,39.996799],[-105.133119,39.997301],[-105.133026,39.997261],[-105.132775,39.996845]]],[[[-105.134883,39.997402],[-105.133531,39.997917],[-105.13346,39.997917],[-105.13328,39.997675],[-105.133172,39.997493],[-105.133173,39.997446],[-105.134524,39.996918],[-105.13464,39.996937],[-105.134899,39.997341],[-105.134883,39.997402]]],[[[-105.134071,39.998613],[-105.133999,39.998615],[-105.133834,39.998549],[-105.133563,39.998117],[-105.133578,39.998043],[-105.135943,39.997152],[-105.136043,39.997178],[-105.136226,39.997468],[-105.13624,39.997626],[-105.136137,39.997745],[-105.135117,39.998125],[-105.134071,39.998613]]],[[[-105.133942,39.998922],[-105.13395,39.999078],[-105.133831,39.999585],[-105.133883,39.999099],[-105.133925,39.999039],[-105.133917,39.998928],[-105.133942,39.998922]]],[[[-105.135004,40.000989],[-105.134926,40.001055],[-105.134422,40.001057],[-105.134135,40.001098],[-105.13401,40.000946],[-105.133983,40.000739],[-105.135005,40.000735],[-105.135004,40.000989]]],[[[-105.136782,39.994885],[-105.136907,39.99489],[-105.136996,39.994953],[-105.137016,39.995043],[-105.136951,39.995127],[-105.134404,39.996085],[-105.134311,39.996061],[-105.134214,39.995912],[-105.134218,39.995861],[-105.13426,39.995828],[-105.136782,39.994885]]],[[[-105.135976,39.995612],[-105.136056,39.995648],[-105.136305,39.996046],[-105.136275,39.99612],[-105.134732,39.996692],[-105.134647,39.996658],[-105.134395,39.996253],[-105.134435,39.996184],[-105.135976,39.995612]]],[[[-105.136349,39.996235],[-105.136444,39.996266],[-105.13653,39.996408],[-105.13656,39.996546],[-105.136496,39.996733],[-105.136297,39.996884],[-105.135121,39.997319],[-105.135041,39.997285],[-105.134792,39.996887],[-105.134827,39.996805],[-105.136349,39.996235]]],[[[-105.135167,40.000734],[-105.135819,40.000754],[-105.13646,40.001249],[-105.136315,40.001352],[-105.136039,40.00136],[-105.135666,40.001157],[-105.135225,40.001055],[-105.13517,40.001012],[-105.135167,40.000734]]],[[[-105.136138,39.9944],[-105.136294,39.994414],[-105.136415,39.994494],[-105.136599,39.994785],[-105.136572,39.994848],[-105.135227,39.995354],[-105.135156,39.995363],[-105.135101,39.995332],[-105.134857,39.994948],[-105.134875,39.994867],[-105.136138,39.9944]]],[[[-105.136201,40.001467],[-105.136295,40.001535],[-105.136253,40.00162],[-105.136093,40.001505],[-105.136201,40.001467]]],[[[-105.136967,40.001485],[-105.136931,40.001544],[-105.13695,40.001601],[-105.137279,40.001855],[-105.136982,40.002104],[-105.136919,40.00212],[-105.136696,40.001966],[-105.136446,40.00166],[-105.136438,40.001469],[-105.136684,40.00125],[-105.136967,40.001485]]],[[[-105.137092,40.002273],[-105.137097,40.002192],[-105.137379,40.001954],[-105.137587,40.002124],[-105.137668,40.00214],[-105.137706,40.00224],[-105.138027,40.002486],[-105.137741,40.002689],[-105.13766,40.002702],[-105.137092,40.002273]]],[[[-105.138515,40.003421],[-105.138447,40.003394],[-105.13826,40.003181],[-105.137841,40.002844],[-105.13786,40.002775],[-105.138133,40.002578],[-105.138459,40.002822],[-105.138632,40.002837],[-105.138622,40.002949],[-105.138966,40.003215],[-105.138704,40.003418],[-105.138515,40.003421]]],[[[-105.138568,40.003548],[-105.138637,40.003581],[-105.13856,40.003641],[-105.138481,40.003565],[-105.138568,40.003548]]]]}},{"type":"Feature","properties":{"type":"mixed","acres":103.61,"family1_treatment":"allowed","family2_treatment":"allowed","family3_treatment":"allowed","family4_treatment":"allowed","slice_id":1275347},"geometry":{"type":"MultiPolygon","coordinates":[[[[-105.072125,39.993782],[-105.07209,39.993726],[-105.072092,39.991762],[-105.072163,39.991687],[-105.073974,39.991725],[-105.074464,39.991809],[-105.074861,39.991987],[-105.075424,39.992368],[-105.075475,39.992493],[-105.07563,39.992626],[-105.075692,39.992725],[-105.075695,39.993528],[-105.075623,39.99367],[-105.075483,39.993751],[-105.075014,39.993787],[-105.072742,39.993744],[-105.072125,39.993782]]],[[[-105.075633,39.992222],[-105.07544,39.992167],[-105.074883,39.991791],[-105.074393,39.991611],[-105.07398,39.991555],[-105.072162,39.991507],[-105.072093,39.991441],[-105.072092,39.991032],[-105.071986,39.991011],[-105.074759,39.991022],[-105.076064,39.991996],[-105.075755,39.991766],[-105.07599,39.991941],[-105.075744,39.9922],[-105.075633,39.992222]]],[[[-105.079614,40.001044],[-105.079756,40.000815],[-105.079818,40.000683],[-105.079866,40.000547],[-105.07992,40.000308],[-105.081491,40.000308],[-105.081499,40.000656],[-105.08129,40.000658],[-105.081291,40.000698],[-105.0815,40.000698],[-105.081501,40.001036],[-105.079614,40.001044]]],[[[-105.080899,39.97314],[-105.081309,39.972344],[-105.082641,39.972368],[-105.082635,39.973314],[-105.082725,39.973488],[-105.083174,39.973968],[-105.080911,39.975271],[-105.080984,39.975404],[-105.081097,39.975438],[-105.081185,39.97542],[-105.081248,39.975364],[-105.081253,39.975268],[-105.081328,39.975224],[-105.081867,39.975794],[-105.082099,39.975903],[-105.084499,39.97592],[-105.084499,39.976026],[-105.079109,39.975993],[-105.079738,39.975088],[-105.080899,39.97314]]],[[[-105.084039,39.973678],[-105.084329,39.973689],[-105.084601,39.973866],[-105.084571,39.9758],[-105.082095,39.97578],[-105.081983,39.975721],[-105.08145,39.975154],[-105.084039,39.973678]]],[[[-105.085289,39.975918],[-105.085606,39.975845],[-105.085948,39.975627],[-105.08658,39.974781],[-105.086627,39.974753],[-105.087825,39.975272],[-105.088088,39.975335],[-105.088345,39.975351],[-105.088326,39.976055],[-105.084584,39.976027],[-105.084588,39.975919],[-105.085289,39.975918]]],[[[-105.084588,39.975803],[-105.084618,39.973869],[-105.086473,39.97468],[-105.086469,39.974725],[-105.085894,39.975513],[-105.085688,39.975684],[-105.085503,39.975765],[-105.085282,39.9758],[-105.084588,39.975803]],[[-105.084822,39.974609],[-105.084822,39.974608],[-105.084828,39.974602],[-105.084822,39.974609]]],[[[-105.096494,39.959476],[-105.098037,39.959532],[-105.099933,39.959013],[-105.099933,39.959065],[-105.099958,39.959064],[-105.099893,39.961604],[-105.090828,39.961624],[-105.090843,39.960047],[-105.094681,39.960009],[-105.094908,39.959819],[-105.095707,39.959843],[-105.096494,39.959476]]]]}},{"type":"Feature","properties":{"type":"mixed","acres":59.95,"family1_treatment":"allowed","family2_treatment":"allowed","family3_treatment":"allowed","family4_treatment":"allowed","slice_id":1275352},"geometry":{"type":"MultiPolygon","coordinates":[[[[-105.08586,39.986995],[-105.085901,39.987441],[-105.085856,39.987477],[-105.08586,39.986995]]],[[[-105.101142,40.006215],[-105.10127,40.006178],[-105.101354,40.006043],[-105.102665,40.006033],[-105.102665,40.007461],[-105.098026,40.007462],[-105.09805,40.006232],[-105.101142,40.006215]]],[[[-105.100851,40.002527],[-105.101116,40.002763],[-105.101223,40.002977],[-105.101177,40.003021],[-105.100888,40.003029],[-105.100789,40.003079],[-105.10076,40.003134],[-105.100762,40.003454],[-105.100865,40.00354],[-105.101198,40.003544],[-105.101245,40.00358],[-105.101245,40.003836],[-105.100398,40.003841],[-105.100395,40.002939],[-105.100851,40.002527]]],[[[-105.100917,40.003131],[-105.1012,40.003115],[-105.101244,40.003148],[-105.101245,40.003398],[-105.101201,40.003433],[-105.100915,40.003419],[-105.100917,40.003131]]],[[[-105.101203,40.006044],[-105.101173,40.006101],[-105.101148,40.006115],[-105.10115,40.006044],[-105.101203,40.006044]]],[[[-105.106355,40.008687],[-105.106426,40.008827],[-105.106616,40.008963],[-105.10646,40.00893],[-105.106368,40.008799],[-105.106355,40.008687]]],[[[-105.107507,40.009416],[-105.106538,40.008803],[-105.106465,40.00869],[-105.106473,40.008568],[-105.106813,40.008009],[-105.106889,40.007704],[-105.107513,40.0077],[-105.107507,40.009416]]],[[[-105.116264,39.988176],[-105.116439,39.988223],[-105.116535,39.988352],[-105.116524,39.989912],[-105.116603,39.990107],[-105.116705,39.990188],[-105.116835,39.990238],[-105.117207,39.990256],[-105.11743,39.990201],[-105.117629,39.990029],[-105.118122,39.99004],[-105.118214,39.989939],[-105.118179,39.989795],[-105.11818,39.989462],[-105.118274,39.989294],[-105.118255,39.989229],[-105.118178,39.989169],[-105.118012,39.989168],[-105.117921,39.98926],[-105.117928,39.989338],[-105.118009,39.989451],[-105.117994,39.989856],[-105.117908,39.989897],[-105.117694,39.989896],[-105.11763,39.989847],[-105.117631,39.989168],[-105.117477,39.98889],[-105.117484,39.987147],[-105.117556,39.987078],[-105.118576,39.98707],[-105.118562,39.990567],[-105.116159,39.990582],[-105.116159,39.990478],[-105.116113,39.990478],[-105.116133,39.988182],[-105.116264,39.988176]]],[[[-105.117247,39.988475],[-105.117311,39.988523],[-105.117312,39.988922],[-105.117464,39.989182],[-105.117456,39.989958],[-105.11739,39.990059],[-105.117286,39.990113],[-105.116888,39.990116],[-105.116757,39.99005],[-105.116693,39.98993],[-105.116706,39.988514],[-105.116766,39.988471],[-105.117247,39.988475]]],[[[-105.125177,40.011056],[-105.128181,40.011059],[-105.12818,40.011256],[-105.128094,40.011325],[-105.127003,40.011328],[-105.126829,40.011257],[-105.126703,40.01129],[-105.126649,40.011356],[-105.126651,40.01143],[-105.126702,40.011493],[-105.126796,40.011528],[-105.126892,40.01152],[-105.127002,40.01146],[-105.127903,40.011457],[-105.127904,40.011743],[-105.126869,40.011745],[-105.126472,40.012132],[-105.126474,40.012678],[-105.126369,40.012624],[-105.12631,40.012519],[-105.126227,40.012483],[-105.126078,40.012507],[-105.126006,40.012605],[-105.126025,40.012679],[-105.126092,40.012734],[-105.126277,40.012744],[-105.126853,40.013021],[-105.127385,40.013193],[-105.127417,40.013473],[-105.127465,40.013618],[-105.127754,40.014009],[-105.12782,40.014144],[-105.127848,40.014439],[-105.12781,40.014482],[-105.125191,40.014487],[-105.125177,40.011056]]],[[[-105.129022,40.011845],[-105.130809,40.011852],[-105.130818,40.012684],[-105.130023,40.012699],[-105.129306,40.012924],[-105.129147,40.012933],[-105.129,40.012899],[-105.12882,40.012799],[-105.128694,40.012652],[-105.1286,40.012206],[-105.128384,40.011801],[-105.128719,40.01179],[-105.129022,40.011845]]],[[[-105.128033,39.99814],[-105.128604,39.998139],[-105.128649,39.998183],[-105.128655,39.998314],[-105.128734,39.998314],[-105.128696,39.997873],[-105.128616,39.997873],[-105.128618,39.998015],[-105.128559,39.998066],[-105.128035,39.998073],[-105.128027,39.997317],[-105.128192,39.997213],[-105.128239,39.997107],[-105.130161,39.998836],[-105.130483,39.999251],[-105.130707,39.999716],[-105.130443,39.999993],[-105.129221,39.999989],[-105.129218,39.999919],[-105.129286,39.999885],[-105.129481,39.999961],[-105.129976,39.999943],[-105.130456,39.999478],[-105.130487,39.999417],[-105.13047,39.999354],[-105.130209,39.998993],[-105.130082,39.998963],[-105.129871,39.999013],[-105.129275,39.998653],[-105.12927,39.998604],[-105.12942,39.998457],[-105.129498,39.998449],[-105.129593,39.998501],[-105.129637,39.998455],[-105.129522,39.998369],[-105.129473,39.99825],[-105.129406,39.998255],[-105.129374,39.998388],[-105.129197,39.99858],[-105.129197,39.998668],[-105.129835,39.999072],[-105.129865,39.999136],[-105.129098,39.999918],[-105.129069,39.999989],[-105.129076,39.99834],[-105.128027,39.998335],[-105.128033,39.99814]]],[[[-105.129935,39.999188],[-105.130022,39.999044],[-105.130158,39.999045],[-105.130399,39.999381],[-105.130394,39.999435],[-105.129942,39.999885],[-105.129527,39.999901],[-105.129369,39.999837],[-105.129362,39.999768],[-105.129935,39.999188]]]]}}]}